date,keyword,country,total_raw,total_filtered,excluded_count,total_companies,new_company_count,new_companies,all_companies,top_states
2026-04-17,Varonis,us,491,447,44,47,,,"AgreeYa Solutions; American Institutes for Research; Amicis Global; Analog Devices; Athenix Solutions Group; Athenix Solutions Group, LLC; BerkOne; Booz Allen Hamilton; Brown Investment Advisory & Trust; Deloitte; East West Bank; Ensono; Fidelity National Financial, Inc.; Genesis10; Gpac; GuidePoint Security; HD Supply; HD Supply Management; Insight Global; Kentro; MSP Hire, Inc.; Morgan Stanley; New York Life Insurance Co; Nth Generation; Openkyber; PROLIM Corporation; PROLIM Global Corporation; PT78; Platinum Technologies; RGA; Regent University; Republic Services; Rivago infotech inc; SHI; SHI GmbH; SHI International; SMBC; SPHERE Technology Solutions; SPS Consulting, LLC; Sharp Decisions; SourcePro Search; Staples; Stellent IT LLC; TE Connectivity; Verathon, Inc.; VeridianTech; ZOLL Medical",Florida:26; Virginia:24; Ohio:21; New York:20; Pennsylvania:19; North Carolina:17; New Jersey:17; Tennessee:16; Georgia:12; Massachusetts:12
2026-04-17,Varonis,us,492,448,44,47,0,,"AgreeYa Solutions; American Institutes for Research; Amicis Global; Analog Devices; Athenix Solutions Group; Athenix Solutions Group, LLC; BerkOne; Booz Allen Hamilton; Brown Investment Advisory & Trust; Deloitte; East West Bank; Ensono; Fidelity National Financial, Inc.; Genesis10; Gpac; GuidePoint Security; HD Supply; HD Supply Management; Insight Global; Kentro; MSP Hire, Inc.; Morgan Stanley; New York Life Insurance Co; Nth Generation; Openkyber; PROLIM Corporation; PROLIM Global Corporation; PT78; Platinum Technologies; RGA; Regent University; Republic Services; Rivago infotech inc; SHI; SHI GmbH; SHI International; SMBC; SPHERE Technology Solutions; SPS Consulting, LLC; Sharp Decisions; SourcePro Search; Staples; Stellent IT LLC; TE Connectivity; Verathon, Inc.; VeridianTech; ZOLL Medical",
2026-04-17,Dynatrace,us,1000,955,45,336,,,"2K; 3A Soft Inc; 3Core Systems, Inc; ACI Infotech; ACS Consultancy Services; ADP; ASCENDING; ASM Research, An Accenture Federal Services Company; AT&T; Aasritha infotech Inc; Abidi Group LLC; Academy; Accenture; Accenture Federal Services; AceStack LLC; Ahead; Akaasa Technologies; Alexa Systems; Algo Soft Solutions LLC; Amatriot Group; American Airlines; American Express; American Technology Consulting; Ampcus Inc; Anagh Technology; ApTask; Apex Systems; Apexon; Apolis; Apptad Inc; Arena Technical Resources; Ascera; Autodesk; Avtech Solutions; BCforward; Bank of America; Berkley; Best Buy; Beth Page tech; Blue Ribbon Global Technologies; Booz Allen Hamilton; Brilliant Infotech Inc; C4 Technical Services; CBTS; CGI; CGI Technologies and Solutions, Inc.; CTC USA, LLC; CTG; CVS Health; Canoo Technologies; Cardinal Health; CareFirst; Celer Soft LLC; Chandra Technologies, Inc.; Chase; Citigroup; ClearBridge Technology Group; Cloud and Things; Cloudious LLC; Cognizant; Collabera LLC; Concept Plus; ConnectedX, Inc.; Converge; Corning Incorporated; Corpay; CrewBloom; Cynet Systems; Cystems Logic; DB Orlando- NJ; DTCC; DXC Technology; Dana-Farber Cancer Institute; Daten Technology Solutions; Deutsche Bank; Digital Dhara LLC; Document Storage Systems Inc; Dunhill Professional Search; Dutech Systems; E-Solutions INC; E-Solutions, Inc.; EPAM Systems; ESRhealthcare and EXEC STAFF RECRUITERS; EVEREST CONSULTING GROUP, INC; Eagle Eye Technologies; EchoStar; Econosoft; EdHike LLC; Edge Global; EdgeVerve Systems Limited; Ekcel Technologies Inc; Eliassen Group; Essel; Estaff LLC; Eversource Energy; Evoke Technologies; FIS Capital Markets; FM; FedEx Office; First Horizon Bank; First National Bank of Omaha; First Soft Solutions; Fiserv; Ford Motor; Ford Motor Company; Foundation Software; Fourways Consulting Services; FreedomPay; Fusion HCR; GD Information Technology; GRT Corporation; Gallup; General Dynamics Information Technology; Genesis10; Genius Road; Genius Road, LLC; Genuine Parts Company; Glint Tech Solutions LLC; Goldenpick Technologies; GovCIO; Government Systems Technologies Inc. ; GreyCell Labs, Inc; H R PUNDITS INC; HERS Advisors; HPTech Inc.; HTC Global Services Inc; HUMAC INC.; Harvey Nash; Healthfirst Corporation; Hexacorp; Hexaware; Hirekeyz Inc; HonorVet Technologies; Humana; Huntington National Bank; INFT Solutions inc; INSPYR Solutions; IO Datasphere; ISR Info Way, Inc.; ITCAPS LLC; Infinite Computer Solutions ; Info Dinamica Inc; Innova Solutions, Inc; Insight Global; Intellect Quest LLC; Intercontinental Exchange ; JBA International; JC CORPORATIONS; JC Corporations Inc; JPMorgan Chase; JPMorgan Chase & Co.; JPMorgan Chase Bank, N.A.; JPMorganChase; Judge Group, Inc.; K Anand Corporation; KAISER; KPG 99 Inc.; Kairos; Kaiser Permanente; Kforce Technology Staffing; Kohls; Laiba Technologies LLC; Link Technologies; Lockheed Martin Corporation; Lorven Technologies; Lorven Technologies, Inc.; MARS Solutions Group; MUFG; Maania Consultancy Services; Manpower/itec; ManpowerGroup; Marriott; Marriott Hotels Resorts; Marriott International; Marvica Technologies LLC; Mastech Digital; Mastercard; Merican Inc; MetLife; Miracle Software Systems, Inc.; Mitsubishi UFJ Financial Group; Modern Government Solutions; Motion Recruitment Partners; Motion Recruitment Partners, LLC; NIKE; NasTech Global, Inc.; Net Orbit Inc; Network Designs; Network Designs Inc.; New Age Software Services Corporation; Newt Global; Nike; Nisum; Nobl Q, LLC.; NoblQ INC; Noblesoft Technologies; Noblis; Nuvei; Obsidian Solutions Group; Office Depot; Okaya Inc; Omm IT Solutions; OneBlood; Openkyber; Orasi Software; Otter Base; PNC; PTR Global; Paladin Consulting, Inc.; Palnar; Park Computer Systems, Inc; Parts Town; Penske Truck Leasing; PeopleNTech; Photon; Photon Group; Pi-Square Technologies LLC; Plexus Worldwide; Prabhav Services Inc; Prospect Infosystem Inc; Purple Drive Technologies LLC; Qode; QualiTest; Qualtrix Consulting; Quest Diagnostics; RICEFW Technologies Inc; RSA Career; Raag Solutions; RaceTrac; Randstad Digital Manual LLC; Raymond James; Raymond James Financial, Inc.; Redolent; Resource Point LLC; Reveille Technologies; Riptide Technology; S3; S3 Connections LLC; SAIC; SANS; SAP; SHI; SOHO Square Solutions; SRI Tech Solutions Inc; SS&C; Saransh Inc; Scalable Systems; Sharpedge Solutions; Sherwin-Williams; Shrive Technologies LLC; Software Guidance & Assistance; Source Mantra Inc; SourcePro Search; Spadtek Solutions LLC; Spiceorb; Stafford Technology; State Street; Stefanini; Stefanini Group; Sumeru Solutions; Symphony Corporation; Sysmind, LLC; System One; T. Rowe Price; TECH Tammina; TECHNEPTUNE CONSULTING INC; TEKsystems c/o Allegis Group; Talent Groups; Talent Search PRO; Taproot Solutions; Tech3pillars Technologies; TechAffinity Inc; Techno Talent Inc.; TechnoGen Inc; Technogen, Inc.; Techstra Solutions; TekLeaders, Inc; TekShapers; TekisHub Consulting Services; The Cigna Group; The Computer Merchant, LTD.; The Hartford; The Timberline Group; Thin Technologies; Tixy Services LLC; Toyota Motor North America; Tranzeal, Inc.; Trilux Tech LLC; Trinity Technology Solutions LLC; Triune Infomatics Inc; TrueHire Staffing LLC; Truist; Truist Bank; Two95 International Inc.; US Tech Solutions; Uline; Unissant, Inc.; United Airlines; UnitedHealth Group; Universal Music; V-CENTRIX-US LLC; V2Soft; VAK Consulting LLC; VCS Digital LLC; VDart Inc; VDart, Inc.; VSG Business Solutions LLC; Vega Consulting Solutions; VeridianTech; Vertical Relevance; Virtusa; Vish Consulting IT; Vivint; Walmart; Webilent Technology, Inc.; Wells Fargo; Western Alliance Bank; Western Union; Whiztek Corp; Widescope Consulting and Contracting Services; Windward Consulting; Worldwide Insurance Services; Xceed Technologies; York Solutions, LLC; ZODHA SOLUTIONS; Zealogics; Zealogics.com; Zen & Art; Zettalogix INC; Zillion Technologies; eStaffLLC; iFusion Inc.; iSpace, Inc; investor.accenture; rockITdata; thehivecareers.co",
2026-04-17,LiveRamp,us,353,217,136,62,,,"247Hire; Accenture; Acxiom; Adstra; Affinity Solutions; Albertsons; Amazon; Ankura; Arbital Health; Attain; Bausch + Lomb; Best Buy; Blend360; Bombora; BranchLab; Capgemini; Cognitiv; Colgate-Palmolive; Colgate-Palmolive Company; Comulate; DivIHN Integration Inc; Dollar General; DraftKings; EDO; EchoStar; Fractional AI; GDH; GM; Gartner; General Motors; Georgia IT; Gilead Sciences; HMG America; Hilton; Integral Ad Science; Lumiere Systems; Marriott; Marriott Hotels Resorts; McAfee, Inc.; NBC Universal; NBCUniversal; OrangePeople; Rational 360; Redi-Mail / RediData; Samba; Sanofi; Sanofi Group; Shaper Capital; Snowflake; Spectrum Science; Take-Two Interactive Software; Take-Two Interactive Software, Inc.; The New York Times; Tinuiti; Unilever; Universal Orlando; VRK IT Vision Inc; Vibe; Warner Bros. Discovery; Wells Fargo; Wells Fargo Bank; dentsu",
2026-04-17,nCino,us,684,684,0,137,,,"147064 Fountain Mortgage; 1St Community Federal Credit Union; Accenture; Ag Jobs; AgWest Farm Credit; Amerant Bank; Amerantbank; American Pacific Mortgage; American Recruiting & Consulting Group; Apex Systems; Aston Carter; Atlantic Coast Mortgage; Atlantic Union Bank Careers; Axos Bank; B1Bank; BCforward; Banc of California; Banesco Usa; Bank of Clarke; BankNewport; BankPlus; BankUnited; Bisnow; Bridgewater Bank; Bundoran Group; Busey Bank; Byline Bank; CCU; CalPrivate Bank; Cathay Bank; Centennial Bank; Charlesbridge; City National Bank; City National Bank of Florida; Coastal States Bank; Cognizant; Columbia Bank; Commonwealth Business Bank; ConnectOne Bank; Cornerstone Capital Bank; Customers Bank; DX Foundation; Dickinson Financial Corporation; E-Solutions; Earthmover Credit Union; Eastern Bank; Eliassen Group; Elwood Staffing; Endeavor Bank; Evergreen Openings; Extractable; FCS Financial, ACA; FNBO; Farm Credit Mid-America; Fifth Third Bank; Fifth Third Bank, N.A.; First Financial Bank; First Horizon; First Horizon Bank; First Internet Bank; First National Bank Of Pennsylvania; First National Bank of Omaha; Five Star Bank, Ca; Fortis Bank; Fulton Bank; Futran Tech Solutions Pvt. Ltd.; GalaxEsystems; Genesis Capital; Georgia's Own Credit Union; Glens Falls National Bank And Trust Co; GreenState Credit Union; Greenfield Savings; Greenfield Savings Bank; Hancock Whitney Bank; Hills Bank; IBISWorld; ICCU; ITTConnect; Insight Global; Investar Bank National As; JBA International; Judge Group, Inc.; KeyBank; Kforce Technology Staffing; Lead; Leader Bank; LoanPro; Lower; M&T Bank; MDMS Recruiting LLC; ManpowerGroup; Mld Mortgage; Municipal Credit Union; NTT America, Inc.; NTT DATA Services; National Mortgage Staffing; Nbkc Bank; Northern Bank; Northwest Bank; Origin Bank; Peoples Bank; Peoples Bank WA; Perseus Group; Photon Group; Pioneer Corporate Services Inc; Platinum Bank; Rockland Trust Company; S&T Bank; Sauk Valley Bank; Sb Financial Group Inc.; Security State Bank & Trust; Servisfirst Bank; Shore United Bank; Signal Financial Federal Credit Union; Solugenix Corporation; Southstate Bank; State Employees Credit Union; Sunflower Bank, N.A.; TD Bank; TMS LLC; The Paducah Bank And Trust Company; The Symicor Group; Tri Counties Bank; Truist; Truist Bank; U.S. Bank; WaFd Bank; Wellby Financial; Wells Fargo; West Monroe; Wintrust; Wintrust Financial; Woodforest National Bank; Wsfs Financial; Yosemite Farm Credit; Zennify; Zions Bancorporation",
2026-04-17,JFrog,us,452,418,34,156,,,"6947-SHOCKWAVE MEDICAL Legal Entity; ASRC Federal; ASRC Federal Holding Company; AT&T; AbbVie; Acuity; Akaasa Technologies; Alkami; Alkermes; Amatriot Group; Amentum; American Electric Power; American Express; Anduril; Anduril Industries; Apex Systems; Apex Technology; Aquila Technology; Arch Capital Group; BAE Systems; BNY Mellon; Bank of America; Beyond SOF; BlackRock; Booz Allen Hamilton; Bossini Technologies; Butlr; CACI; CACI International; CGI Technologies and Solutions, Inc.; CHAOS Industries; CNA; CTC USA, LLC; CVS Health; Cadence Systems; Canoo Technologies; Capgemini; Capstone; Carrier; CrowdStrike; Cube Management; Cyngn; DATAMAXIS, Inc; DFO Referrals; DORLECO; Dayforce; DeepSight Technology; Deutsche Bank; DevSelect; Duetto Research; EY; Eliassen Group; Entrust; Eversource Energy; Fifth Third Bank, N.A.; First American Payments Systems; Fisher Careers; Ford Motor; Fresenius Kabi; Fusion Technology; GE Aerospace; Genesis10; Genuine Parts Company; Guild Talent; Highmark Health; HubSync; Infinity Tech Group Inc; Inrix; Insight Global; Intercontinental Exchange ; Intercontinental Exchange Holdings; Iridium Satellite; Iridium Satellite LLC; Isoftech Inc; Istari Digital; J&J Family of Companies; JLL; JPMorgan Chase; JPMorganChase; K2 Space; LTIMindtree; LVT; Leidos; LexisNexis Risk Solutions; MAG; MAG Aerospace; ManpowerGroup; Mastech Digital; Mastercard; McDonald's; Medtronic; Minuteman Group, Inc; Montek System; Morgan Stanley; Motion Recruitment Partners, LLC; N2 Services Inc; NTT America, Inc.; NTT DATA Services; NTT DATA Services, LLC; NTT Data Americas, Inc.; NVIDIA; National Life Insurance Company; New York Life Insurance Co; Nisum; Northrop Grumman; Openkyber; Otter Base; PSRTEK; Parsons; Parsons Corporation; Quanta Search; Quantum Default Brand; RTX; RTX Corporation; Randstad Digital; Randstad Digital Manual LLC; Redolent; Relativity Space; Remote World; Request Technology, LLC; Rockwell Automation; SAP; SR Partners LLC; Saanvi Technologies; SambaNova Systems; SciTec; Scientific Research Corporation; Select Solutions Group, LLC; Siemens Healthineers; Smart Caliber Technology; Snap; Snap Inc.; Sonatus; Sonatype; Space Dynamics Laboratory; State Street; Stefanini Group; Synechron; TEKsystems c/o Allegis Group; Technogen, Inc.; ThinKom Solutions; Torc Robotics; Travel + Leisure Co.; True Anomaly; US Tech Solutions; Uline; UnitedHealth Group; VDart Inc; Valinor Enterprises; Viavi Solutions; Walmart; Wayve; Wyndham Hotels & Resorts; Yahoo; eSimplicity; kjohn@samrusystems.com",
2026-04-17,Guidewire,us,1000,959,41,197,,,"A3N consulting Llc; AAA; AKAASA Technologies; Accenture; Accroid Inc; Aerotek; Akaasa Technologies; AlliedTravelCareers; Alltech Consulting Services, Inc.; Amazech Solutions; American Traveler; Andre Global; Apptad Inc; Arnot Health System; Aroha Technologies; Ascension St. Vincent's Riverside; Assurant; Bamboo Insurance; Baptist; Berkley; Beth Israel Lahey Health; Binary Computer Int'l Corp.; Box; CBTS; CCC Intelligent Solutions; CNA; Canal Insurance Company; Capgemini; Care New England; Carle Health; Cloudious; Cloudious LLC; Codeforce 360; Cognizant; Community Health Systems; Confluent Medical Technologies; Confluent Medical Technologies Inc; Cordova; Cynet Health; Cynet Systems; Deloitte; EA Team, Inc.; ECCLESIASTES INC; EVEREST CONSULTING GROUP, INC; EY; Edge Global; Elite Technical; Erie Insurance Group; Excelon Solutions LLC; FCCI; Farmers Mutual Insurance Company Of Nebraska; Frankenmuth Insurance; Fusion Medical Staffing; Fusion Medical Staffing-Cath Lab; Futran Solutions; Futran Tech Solutions Pvt. Ltd.; Galent; Genesis NGN Inc.; Georgia IT; Great American Insurance Company; Greater New York Mutual Insurance Company; Grinnell Mutual Reinsurance Company; Guidehouse; HAYS; HCLTech; HR Pundits; HTC Global Services Inc; HUB International; HealthTrust / MaineHealth Medical Center; Heraeus Incorporated; Hermitage Infotech; Hexaware; Hirekeyz Inc; Imperative Care; Inclined; Infinity Tech Group Inc; Inherent Technologies; Innovise IT LLC; Inova; Inova Health System; Insight Global; JBA International; Jacobson Group; Judge Group, Inc.; K-Tek Resourcing LLC; KORE1; KR Elixir, Inc.; Kemper; Kent Hospital; Kentucky Farm Bureau Mutual Ins Co; Keylent; Kforce Technology Staffing; King'S Insurance Staffing; Last Word Consulting; Liberate; Liberty Mutual; Libsys, Inc.; MHM Support Services; MMT; MSIG Holdings; MSRCosmos; MSYS Inc.; Maine Medical Center; ManpowerGroup; Markel; Mercury Insurance Services, LLC; Mercy; Merit Medical Systems; Michigan Farm Bureau; Mindlance Health; NAAS Technologies; NTT Data Americas, Inc.; National Indemnity Company; Nationwide Mutual Insurance; Net Orbit Inc; Network Temp; New Mexico Mutual Casualty Company; Next Level Business Services, Inc.; Northside Hospital Inc.; Ocean Blue Solution; Okaya Inc; OpenTeQ Inc; Openkyber; Patrick McGuire - Farm Bureau Agent; Piedmont Healthcare; Pioneer Corporate Services Inc; PricewaterhouseCoopers; Prisma Health; Professional Search Group; Prohires; PwC; Quantiphi; Quantom Tech LLC; RBGlobal; RapidIT, Inc; ReSource Pro; Robert Half; SANS; Sage IT Inc; Saksoft; Scotland Memorial Hospital; Sentry Insurance; Sharpedge Solutions; Shrive Technologies LLC; Sidzen LLC; Silverlink Technologies LLC; Smart Caliber Technology; SmartIT Pros Inc; Source Mantra Inc; South Shore Health; Spear Staffing; Sprocket Staffing Services; Staffingine LLC; Stanley David and Associates; Stellar IT Solutions; Stellent IT LLC; Stryker; Sysmind, LLC; TEKsystems c/o Allegis Group; Tech Mahindra  Inc.; Tech Providers Inc.; TechSpace Solutions Inc.; TechniPros; TekShapers; The Dignify Solutions, LLC; The Hartford; The Jonus Group; The Landis Agency Farm Bureau Insurance; UFG Career; USAA Careers; UST; V R Della Infotech Inc; VDart Inc; VDart, Inc.; VKore Solutions LLC; Vaarida Technologies llc; Vaco by Highspring; Virtual Networx; Vkore Solutions; Webilent Technology, Inc.; Weekday AI; WellSpan Health; Western Reserve Group; Xenter; Yochana IT Solutions; Zettalogix INC; Zodiac Solutions; Zodiac Solutions Inc.; Ztek Consulting; Zurich NA; eBusiness Solutions, Inc.; eSense Incorporated; i3; iBridge Techsoft LLC; iSquareinfo LLC; nexus IT group; thehivecareers.co",
2026-04-17,Qualys,us,709,675,34,327,,,"24 Hour Home Care; A+E Global Media; AAC; ABM; ABM Industries; ADPMN Inc; ASM Research, An Accenture Federal Services Company; Abbott; Accelerate; Accenture; Accenture Federal Services; Acrisure; Advatix, Inc.; Ag Jobs; AgreeYa Solutions; Air Apps; Aledade; Alkami; All County Home Health and Hospice; Amentum; American Heart Association; Anagha Techno Soft; Analog Devices; Apex Systems; Apptad Inc; Aretec Open Opportunites; Arrowstreet Capital; Ascensus; Auburn University; Avint; BDO USA; BNY Mellon; Bank of America; Barclays; Bart & Associates; Batesville Tool & Die; BerkOne; Beyond SOF; Blue Origin; Blue Star Partners LLC; Booz Allen Hamilton; Boston Public Schools; Brightli; Bristol Myers Squibb; CACI; CACI International; CBTS; CHARLES SCHWAB; CIM Group; CRDF Global; CREO; Calamos Recruiting; California State University, Northridge; Capital Consultants Management Corporation; Capital One; Carnival Corporation; Carnival Cruise Line; Catawba Two Kings Casino; Cerity Partners; Cetera Financial Group; Cetera Financial Group, Inc.; Champion Home Builders Inc.; Christopherson Business Travel; Citizens; Cloudflare; Cloudforce; Club Car Llc; Coalfire; Coalfire Systems; Cognizant; Compass Group; Compass Group, North America; ComplyAuto; CompuCom; Conifer Health Solutions; Connexus Credit Union; Construction Resources; Core Specialty Insurance Services; CoreWeave; Corient; Creative Information Technology, Inc.; Crown + Conquer; Cyquent, Inc.; DTCC; DVI Technologies, Inc.; Deluxe; Dew Softech Inc; Dick Hannah Corporate Offices; Digital Technology Solutions; DirectViz Solutions, LLC; Dublin City Schools; Dunhill Professional Search; ERG; ESM; Early Warning Services, LLC; Eastern Research Group, Inc.; Educational Service Center of Central Ohio; Elbit America; Electrosoft; Eliassen Group; Emanuel Medical Ctr; Emory; Emory Healthcare/Emory University; Empire State Realty Trust; Enterris Associates; F5 Networks; Falmouth Public Schools; Feather Falls Casino; Ferguson Enterprises, LLC.; First American Payments Systems; First Soft Solutions; Fiserv; Forescout Technologies; Fourways Consulting Services; Freedom Technology Solutions Group; GBMC Healthcare; GBOE; GD Information Technology; GM Financial; Gainwell Technologies LLC; Generac; Generac Power Systems; General Dynamics Information Technology; Genesis Capital; Genesis10; Georgia IT; Gila Bend Unified School District; Global Iid Parent Llc; Godwins Gatorland; GovCIO; Gowanda Electronics.; Grandview; Grant Thornton; Greenboard; Guggenheim Investments; GuidePoint Security; Guidehouse; HH Global; HP; HP Inc.; Haitian Centers Council Inc; Halvik; Harness; HealthVerity; Herron High School; Hexagon US Federal; Holtec International; Honeywell; HonorHealth; HonorVet Technologies; Hudson Manpower; Human Resources Research Organization; Hyperproof; INPO External; INSPYR Solutions; INTECH Process Automation; ISOutsource; Idexx; Indotronix International Corp; InquisIT; Insight Global; Integra LifeSciences; Island Finance; Isoftech Inc; Ivalua; JPMorgan Chase & Co.; JSL TECHNOLOGIES INCORPORATED; JSL Technologies; Jbs Usa; Jean Martin, Inc; Johns Hopkins University; Judge Group, Inc.; Jupiter Technologies; KalVista Pharmaceuticals; KeyBank; Kforce Technology Staffing; Koniag Government Services; Leidos; LexisNexis Risk Solutions; Lightning AI; Lumin Digital; M. C. Dean; MAG; MAG Aerospace; MUFG; ManpowerGroup; Maze; McDonald's; Milbank LLP; Mindlance; Mitsubishi UFJ Financial Group; Motion Recruitment Partners, LLC; Mount Vernon School District 320; Mountain View Hospital; Msccn; NRG Energy, Inc.; NTT America, Inc.; NTT DATA North America; NTT DATA Services; NTT Data Americas, Inc.; Nationwide IT Services; Natixis; Nenni and Associates; NeoSystems Careers; NetCentrics Corporation; New York Life Insurance Co; Northrop Grumman; Office Depot; Ogden City Corporation; Okta; OneMain Financial; OpenFX; OpenRouter; Openkyber; Operation Breakthrough; Ora apps; Ovation Healthcare; PNC; PNC Bank; PROLIM Global Corporation; Paideia School; PepsiCo; Platinum Dermatology Partners; Point72; PowerPlan, Inc; Prairie City Monroe Community School District; Prudential Financial; Pueo Business Solutions; Pyramid Consulting, Inc.; QED National; QualiTech; Quest Diagnostics; RELX; RELX INC; RSM; Resolutions Hospice Austin; Rhodian Group; Rishabh Software Pvt. Ltd; Roane County Schools; Robert Half; Roehl Transport; S2i2 Inc; S3; SAIC; SAP; SHI; SHI International; SJSU Student Union; SailPoint; Santander US; Saul Ewing LLP; Sentara Hospitals; Sherpa 6; Siemens; Siemens Healthineers; Solana Technology; Sony; Spring Grove Area School District; Spry Methods; Standard Meat; Stanford University; Staples; Stellent IT LLC; StrataScale; Superior Support Resources; SysLogic, Inc.; System One; TCC Toyota Motor Credit Corporation Company; TE Connectivity; TEKsystems c/o Allegis Group; TechVirtue LLC; Techno-Comp, Inc.; TekniPlex; Tenet North Cal; Tentamus North America; Thales; The Giant Bullseye; The Jeffcoat Firm Injury & Accident Lawyers PA; The ODP Corporation; The Timberline Group; The Vanguard Group; The Weather Company; Thermo Fisher Scientific; Toyota Motor North America; Toyota Tsusho Systems; Trailboss Enterprises; TransCore; Travel + Leisure Co.; True Anomaly; Truist; Truist Bank; Two95 International Inc.; Tyler Technologies; Tyto Athene; Tyto Athene, LLC; UO HR Website; Uber; Universal Background Screening; University of New Mexico; University of Rochester; Utilitra; VDart Inc; VHC Health; Verizon; Versiti; Vertafore; Vibrint; Vitaver & Associates; Voya Financial; West Advanced Technologies, Inc.; Western Digital; Western Union; Williams International; Wyndham Hotels & Resorts; Yes Energy; Zenox Global LLC; Zion's Way Home Health and Hospice; Zoox; cFocus Software Incorporated; cFocus Softwareorporated; eNcloud Services LLC; ePace Technologies, Inc; eTelligent Group; iVision Scale; northwoodspace; runZero; vTech Solution",
2026-04-17,Agilysys,us,65,65,0,40,,,"Bluewater Casino & Resort; Boar's Head Resort; Casino and; Coeur d'Alene Casino Resort Hotel; Compass Group; Compass Group, North America; Crescent Careers; Dream Golf; EOS; Firebrand; Fort Mcdowell Golf Club; Full House Resorts; Grand Lake Casino; Halekulani Hotel; Highgate Hotels; Hilton; Hilton Grand Vacations; J W Marriott; Kimpton Hotels & Restaurants; LV Search Partners; Lucky Eagle Casino; MGM Resorts; Maverick Colorado; Ocean Casino Resort; Photon Group; Pinehurst; Prairie Meadows; Property Management; Pure Events Lp; Q Casino + Resort; Sand Valley; Shangri-La; Shore Lodge Whitetail; Squaxin Island Gaming Enterprise; Sun Hill Properties Inc.; The Boca Raton; The Las Olas Company / Riverside Hotel; Treetops Resort; Ymca Of The Rockies; ilani Casino Resort",
2026-04-20,Varonis,us,528,469,59,47,5,Cloudious LLC; IBM; Synergent Tech Solutions; TEKsystems; TEKsystems c/o Allegis Group,"AgreeYa Solutions; American Institutes for Research; Amicis Global; Analog Devices; Athenix Solutions Group; Athenix Solutions Group, LLC; BerkOne; Booz Allen Hamilton; Brown Investment Advisory & Trust; Cloudious LLC; Deloitte; East West Bank; Ensono; Fidelity National Financial, Inc.; Genesis10; GuidePoint Security; HD Supply; HD Supply Management; IBM; Insight Global; Kentro; MSP Hire, Inc.; New York Life Insurance Co; Nth Generation; Openkyber; PROLIM Corporation; PROLIM Global Corporation; Platinum Technologies; Regent University; Republic Services; Rivago infotech inc; SHI; SHI GmbH; SHI International; SMBC; SPHERE Technology Solutions; SPS Consulting, LLC; Sharp Decisions; SourcePro Search; Staples; Synergent Tech Solutions; TE Connectivity; TEKsystems; TEKsystems c/o Allegis Group; Verathon, Inc.; VeridianTech; ZOLL Medical"
2026-04-20,Dynatrace,us,1000,953,47,332,40,"247Hire; ACS Consultancy Services, Inc.; ADT; ARK Infotech Spectrum; Allstate; Amergis; Arrowminds inc; AutoZone, Inc.; Autozone; Blue Shield of California; CYNET SYSTEMS; CalAmp; Centene Corporation; Conquest Tech Solutions Inc; DataEdge Consulting, Inc.; Govcio LLC; Government Systems Technologies Inc. ; Home Depot; Infinite Computer Solutions ; Innovim Technology Solutions; Intercontinental Exchange ; Kanshe Infotech; Lockheed Martin; Luminare Health Benefits; M&T Bank; MasterCard; Nastech Global; Novalink Solutions LLC; Orion Business Innovations Careers; Orion Innovation; Pyramid Consulting, Inc.; Resource Management Concepts, Inc.; SolutionIT; TEKsystems; The Custom Group of Companies; The Davey Tree Expert Company; The Misch Group; V-Soft Consulting Group, Inc; VBridge Global; Vaarida Technologies llc","247Hire; 2K; 3A Soft Inc; 3Core Systems, Inc; ACI Infotech; ACS Consultancy Services; ACS Consultancy Services, Inc.; ADP; ADT; ARK Infotech Spectrum; ASCENDING; ASM Research, An Accenture Federal Services Company; AT&T; Aasritha infotech Inc; Abidi Group LLC; Academy; Accenture; Accenture Federal Services; Ahead; Akaasa Technologies; Alexa Systems; Algo Soft Solutions LLC; Allstate; Amatriot Group; Amergis; American Express; American Technology Consulting; Ampcus Inc; ApTask; Apex Systems; Apexon; Apolis; Apptad Inc; Arrowminds inc; Ascera; AutoZone, Inc.; Autodesk; Autozone; BCforward; Bank of America; Berkley; Best Buy; Beth Page tech; Blue Shield of California; Booz Allen Hamilton; C4 Technical Services; CBTS; CGI; CGI Technologies and Solutions, Inc.; CTC USA, LLC; CTG; CVS Health; CYNET SYSTEMS; CalAmp; Canoo Technologies; Cardinal Health; Celer Soft LLC; Centene Corporation; Chandra Technologies, Inc.; Chase; Citigroup; ClearBridge Technology Group; Cloud and Things; Cognizant; Collabera LLC; Concept Plus; ConnectedX, Inc.; Conquest Tech Solutions Inc; Converge; Corning Incorporated; Corpay; CrewBloom; Cystems Logic; DB Orlando- NJ; DTCC; DXC Technology; DataEdge Consulting, Inc.; Daten Technology Solutions; Deutsche Bank; Digital Dhara LLC; Document Storage Systems Inc; Dunhill Professional Search; Dutech Systems; E-Solutions INC; E-Solutions, Inc.; EPAM Systems; ESRhealthcare and EXEC STAFF RECRUITERS; EVEREST CONSULTING GROUP, INC; Eagle Eye Technologies; EchoStar; Econosoft; EdHike LLC; EdgeVerve Systems Limited; Ekcel Technologies Inc; Essel; Estaff LLC; Eversource Energy; Evoke Technologies; FIS Capital Markets; FedEx Office; First Horizon Bank; First National Bank of Omaha; Fiserv; Ford Motor; Ford Motor Company; Foundation Software; Fourways Consulting Services; FreedomPay; Fusion HCR; GD Information Technology; GRT Corporation; Gallup; General Dynamics Information Technology; Genesis10; Genius Road; Genius Road, LLC; Glint Tech Solutions LLC; GovCIO; Govcio LLC; Government Systems Technologies Inc. ; GreyCell Labs, Inc; H R PUNDITS INC; HERS Advisors; HPTech Inc.; HTC Global Services Inc; HUMAC INC.; Hexacorp; Hexaware; Home Depot; HonorVet Technologies; Humana; Huntington National Bank; INFT Solutions inc; INSPYR Solutions; IO Datasphere; ISR Info Way, Inc.; ITCAPS LLC; Infinite Computer Solutions ; Info Dinamica Inc; Innova Solutions, Inc; Innovim Technology Solutions; Insight Global; Intellect Quest LLC; Intercontinental Exchange ; JBA International; JC CORPORATIONS; JC Corporations Inc; JPMorgan Chase; JPMorgan Chase & Co.; JPMorgan Chase Bank, N.A.; JPMorganChase; Judge Group, Inc.; K Anand Corporation; KAISER; KPG 99 Inc.; Kairos; Kaiser Permanente; Kanshe Infotech; Kforce Technology Staffing; Kohls; Laiba Technologies LLC; Lockheed Martin; Lorven Technologies, Inc.; Luminare Health Benefits; M&T Bank; MARS Solutions Group; MUFG; Maania Consultancy Services; ManpowerGroup; Marriott; Marriott Hotels Resorts; Marvica Technologies LLC; Mastech Digital; MasterCard; Mastercard; Merican Inc; MetLife; Miracle Software Systems, Inc.; Mitsubishi UFJ Financial Group; Modern Government Solutions; NIKE; NasTech Global, Inc.; Nastech Global; Net Orbit Inc; Network Designs; Network Designs Inc.; New Age Software Services Corporation; Newt Global; Nike; Nisum; Nobl Q, LLC.; NoblQ INC; Noblesoft Technologies; Noblis; Novalink Solutions LLC; Nuvei; Obsidian Solutions Group; Office Depot; Okaya Inc; Omm IT Solutions; OneBlood; Openkyber; Orion Business Innovations Careers; Orion Innovation; Otter Base; PNC; PTR Global; Paladin Consulting, Inc.; Palnar; Park Computer Systems, Inc; Parts Town; Penske Truck Leasing; PeopleNTech; Photon; Photon Group; Plexus Worldwide; Prabhav Services Inc; Prospect Infosystem Inc; Purple Drive Technologies LLC; Pyramid Consulting, Inc.; Qode; QualiTest; Qualtrix Consulting; Quest Diagnostics; RICEFW Technologies Inc; RSA Career; Raag Solutions; RaceTrac; Randstad Digital Manual LLC; Raymond James; Raymond James Financial, Inc.; Redolent; Resource Management Concepts, Inc.; Resource Point LLC; Reveille Technologies; Riptide Technology; S3; S3 Connections LLC; SAIC; SANS; SAP; SHI; SOHO Square Solutions; SS&C; Saransh Inc; Scalable Systems; Sharpedge Solutions; Software Guidance & Assistance; SolutionIT; Source Mantra Inc; SourcePro Search; Spadtek Solutions LLC; Spiceorb; Stafford Technology; State Street; Stefanini; Stefanini Group; Symphony Corporation; Sysmind, LLC; System One; T. Rowe Price; TECH Tammina; TECHNEPTUNE CONSULTING INC; TEKsystems; TEKsystems c/o Allegis Group; Talent Groups; Talent Search PRO; Tech3pillars Technologies; TechAffinity Inc; Techno Talent Inc.; TechnoGen Inc; Techstra Solutions; TekLeaders, Inc; TekShapers; TekisHub Consulting Services; The Computer Merchant, LTD.; The Custom Group of Companies; The Davey Tree Expert Company; The Hartford; The Misch Group; The Timberline Group; Thin Technologies; Tixy Services LLC; Toyota Motor North America; Tranzeal, Inc.; Trilux Tech LLC; Triune Infomatics Inc; TrueHire Staffing LLC; Truist; Truist Bank; Two95 International Inc.; US Tech Solutions; Uline; United Airlines; UnitedHealth Group; Universal Music; V-CENTRIX-US LLC; V-Soft Consulting Group, Inc; V2Soft; VAK Consulting LLC; VBridge Global; VCS Digital LLC; VDart Inc; VDart, Inc.; VSG Business Solutions LLC; Vaarida Technologies llc; Vega Consulting Solutions; VeridianTech; Vertical Relevance; Virtusa; Vivint; Walmart; Webilent Technology, Inc.; Western Alliance Bank; Western Union; Whiztek Corp; Widescope Consulting and Contracting Services; Windward Consulting; Worldwide Insurance Services; York Solutions, LLC; ZODHA SOLUTIONS; Zealogics; Zealogics.com; Zen & Art; Zettalogix INC; Zillion Technologies; eStaffLLC; iFusion Inc.; iSpace, Inc; investor.accenture; rockITdata; thehivecareers.co"
2026-04-20,LiveRamp,us,348,215,133,60,4,Ankura Consulting Group; Concentrix; Orangepeople; eBay,"247Hire; Accenture; Acxiom; Adstra; Affinity Solutions; Albertsons; Ankura; Ankura Consulting Group; Arbital Health; Attain; Bausch + Lomb; Best Buy; Blend360; Bombora; BranchLab; Capgemini; Cognitiv; Colgate-Palmolive; Colgate-Palmolive Company; Comulate; Concentrix; DivIHN Integration Inc; Dollar General; EDO; Fractional AI; GDH; Gartner; General Motors; Georgia IT; Gilead Sciences; HMG America; Hilton; Integral Ad Science; Marriott; Marriott Hotels Resorts; McAfee, Inc.; NBC Universal; NBCUniversal; Orangepeople; Rational 360; Redi-Mail / RediData; Samba; Sanofi; Sanofi Group; Shaper Capital; Snowflake; Spectrum Science; Take-Two Interactive Software; Take-Two Interactive Software, Inc.; The New York Times; Tinuiti; Unilever; Universal Orlando; VRK IT Vision Inc; Vibe; Warner Bros. Discovery; Wells Fargo; Wells Fargo Bank; dentsu; eBay"
2026-04-20,nCino,us,727,727,0,132,7,"Connexus Credit Union; Enterprise Bank and Trust; IT Accel, Inc; Mission Bancorp; Rado Bank; Trustmark National Bank; Zing! Recruiting","147064 Fountain Mortgage; 1St Community Federal Credit Union; Accenture; Ag Jobs; AgWest Farm Credit; Amerant Bank; Amerantbank; American Pacific Mortgage; American Recruiting & Consulting Group; Apex Systems; Atlantic Coast Mortgage; Atlantic Union Bank Careers; Axos Bank; B1Bank; Banc of California; Banesco Usa; Bank of Clarke; BankNewport; BankPlus; Bisnow; Bridgewater Bank; Bundoran Group; Busey Bank; Byline Bank; CCU; CalPrivate Bank; Cathay Bank; Centennial Bank; Charlesbridge; City National Bank; City National Bank of Florida; Coastal States Bank; Cognizant; Columbia Bank; Commonwealth Business Bank; ConnectOne Bank; Connexus Credit Union; Cornerstone Capital Bank; Customers Bank; DX Foundation; Dickinson Financial Corporation; Earthmover Credit Union; Eastern Bank; Eliassen Group; Elwood Staffing; Endeavor Bank; Enterprise Bank and Trust; Evergreen Openings; Extractable; FCS Financial, ACA; FNBO; Farm Credit Mid-America; Fifth Third Bank; Fifth Third Bank, N.A.; First Financial Bank; First Horizon; First Horizon Bank; First Internet Bank; First National Bank Of Pennsylvania; First National Bank of Omaha; Five Star Bank, Ca; Fulton Bank; GalaxEsystems; Genesis Capital; Glens Falls National Bank And Trust Co; GreenState Credit Union; Greenfield Savings; Hancock Whitney Bank; Hills Bank; IBISWorld; ICCU; IT Accel, Inc; ITTConnect; Insight Global; Investar Bank National As; JBA International; Judge Group, Inc.; KeyBank; Kforce Technology Staffing; Lead; Leader Bank; LoanPro; Lower; M&T Bank; MDMS Recruiting LLC; ManpowerGroup; Mission Bancorp; Mld Mortgage; Municipal Credit Union; NTT America, Inc.; NTT DATA Services; Northern Bank; Northwest Bank; Origin Bank; Peoples Bank; Peoples Bank WA; Perseus Group; Photon Group; Pioneer Corporate Services Inc; Platinum Bank; Rado Bank; Rockland Trust Company; S&T Bank; Sauk Valley Bank; Sb Financial Group Inc.; Servisfirst Bank; Shore United Bank; Signal Financial Federal Credit Union; Solugenix Corporation; Southstate Bank; State Employees Credit Union; Sunflower Bank, N.A.; TD Bank; TMS LLC; The Paducah Bank And Trust Company; The Symicor Group; Tri Counties Bank; Truist; Truist Bank; Trustmark National Bank; U.S. Bank; WaFd Bank; Wellby Financial; West Monroe; Wintrust; Wintrust Financial; Woodforest National Bank; Wsfs Financial; Yosemite Farm Credit; Zennify; Zing! Recruiting; Zions Bancorporation"
2026-04-20,JFrog,us,401,370,31,157,13,"Archesys Inc; DMS Vision Inc; Fifth Third Bank; Heads Up Technologies; IDT; Intercontinental Exchange ; M&T Bank; Paysafe Group; Peyton Resource Group; Pyramid Consulting, Inc.; QED National; REsurety, Inc.; Schneider Electric","6947-SHOCKWAVE MEDICAL Legal Entity; ASRC Federal; ASRC Federal Holding Company; AT&T; AbbVie; Acuity; Akaasa Technologies; Alkami; Alkermes; Amatriot Group; Amentum; American Electric Power; American Express; Anduril; Anduril Industries; Apex Systems; Apex Technology; Aquila Technology; Arch Capital Group; Archesys Inc; BAE Systems; BNY Mellon; Bank of America; Beyond SOF; BlackRock; Booz Allen Hamilton; Bossini Technologies; Butlr; CACI; CACI International; CGI Technologies and Solutions, Inc.; CHAOS Industries; CNA; CTC USA, LLC; CVS Health; Cadence Systems; Canoo Technologies; Capgemini; Capstone; Carrier; CrowdStrike; Cube Management; Cyngn; DATAMAXIS, Inc; DFO Referrals; DMS Vision Inc; DORLECO; Dayforce; DeepSight Technology; DevSelect; Duetto Research; EY; Eliassen Group; Entrust; Eversource Energy; Fifth Third Bank; First American Payments Systems; Fisher Careers; Fresenius Kabi; Fusion Technology; GE Aerospace; Genesis10; Genuine Parts Company; Guild Talent; Heads Up Technologies; Highmark Health; HubSync; IDT; Infinity Tech Group Inc; Inrix; Insight Global; Intercontinental Exchange ; Intercontinental Exchange Holdings; Iridium Satellite; Iridium Satellite LLC; Isoftech Inc; Istari Digital; J&J Family of Companies; JLL; JPMorgan Chase; JPMorganChase; K2 Space; LTIMindtree; LVT; Leidos; LexisNexis Risk Solutions; M&T Bank; MAG; MAG Aerospace; ManpowerGroup; Mastech Digital; Mastercard; McDonald's; Medtronic; Minuteman Group, Inc; Montek System; Morgan Stanley; Motion Recruitment Partners, LLC; N2 Services Inc; NTT America, Inc.; NTT DATA Services; NTT Data Americas, Inc.; NVIDIA; National Life Insurance Company; New York Life Insurance Co; Nisum; Northrop Grumman; Otter Base; PSRTEK; Parsons; Paysafe Group; Peyton Resource Group; Pyramid Consulting, Inc.; QED National; Quanta Search; Quantum Default Brand; REsurety, Inc.; RTX; RTX Corporation; Randstad Digital; Randstad Digital Manual LLC; Redolent; Relativity Space; Remote World; Request Technology, LLC; Rockwell Automation; Saanvi Technologies; SambaNova Systems; Schneider Electric; SciTec; Scientific Research Corporation; Select Solutions Group, LLC; Smart Caliber Technology; Snap; Snap Inc.; Sonatus; Sonatype; Space Dynamics Laboratory; State Street; Synechron; TEKsystems c/o Allegis Group; Technogen, Inc.; ThinKom Solutions; Torc Robotics; Travel + Leisure Co.; True Anomaly; US Tech Solutions; Uline; UnitedHealth Group; Valinor Enterprises; Viavi Solutions; Walmart; Wayve; Wyndham Hotels & Resorts; Yahoo; eSimplicity; kjohn@samrusystems.com"
2026-04-20,Guidewire,us,1000,967,33,179,11,"CapGemini; Columbia Insurance; Concentrix; DMS Vision Inc; Innovim Technology Solutions; Minutes to Seconds Pty Ltd; QTech; QTech US Inc; Slide Insurance; Techridge, Inc.; Williamson Health","A3N consulting Llc; AAA; Accenture; Accroid Inc; Akaasa Technologies; AlliedTravelCareers; Amazech Solutions; American Traveler; Apptad Inc; Arnot Health System; Aroha Technologies; Assurant; Bamboo Insurance; Baptist; Berkley; Beth Israel Lahey Health; CBTS; CCC Intelligent Solutions; CNA; Canal Insurance Company; CapGemini; Capgemini; Care New England; Carle Health; Cloudious; Cloudious LLC; Cognizant; Columbia Insurance; Community Health Systems; Concentrix; Confluent Medical Technologies; Confluent Medical Technologies Inc; Cordova; Cynet Health; DMS Vision Inc; Deloitte; EA Team, Inc.; ECCLESIASTES INC; EVEREST CONSULTING GROUP, INC; EY; Edge Global; Elite Technical; Erie Insurance Group; Excelon Solutions LLC; FCCI; Farmers Mutual Insurance Company Of Nebraska; Frankenmuth Insurance; Fusion Medical Staffing; Fusion Medical Staffing-Cath Lab; Futran Solutions; Galent; Genesis NGN Inc.; Georgia IT; Great American Insurance Company; Greater New York Mutual Insurance Company; HAYS; HCLTech; HR Pundits; HTC Global Services Inc; HealthTrust / MaineHealth Medical Center; Heraeus Incorporated; Hermitage Infotech; Hexaware; Hirekeyz Inc; Imperative Care; Inherent Technologies; Innovim Technology Solutions; Innovise IT LLC; Inova; Inova Health System; Insight Global; JBA International; Jacobson Group; Judge Group, Inc.; K-Tek Resourcing LLC; KORE1; KR Elixir, Inc.; Kemper; Kent Hospital; Kentucky Farm Bureau Mutual Ins Co; Keylent; Kforce Technology Staffing; King'S Insurance Staffing; Last Word Consulting; Liberty Mutual; Libsys, Inc.; MHM Support Services; MMT; MSIG Holdings; MSRCosmos; MSYS Inc.; Maine Medical Center; ManpowerGroup; Markel; Mercury Insurance Services, LLC; Mercy; Merit Medical Systems; Michigan Farm Bureau; Minutes to Seconds Pty Ltd; NAAS Technologies; NTT Data Americas, Inc.; National Indemnity Company; Nationwide Mutual Insurance; Net Orbit Inc; Network Temp; New Mexico Mutual Casualty Company; Next Level Business Services, Inc.; Ocean Blue Solution; Okaya Inc; OpenTeQ Inc; Openkyber; Patrick McGuire - Farm Bureau Agent; Piedmont Healthcare; Pioneer Corporate Services Inc; PricewaterhouseCoopers; Prisma Health; Professional Search Group; Prohires; PwC; QTech; QTech US Inc; Quantiphi; Quantom Tech LLC; RBGlobal; RapidIT, Inc; ReSource Pro; Robert Half; Sage IT Inc; Saksoft; Sentry Insurance; Sharpedge Solutions; Silverlink Technologies LLC; Slide Insurance; Smart Caliber Technology; SmartIT Pros Inc; South Shore Health; Spear Staffing; Sprocket Staffing Services; Staffingine LLC; Stanley David and Associates; Stellar IT Solutions; Stellent IT LLC; Stryker; Sysmind, LLC; TEKsystems c/o Allegis Group; Tech Mahindra  Inc.; Tech Providers Inc.; TechSpace Solutions Inc.; Techridge, Inc.; TekShapers; The Dignify Solutions, LLC; The Jonus Group; The Landis Agency Farm Bureau Insurance; UFG Career; USAA Careers; UST; VDart, Inc.; VKore Solutions LLC; Vaarida Technologies llc; Vaco by Highspring; Virtual Networx; Vkore Solutions; Webilent Technology, Inc.; Weekday AI; WellSpan Health; Western Reserve Group; Williamson Health; Yochana IT Solutions; Zettalogix INC; Zodiac Solutions; Zodiac Solutions Inc.; Ztek Consulting; eBusiness Solutions, Inc.; eSense Incorporated; i3; iBridge Techsoft LLC; iSquareinfo LLC; nexus IT group; thehivecareers.co"
2026-04-20,Agilysys,us,68,68,0,43,6,Beaver Run Resort & Conference Center; Cliff Castle Casino Hotel; Houstonian; Reef Capital Partners; Salamander Palm Beach Employer; Star Casino,"Beaver Run Resort & Conference Center; Bluewater Casino & Resort; Boar's Head Resort; Casino and; Cliff Castle Casino Hotel; Coeur d'Alene Casino Resort Hotel; Compass Group; Compass Group, North America; Crescent Careers; EOS; Firebrand; Fort Mcdowell Golf Club; Full House Resorts; Grand Lake Casino; Halekulani Hotel; Highgate Hotels; Hilton; Hilton Grand Vacations; Houstonian; J W Marriott; Kimpton Hotels & Restaurants; LV Search Partners; Lucky Eagle Casino; MGM Resorts; Maverick Colorado; Ocean Casino Resort; Photon Group; Pinehurst; Prairie Meadows; Property Management; Pure Events Lp; Q Casino + Resort; Reef Capital Partners; Salamander Palm Beach Employer; Sand Valley; Shangri-La; Shore Lodge Whitetail; Star Casino; The Boca Raton; The Las Olas Company / Riverside Hotel; Treetops Resort; Ymca Of The Rockies; ilani Casino Resort"
2026-04-20,Qualys,us,704,671,33,334,27,"Ardent Principles; COLSA Corporation; Capgemini; Cisco; Comcast; Corpay; DRC Systems; Empower Professionals; Envelop Group; Genesis Global Recruiting Inc; Govcio LLC; Lennar; Lumiere Systems; NewGen Technologies; Nexiva Inc; Origin Bank; Pyramid Technology Solutions, Inc.; State of Ohio; TEKsystems; TRC Talent Solutions; The Boeing Company; The Search Solutions, LLC; Trinus; TrustMinds, Inc.; VRK IT Vision Inc; Versa Networks; kjohn@samrusystems.com","24 Hour Home Care; A+E Global Media; AAC; ABM; ABM Industries; ADPMN Inc; ASM Research, An Accenture Federal Services Company; Abbott; Accelerate; Accenture; Accenture Federal Services; Acrisure; Advatix, Inc.; Ag Jobs; AgreeYa Solutions; Air Apps; Aledade; Alkami; All County Home Health and Hospice; Amentum; American Heart Association; Anagha Techno Soft; Analog Devices; Apex Systems; Ardent Principles; Aretec Open Opportunites; Arrowstreet Capital; Ascensus; Auburn University; Avint; BDO USA; BNY Mellon; Bank of America; Barclays; Bart & Associates; Batesville Tool & Die; BerkOne; Beyond SOF; Blue Star Partners LLC; Booz Allen Hamilton; Boston Public Schools; Brightli; Bristol Myers Squibb; CACI; CACI International; CBTS; CHARLES SCHWAB; CIM Group; COLSA Corporation; CRDF Global; CREO; Calamos Recruiting; California State University, Northridge; Capgemini; Capital Consultants Management Corporation; Capital One; Carnival Corporation; Carnival Cruise Line; Catawba Two Kings Casino; Cerity Partners; Cetera Financial Group; Cetera Financial Group, Inc.; Champion Home Builders Inc.; Christopherson Business Travel; Cisco; Citizens; Cloudflare; Club Car Llc; Coalfire; Coalfire Systems; Comcast; Compass Group; Compass Group, North America; ComplyAuto; CompuCom; Conifer Health Solutions; Construction Resources; Core Specialty Insurance Services; CoreWeave; Corient; Corpay; Creative Information Technology, Inc.; Crown + Conquer; Cyquent, Inc.; DRC Systems; DTCC; DVI Technologies, Inc.; Deluxe; Dew Softech Inc; Dick Hannah Corporate Offices; Digital Technology Solutions; DirectViz Solutions, LLC; Dublin City Schools; Dunhill Professional Search; ERG; ESM; Early Warning Services, LLC; Educational Service Center of Central Ohio; Elbit America; Electrosoft; Eliassen Group; Emanuel Medical Ctr; Emory; Emory Healthcare/Emory University; Empire State Realty Trust; Empower Professionals; Enterris Associates; Envelop Group; F5 Networks; Falmouth Public Schools; Feather Falls Casino; Ferguson Enterprises, LLC.; First American Payments Systems; Fiserv; Fourways Consulting Services; Freedom Technology Solutions Group; GBMC Healthcare; GBOE; GD Information Technology; GM Financial; Gainwell Technologies LLC; Generac; Generac Power Systems; Genesis Capital; Genesis Global Recruiting Inc; Genesis10; Georgia IT; Gila Bend Unified School District; Godwins Gatorland; GovCIO; Govcio LLC; Gowanda Electronics.; Grandview; Grant Thornton; Greenboard; Guggenheim Investments; GuidePoint Security; Guidehouse; HH Global; HP; HP Inc.; Haitian Centers Council Inc; Halvik; Harness; HealthVerity; Herron High School; Hexagon US Federal; Holtec International; Honeywell; HonorHealth; HonorVet Technologies; Human Resources Research Organization; Hyperproof; INPO External; INSPYR Solutions; INTECH Process Automation; ISOutsource; Idexx; Indotronix International Corp; InquisIT; Insight Global; Integra LifeSciences; Island Finance; Isoftech Inc; Ivalua; JPMorgan Chase & Co.; JSL Technologies; Jbs Usa; Jean Martin, Inc; Johns Hopkins University; Judge Group, Inc.; Jupiter Technologies; KalVista Pharmaceuticals; KeyBank; Kforce Technology Staffing; Koniag Government Services; Leidos; Lennar; LexisNexis Risk Solutions; Lightning AI; Lumiere Systems; Lumin Digital; M. C. Dean; MAG; MAG Aerospace; MUFG; ManpowerGroup; Maze; McDonald's; Milbank LLP; Mindlance; Mitsubishi UFJ Financial Group; Motion Recruitment Partners, LLC; Mount Vernon School District 320; Mountain View Hospital; Msccn; NRG Energy, Inc.; NTT America, Inc.; NTT DATA North America; NTT DATA Services; NTT Data Americas, Inc.; Nationwide IT Services; Natixis; Nenni and Associates; NeoSystems Careers; NetCentrics Corporation; New York Life Insurance Co; NewGen Technologies; Nexiva Inc; Northrop Grumman; Office Depot; Ogden City Corporation; Okta; OneMain Financial; OpenFX; OpenRouter; Openkyber; Operation Breakthrough; Ora apps; Origin Bank; Ovation Healthcare; PNC; PNC Bank; PROLIM Global Corporation; PepsiCo; Platinum Dermatology Partners; Point72; PowerPlan, Inc; Prairie City Monroe Community School District; Prudential Financial; Pueo Business Solutions; Pyramid Consulting, Inc.; Pyramid Technology Solutions, Inc.; QED National; QualiTech; Quest Diagnostics; RELX; RELX INC; RSM; Resolutions Hospice Austin; Rhodian Group; Rishabh Software Pvt. Ltd; Roane County Schools; Robert Half; Roehl Transport; S2i2 Inc; SAIC; SHI; SHI International; SJSU Student Union; SailPoint; Santander US; Saul Ewing LLP; Sentara Hospitals; Sherpa 6; Siemens; Siemens Healthineers; Solana Technology; Sony; Spring Grove Area School District; Spry Methods; Standard Meat; Stanford University; Staples; State of Ohio; Stellent IT LLC; StrataScale; Superior Support Resources; SysLogic, Inc.; System One; TCC Toyota Motor Credit Corporation Company; TE Connectivity; TEKsystems; TEKsystems c/o Allegis Group; TRC Talent Solutions; TechVirtue LLC; Techno-Comp, Inc.; Tenet North Cal; Tentamus North America; Thales; The Boeing Company; The Giant Bullseye; The Jeffcoat Firm Injury & Accident Lawyers PA; The ODP Corporation; The Search Solutions, LLC; The Timberline Group; The Vanguard Group; The Weather Company; Thermo Fisher Scientific; Toyota Motor North America; Toyota Tsusho Systems; Trailboss Enterprises; TransCore; Travel + Leisure Co.; Trinus; True Anomaly; TrustMinds, Inc.; Two95 International Inc.; Tyler Technologies; Tyto Athene; Tyto Athene, LLC; UO HR Website; Uber; University of New Mexico; University of Rochester; Utilitra; VDart Inc; VHC Health; VRK IT Vision Inc; Verizon; Versa Networks; Versiti; Vertafore; Vibrint; Vitaver & Associates; Voya Financial; West Advanced Technologies, Inc.; Western Digital; Western Union; Williams International; Wyndham Hotels & Resorts; Yes Energy; Zenox Global LLC; Zion's Way Home Health and Hospice; Zoox; cFocus Software Incorporated; cFocus Softwareorporated; eNcloud Services LLC; ePace Technologies, Inc; eTelligent Group; iVision Scale; kjohn@samrusystems.com; northwoodspace; runZero"
2026-04-27,Varonis,us,520,466,54,48,9,"Bloomberg; Brandon Consulting Associates, Inc.; Cinch Careers Page- External; Intellect Quest LLC; Lorven Technologies, Inc.; MSP Hire; SAIC; Teramind; Veeam Software","AgreeYa Solutions; American Institutes for Research; Analog Devices; Athenix Solutions Group; Athenix Solutions Group, LLC; Bloomberg; Booz Allen Hamilton; Brandon Consulting Associates, Inc.; Brown Investment Advisory & Trust; Cinch Careers Page- External; Deloitte; East West Bank; Ensono; Fidelity National Financial, Inc.; Genesis10; GuidePoint Security; HD Supply; HD Supply Management; IBM; Insight Global; Intellect Quest LLC; Kentro; Lorven Technologies, Inc.; MSP Hire; MSP Hire, Inc.; Morgan Stanley; New York Life Insurance Co; Nth Generation; Openkyber; Regent University; SAIC; SHI; SHI GmbH; SHI International; SMBC; SPHERE Technology Solutions; SPS Consulting, LLC; Sharp Decisions; SourcePro Search; Staples; TE Connectivity; TEKsystems; TEKsystems c/o Allegis Group; Teramind; Veeam Software; Verathon, Inc.; VeridianTech; ZOLL Medical"
2026-04-27,Dynatrace,us,1000,947,53,326,96,"A-Line Staffing Solutions LLC; ARK Solutions Inc; Advanced Tech Placement; Akrivis Solutions; Allen, TX; Alliance Sourcing Network; Ally; Amerit Consulting; Arkhya Tech; Astra North Infoteck Inc.; Atlanta, GA; Baltimore, MD; Bolingbrook, IL; Brooksource; COOLSOFT; Calabitek; Chandler, AZ; Charlotte, NC; Chicago, IL; Cincinnati, OH; Columbia, MD; Conch Technologies Inc; Congensys Corp.; Cyber 1 Armor; DMS Vision Inc; Dallas, TX; Data Capital Inc; Dimension Consulting; Donnelley Financial Solutions, Inc.; Drunix Solution Inc; Dtcc; Eclaro; Ensono; Expert Technology Services; Fort Worth, TX; Futran Solutions; Gigamon; Goldstone Partners, Inc.; Government Systems Technologies Inc. ; Group Nine; HCSC; Hagerty Insurance; Herndon, VA; IT America Inc; ITBMS Inc.; IntelliX Software, Inc; Intercontinental Exchange ; Intercontinental Exchange Holdings; International Solutions Group; JBS Technologies; Las Vegas, NV; Levi, Ray & Shoup; Levi, Ray, & Shoup, Inc.; Marriott Vacations Worldwide; Minneapolis, MN; Nashville, TN; NovaLink Solutions; OP Consulting Group LLC; OmegaHires; Ontada; PNC Financial Services Group; Pittsburgh, PA; Plano, TX; Prudent Technologies and Consulting; Purview Infotech; Randstad Digital; RealTek Consulting; Sambasafety; San Leandro, CA; Scottsdale, AZ; Seattle, WA; Shiro Technologies; SkylineIT Solutions; Solugenix Corp; Solugenix Corporation; SolutionIT, Inc.; Source Code Technologies LLC; South Jordan, UT; Spectrum Net Designs; St. Louis, MO; SystemDomain, Inc.; TCC Toyota Motor Credit Corporation Company; Talentrupt; TechSpace Solutions Inc.; Techridge, Inc.; ThinkBeyond Inc; Trinite Consulting Group; Unknown, IL; Unknown, TX; V.L.S. Systems, Inc; Varmoda Tech LLC; Washington, DC; Wilmington, DE; Workforce Connections LLC; doTERRA; vTech Solution","247Hire; 2K; 3A Soft Inc; 3Core Systems, Inc; A-Line Staffing Solutions LLC; ACI Infotech; ACS Consultancy Services, Inc.; ADP; ADT; ARK Solutions Inc; ASCENDING; ASM Research, An Accenture Federal Services Company; AT&T; Accenture; Accenture Federal Services; Advanced Tech Placement; Akrivis Solutions; Alexa Systems; Allen, TX; Alliance Sourcing Network; Ally; Amatriot Group; Amergis; American Express; American Technology Consulting; Amerit Consulting; Ampcus Inc; ApTask; Apex Systems; Apexon; Apolis; Arkhya Tech; Ascera; Astra North Infoteck Inc.; Atlanta, GA; AutoZone, Inc.; Autozone; BCforward; Baltimore, MD; Bank of America; Berkley; Best Buy; Bolingbrook, IL; Brooksource; C4 Technical Services; CGI; CGI Technologies and Solutions, Inc.; COOLSOFT; CTC USA, LLC; CTG; CVS Health; CYNET SYSTEMS; Calabitek; Canoo Technologies; Cardinal Health; Celer Soft LLC; Chandler, AZ; Chandra Technologies, Inc.; Charlotte, NC; Chase; Chicago, IL; Cincinnati, OH; Citigroup; ClearBridge Technology Group; Cloud and Things; Cognizant; Collabera LLC; Columbia, MD; Conch Technologies Inc; Congensys Corp.; Converge; Corpay; CrewBloom; Cyber 1 Armor; Cystems Logic; DB Orlando- NJ; DMS Vision Inc; DTCC; DXC Technology; Dallas, TX; Data Capital Inc; DataEdge Consulting, Inc.; Daten Technology Solutions; Digital Dhara LLC; Dimension Consulting; Document Storage Systems Inc; Donnelley Financial Solutions, Inc.; Drunix Solution Inc; Dtcc; Dutech Systems; E-Solutions, Inc.; EPAM Systems; ESRhealthcare and EXEC STAFF RECRUITERS; EVEREST CONSULTING GROUP, INC; EchoStar; Eclaro; Econosoft; EdgeVerve Systems Limited; Ensono; Essel; Evoke Technologies; Expert Technology Services; FIS Capital Markets; FM; FedEx Office; First Horizon Bank; Fiserv; Ford Motor; Ford Motor Company; Fort Worth, TX; Foundation Software; Fourways Consulting Services; FreedomPay; Fusion HCR; Futran Solutions; GRT Corporation; Genesis10; Genius Road; Genius Road, LLC; Gigamon; Goldstone Partners, Inc.; GovCIO; Government Systems Technologies Inc. ; GreyCell Labs, Inc; Group Nine; H R PUNDITS INC; HCSC; HERS Advisors; HPTech Inc.; Hagerty Insurance; Herndon, VA; Hexaware; Hirekeyz Inc; Home Depot; Humana; Huntington National Bank; INSPYR Solutions; IO Datasphere; ISR Info Way, Inc.; IT America Inc; ITBMS Inc.; ITCAPS LLC; Innova Solutions, Inc; Insight Global; Intellect Quest LLC; IntelliX Software, Inc; Intercontinental Exchange ; Intercontinental Exchange Holdings; International Solutions Group; JBA International; JBS Technologies; JC Corporations Inc; JPMorgan Chase; JPMorgan Chase & Co.; JPMorgan Chase Bank, N.A.; JPMorganChase; Judge Group, Inc.; KAISER; KPG 99 Inc.; Kairos; Kaiser Permanente; Kforce Technology Staffing; Kohls; Laiba Technologies LLC; Las Vegas, NV; Levi, Ray & Shoup; Levi, Ray, & Shoup, Inc.; Lorven Technologies, Inc.; Luminare Health Benefits; M&T Bank; MUFG; Maania Consultancy Services; Manpower/itec; ManpowerGroup; Marriott; Marriott Hotels Resorts; Marriott International; Marriott Vacations Worldwide; Mastech Digital; MasterCard; Mastercard; MetLife; Minneapolis, MN; Miracle Software Systems, Inc.; Mitsubishi UFJ Financial Group; NasTech Global, Inc.; Nashville, TN; New Age Software Services Corporation; Newt Global; Nike; Nisum; NoblQ INC; Noblesoft Technologies; Noblis; NovaLink Solutions; Nuvei; OP Consulting Group LLC; Obsidian Solutions Group; Okaya Inc; OmegaHires; OneBlood; Ontada; Openkyber; Otter Base; PNC; PNC Financial Services Group; PTR Global; Park Computer Systems, Inc; Parts Town; Penske Truck Leasing; PeopleNTech; Photon Group; Pittsburgh, PA; Plano, TX; Plexus Worldwide; Prabhav Services Inc; Prudent Technologies and Consulting; Purview Infotech; Pyramid Consulting, Inc.; Qode; QualiTest; Quest Diagnostics; RICEFW Technologies Inc; Raag Solutions; RaceTrac; Randstad Digital; Randstad Digital Manual LLC; Raymond James; Raymond James Financial, Inc.; RealTek Consulting; Redolent; Resource Management Concepts, Inc.; Riptide Technology; S3; S3 Connections LLC; SAIC; SOHO Square Solutions; SS&C; Sambasafety; San Leandro, CA; Scalable Systems; Scottsdale, AZ; Seattle, WA; Shiro Technologies; SkylineIT Solutions; Software Guidance & Assistance; Solugenix Corp; Solugenix Corporation; SolutionIT, Inc.; Source Code Technologies LLC; South Jordan, UT; Spadtek Solutions LLC; Spectrum Net Designs; St. Louis, MO; Stafford Technology; State Street; Sysmind, LLC; SystemDomain, Inc.; T. Rowe Price; TCC Toyota Motor Credit Corporation Company; TECH Tammina; TEKsystems; TEKsystems c/o Allegis Group; Talent Search PRO; Talentrupt; TechSpace Solutions Inc.; Techno Talent Inc.; Techridge, Inc.; Techstra Solutions; TekLeaders, Inc; TekShapers; TekisHub Consulting Services; The Davey Tree Expert Company; The Hartford; The Timberline Group; Thin Technologies; ThinkBeyond Inc; Tixy Services LLC; Toyota Motor North America; Tranzeal, Inc.; Trilux Tech LLC; Trinite Consulting Group; Triune Infomatics Inc; Truist; Truist Bank; Two95 International Inc.; US Tech Solutions; Uline; United Airlines; UnitedHealth Group; Unknown, IL; Unknown, TX; V-CENTRIX-US LLC; V.L.S. Systems, Inc; V2Soft; VAK Consulting LLC; VCS Digital LLC; VDart Inc; Varmoda Tech LLC; VeridianTech; Vertical Relevance; Virtusa; Vivint; Walmart; Washington, DC; Webilent Technology, Inc.; Western Alliance Bank; Western Union; Whiztek Corp; Widescope Consulting and Contracting Services; Wilmington, DE; Windward Consulting; Workforce Connections LLC; Worldwide Insurance Services; York Solutions, LLC; ZODHA SOLUTIONS; Zealogics; Zealogics.com; Zen & Art; Zillion Technologies; doTERRA; iSpace, Inc; investor.accenture; rockITdata; thehivecareers.co; vTech Solution"
2026-04-27,LiveRamp,us,348,207,141,55,6,BMW Of North America LLC.; FedEx Office; Insight Global; NGTalentTech Group LLC; Uber; iSpot,"247Hire; Accenture; Acxiom; Adstra; Albertsons; Ankura; Ankura Consulting Group; Arbital Health; BMW Of North America LLC.; Best Buy; Blend360; Bombora; BranchLab; Capgemini; Cognitiv; Colgate-Palmolive; Colgate-Palmolive Company; Comulate; Concentrix; Dollar General; EDO; FedEx Office; Fractional AI; GM; Gartner; General Motors; Gilead Sciences; HMG America; Hilton; Insight Global; Integral Ad Science; Marriott; Marriott Hotels Resorts; McAfee, Inc.; NBC Universal; NGTalentTech Group LLC; Rational 360; Redi-Mail / RediData; Samba; Sanofi; Sanofi Group; Shaper Capital; Snowflake; Spectrum Science; Take-Two Interactive Software; The New York Times; Tinuiti; Uber; Unilever; Universal Orlando; Vibe; Warner Bros. Discovery; dentsu; eBay; iSpot"
2026-04-27,nCino,us,780,780,0,160,39,"Addison, TX; Advanced Automation Consulting; Apptad Inc; Bank of America; Buffalo, NY; Cathay General Bancorp; Charlotte, NC; Cloudious LLC; CoastalStates Bank; Consumers Credit Union; Coral Gables, FL; Dieterich Bank; Doral, FL; EmployVision; FIRST BANK OF THE LAKE; FIRST NATIONAL BANK OF BASTROP; First National Bank Of Bastrop; Genesee Regional Bank; German American Bancorp; Gpac; MARKS IT SOLUTIONS LLC; MDMS Recruiting; Nashua, NH; New York, NY; Prestige Staffing; Prestige Staffing Information Technology Job; Saksoft; SolomonEdwards; Sonitalent LLC; Sriven Systems Inc.; Staffingine LLC; Tempe, AZ; Texas First Bank; Texas Security Bank; Unknown, NC; VDart Inc; WELLS FARGO BANK; Wells Fargo Bank; Zions Bancorporation, N.A.","147064 Fountain Mortgage; Accenture; Addison, TX; Advanced Automation Consulting; Ag Jobs; AgWest Farm Credit; Amerant Bank; Amerantbank; American Pacific Mortgage; American Recruiting & Consulting Group; Apex Systems; Apptad Inc; Atlantic Coast Mortgage; Atlantic Union Bank Careers; Axos Bank; B1Bank; Banc of California; Banesco Usa; Bank of America; Bank of Clarke; BankNewport; BankPlus; Bisnow; Bridgewater Bank; Buffalo, NY; Bundoran Group; Busey Bank; Byline Bank; CCU; CalPrivate Bank; Cathay Bank; Cathay General Bancorp; Centennial Bank; Charlotte, NC; City National Bank; City National Bank of Florida; Cloudious LLC; Coastal States Bank; CoastalStates Bank; Cognizant; Columbia Bank; Commonwealth Business Bank; ConnectOne Bank; Consumers Credit Union; Coral Gables, FL; Cornerstone Capital Bank; Customers Bank; DX Foundation; Dickinson Financial Corporation; Dieterich Bank; Doral, FL; Earthmover Credit Union; Eastern Bank; Eliassen Group; Elwood Staffing; EmployVision; Endeavor Bank; Evergreen Openings; Extractable; FCS Financial, ACA; FIRST BANK OF THE LAKE; FIRST NATIONAL BANK OF BASTROP; FNBO; Farm Credit Mid-America; Fifth Third Bank, N.A.; First Financial Bank; First Horizon; First Horizon Bank; First Internet Bank; First National Bank Of Bastrop; First National Bank Of Pennsylvania; First National Bank of Omaha; Five Star Bank, Ca; Fulton Bank; GalaxEsystems; Genesee Regional Bank; Genesis Capital; Georgia's Own Credit Union; German American Bancorp; Glens Falls National Bank And Trust Co; Gpac; GreenState Credit Union; Greenfield Savings; Hancock Whitney Bank; Hills Bank; IBISWorld; ICCU; ITTConnect; Insight Global; Investar Bank National As; JBA International; Judge Group, Inc.; KeyBank; Lead; Leader Bank; LoanPro; Lower; M&T Bank; MARKS IT SOLUTIONS LLC; MDMS Recruiting; MDMS Recruiting LLC; ManpowerGroup; Mld Mortgage; Municipal Credit Union; NTT America, Inc.; NTT DATA Services; Nashua, NH; New York, NY; Northern Bank; Northwest Bank; Origin Bank; Peoples Bank; Perseus Group; Photon Group; Pioneer Corporate Services Inc; Platinum Bank; Prestige Staffing; Prestige Staffing Information Technology Job; Rado Bank; Rockland Trust Company; S&T Bank; Saksoft; Sauk Valley Bank; Sb Financial Group Inc.; Servisfirst Bank; Shore United Bank; Signal Financial Federal Credit Union; SolomonEdwards; Sonitalent LLC; Southstate Bank; Sriven Systems Inc.; Staffingine LLC; State Employees Credit Union; Sunflower Bank, N.A.; TD Bank; Tempe, AZ; Texas First Bank; Texas Security Bank; The Paducah Bank And Trust Company; The Symicor Group; Tri Counties Bank; Truist; Truist Bank; Trustmark National Bank; U.S. Bank; Unknown, NC; VDart Inc; WELLS FARGO BANK; WaFd Bank; Wellby Financial; Wells Fargo; Wells Fargo Bank; West Monroe; Wintrust; Wintrust Financial; Woodforest National Bank; Wsfs Financial; Zennify; Zions Bancorporation; Zions Bancorporation, N.A."
2026-04-27,JFrog,us,399,365,34,159,33,"ADP; By Light HQ; Cedar Rapids, IA; Chandler, AZ; CoreWeave; Detroit, MI; Diverse Lynx; Diversified Services Network, Inc.; ENTRUST; Fisher Investments; Hewlett Packard Enterprise; ITECS; Info Dinamica Inc; Intercontinental Exchange ; JPMorgan Chase Bank, N.A.; Merlin Labs; New York, NY; Open Systems Technologies; PRIMUS Global Services Inc.; Prohires; Resmed; S3; Saransh Inc; Skrill; Strategic Staffing Solutions; SystemDomain, Inc.; TCC Toyota Motor Credit Corporation Company; TEKsystems; Toyota Motor North America; Unknown, NH; V-Soft Consulting Group, Inc; Veeam Software; Voya Financial","ADP; ASRC Federal; ASRC Federal Holding Company; AT&T; AbbVie; Alkami; Alkermes; Amatriot Group; Amentum; American Electric Power; American Express; Anduril; Anduril Industries; Apex Systems; Apex Technology; Aquila Technology; Arch Capital Group; Archesys Inc; BAE Systems; Bank of America; Beyond SOF; Booz Allen Hamilton; Bossini Technologies; Butlr; By Light HQ; CACI; CACI International; CHAOS Industries; CNA; CTC USA, LLC; CVS Health; Cadence Systems; Canoo Technologies; Capgemini; Capstone; Carrier; Cedar Rapids, IA; Chandler, AZ; CoreWeave; CrowdStrike; Cyngn; DATAMAXIS, Inc; DFO Referrals; DORLECO; Dayforce; DeepSight Technology; Detroit, MI; DevSelect; Diverse Lynx; Diversified Services Network, Inc.; Duetto Research; ENTRUST; EY; Entrust; Eversource Energy; First American Payments Systems; Fisher Careers; Fisher Investments; Fresenius Kabi; Fusion Technology; GE Aerospace; Genesis10; Genuine Parts Company; Guild Talent; Heads Up Technologies; Hewlett Packard Enterprise; Highmark Health; HubSync; IDT; ITECS; Infinity Tech Group Inc; Info Dinamica Inc; Inrix; Insight Global; Intercontinental Exchange ; Intercontinental Exchange Holdings; Isoftech Inc; Istari Digital; JLL; JPMorgan Chase; JPMorgan Chase Bank, N.A.; JPMorganChase; K2 Space; LVT; LexisNexis Risk Solutions; M&T Bank; MAG; MAG Aerospace; ManpowerGroup; Mastech Digital; Mastercard; McDonald's; Merlin Labs; Minuteman Group, Inc; Morgan Stanley; NTT America, Inc.; NTT DATA Services; NTT DATA Services, LLC; NTT Data Americas, Inc.; NVIDIA; National Life Insurance Company; New York Life Insurance Co; New York, NY; Nisum; Northrop Grumman; Open Systems Technologies; Otter Base; PRIMUS Global Services Inc.; Paysafe Group; Peyton Resource Group; Prohires; Pyramid Consulting, Inc.; QED National; Quanta Search; Quantum Default Brand; REsurety, Inc.; RTX; RTX Corporation; Randstad Digital; Randstad Digital Manual LLC; Redolent; Relativity Space; Request Technology, LLC; Resmed; Rockwell Automation; S3; SambaNova Systems; Saransh Inc; Schneider Electric; SciTec; Select Solutions Group, LLC; Skrill; Smart Caliber Technology; Snap; Snap Inc.; Sonatus; Sonatype; Space Dynamics Laboratory; State Street; Strategic Staffing Solutions; Synechron; SystemDomain, Inc.; TCC Toyota Motor Credit Corporation Company; TEKsystems; TEKsystems c/o Allegis Group; ThinKom Solutions; Torc Robotics; Toyota Motor North America; True Anomaly; US Tech Solutions; UnitedHealth Group; Unknown, NH; V-Soft Consulting Group, Inc; Valinor Enterprises; Veeam Software; Viavi Solutions; Voya Financial; Walmart; Yahoo"
2026-04-27,Guidewire,us,1000,966,34,242,87,"24-MAG; 247Hire; APLOMB Technologies; APN Consulting Inc; Apex Systems; Atlanta, GA; BlueSky Resource Solutions; Boston, MA; Brillio; CYNET SYSTEMS; CareWell Health; Chubb; Collaborate Solutions, Inc.; Columbus, OH; Compunnel Inc.; Conch Technologies; Conch Technologies Inc; Covenant Health; Covetus, LLC; CuraMed Staffing, LLC; Dallas, TX; Delta System and Software Inc.; Derex Technologies Inc; Donegal Insurance Group; Duke Health; Edison, NJ; Encode INC; Erie Insurance; Ficoh; Goodville Mutual Casualty Company; HTC Global Services; Health Advocates Network; IBU Consulting, LLC; ISite Technologies Inc; Incorporan Inc; Kaiser Permanente; Levi, Ray & Shoup; Levi, Ray & Shoup, Inc.; Levi, Ray, & Shoup, Inc.; Los Angeles, CA; Lumiere Systems; MSR Cosmos; Memic; Mercor; MetaRPO; Michigan Millers Mutual Insurance Company; Millennium Software, Inc.; Nashville, TN; New York, NY; Nexus IT Group; Nexwave Inc; Nj Cure; Nuvance Health; Peyton Resource Group; Plano, TX; ProSelect Insurance Company; Purple Drive; REDLEO SOFTWARE INC.; Raas Infotek LLC; S3; STAFFXPERT LLC; San Antonio, TX; San R&D Business Solutions LLC; Seibels Services Group, Inc.; Sibitalent Corp; Sierra Business Solution LLC; Society Insurance Company; StoneGate-Technologies LLC; Summit, NJ; TEKsystems; TSQ Systems Inc; TalentBurst, Inc.; Texas Windstorm Insurance Association; Thinkbyte Consulting, Inc.; Trail Blazer Consulting LLC; Travelers; Travelers Insurance Company; Troy, MI; USAA; United Auto Insurance; VLink Inc; VRK IT Vision Inc; Verisk Analytics; Vertex Solutions Inc.; WCF Insurance; eTek IT Services, Inc.; iPeople Infosystems LLC","24-MAG; 247Hire; A3N consulting Llc; AAA; APLOMB Technologies; APN Consulting Inc; Accenture; Accroid Inc; Aerotek; Akaasa Technologies; American Traveler; Apex Systems; Apptad Inc; Arnot Health System; Aroha Technologies; Atlanta, GA; Bamboo Insurance; Baptist; Berkley; Beth Israel Lahey Health; BlueSky Resource Solutions; Boston, MA; Box; Brillio; CBTS; CCC Intelligent Solutions; CNA; CYNET SYSTEMS; Canal Insurance Company; CapGemini; Capgemini; Care New England; CareWell Health; Chubb; Cloudious; Cloudious LLC; Cognizant; Collaborate Solutions, Inc.; Columbia Insurance; Columbus, OH; Community Health Systems; Compunnel Inc.; Concentrix; Conch Technologies; Conch Technologies Inc; Confluent Medical Technologies Inc; Cordova; Covenant Health; Covetus, LLC; CuraMed Staffing, LLC; Cynet Health; DMS Vision Inc; Dallas, TX; Deloitte; Delta System and Software Inc.; Derex Technologies Inc; Donegal Insurance Group; Duke Health; EA Team, Inc.; ECCLESIASTES INC; EVEREST CONSULTING GROUP, INC; EY; Edge Global; Edison, NJ; Elite Technical; Encode INC; Erie Insurance; Erie Insurance Group; Excelon Solutions LLC; FCCI; Farmers Mutual Insurance Company Of Nebraska; Ficoh; Frankenmuth Insurance; Fusion Medical Staffing; Futran Solutions; Genesis NGN Inc.; Goodville Mutual Casualty Company; Great American Insurance Company; Greater New York Mutual Insurance Company; Guidehouse; HCLTech; HR Pundits; HTC Global Services; HTC Global Services Inc; HUB International; Health Advocates Network; HealthTrust / MaineHealth Medical Center; Hermitage Infotech; Hexaware; Hirekeyz Inc; IBU Consulting, LLC; ISite Technologies Inc; Inclined; Incorporan Inc; Inherent Technologies; Innovise IT LLC; Inova; Inova Health System; Insight Global; JBA International; Jacobson Group; Judge Group, Inc.; K-Tek Resourcing LLC; KR Elixir, Inc.; Kaiser Permanente; Kemper; Kent Hospital; Keylent; Kforce Technology Staffing; King'S Insurance Staffing; Last Word Consulting; Levi, Ray & Shoup; Levi, Ray & Shoup, Inc.; Levi, Ray, & Shoup, Inc.; Liberate; Liberty Mutual; Libsys, Inc.; Los Angeles, CA; Lumiere Systems; MHM Support Services; MMT; MSIG Holdings; MSR Cosmos; MSRCosmos; Maine Medical Center; ManpowerGroup; Markel; Memic; Mercor; Mercury Insurance Services, LLC; Mercy; Merit Medical Systems; MetaRPO; Michigan Farm Bureau; Michigan Millers Mutual Insurance Company; Millennium Software, Inc.; Minutes to Seconds Pty Ltd; NAAS Technologies; Nashville, TN; National Indemnity Company; Nationwide Mutual Insurance; Net Orbit Inc; Network Temp; New Mexico Mutual Casualty Company; New York, NY; Next Level Business Services, Inc.; Nexus IT Group; Nexwave Inc; Nj Cure; Northside Hospital Inc.; Nuvance Health; Ocean Blue Solution; OpenTeQ Inc; Openkyber; Patrick McGuire - Farm Bureau Agent; Peyton Resource Group; Piedmont Healthcare; Pioneer Corporate Services Inc; Plano, TX; PricewaterhouseCoopers; ProSelect Insurance Company; Professional Search Group; Purple Drive; PwC; Quantiphi; Quantom Tech LLC; RBGlobal; REDLEO SOFTWARE INC.; Raas Infotek LLC; ReSource Pro; S3; SANS; STAFFXPERT LLC; Saksoft; San Antonio, TX; San R&D Business Solutions LLC; Seibels Services Group, Inc.; Sentry Insurance; Sharpedge Solutions; Shrive Technologies LLC; Sibitalent Corp; Sidzen LLC; Sierra Business Solution LLC; Silverlink Technologies LLC; Slide Insurance; Smart Caliber Technology; SmartIT Pros Inc; Society Insurance Company; South Shore Health; Spear Staffing; Sprocket Staffing Services; Stanley David and Associates; Stellent IT LLC; StoneGate-Technologies LLC; Stryker; Summit, NJ; Sysmind, LLC; TEKsystems; TEKsystems c/o Allegis Group; TSQ Systems Inc; TalentBurst, Inc.; Tech Mahindra  Inc.; Tech Providers Inc.; TekShapers; Texas Windstorm Insurance Association; The Dignify Solutions, LLC; The Jonus Group; Thinkbyte Consulting, Inc.; Trail Blazer Consulting LLC; Travelers; Travelers Insurance Company; Troy, MI; UFG Career; USAA; USAA Careers; United Auto Insurance; VDart, Inc.; VLink Inc; VRK IT Vision Inc; Vaco by Highspring; Verisk Analytics; Vertex Solutions Inc.; Virtual Networx; WCF Insurance; Webilent Technology, Inc.; Weekday AI; WellSpan Health; Western Reserve Group; Xenter; Yochana IT Solutions; Zodiac Solutions; Zodiac Solutions Inc.; Zurich NA; eBusiness Solutions, Inc.; eSense Incorporated; eTek IT Services, Inc.; i3; iBridge Techsoft LLC; iPeople Infosystems LLC; iSquareinfo LLC; nexus IT group; thehivecareers.co"
2026-04-27,Agilysys,us,72,72,0,47,10,"7 Cedars Resort; Catawba Two Kings Casino; Kiawah Resort; Ko-Kwel Casino Resort Coos Bay; Las Vegas, NV; Link Technologies; Meruelo Group; Otesaga Hotel.; Salamander Employer Dc, Llc; Table Mountain Casino Resort","7 Cedars Resort; Beaver Run Resort & Conference Center; Bluewater Casino & Resort; Boar's Head Resort; Casino and; Catawba Two Kings Casino; Cliff Castle Casino Hotel; Compass Group; Compass Group, North America; Crescent Careers; Firebrand; Fort Mcdowell Golf Club; Full House Resorts; Grand Lake Casino; Halekulani Hotel; Highgate Hotels; Hilton; Hilton Grand Vacations; Houstonian; Kiawah Resort; Kimpton Hotels & Restaurants; Ko-Kwel Casino Resort Coos Bay; LV Search Partners; Las Vegas, NV; Link Technologies; Lucky Eagle Casino; MGM Resorts; Maverick Colorado; Meruelo Group; Ocean Casino Resort; Otesaga Hotel.; Photon Group; Pinehurst; Prairie Meadows; Property Management; Pure Events Lp; Q Casino + Resort; Salamander Employer Dc, Llc; Salamander Palm Beach Employer; Sand Valley; Shore Lodge Whitetail; Star Casino; Table Mountain Casino Resort; The Boca Raton; Treetops Resort; Ymca Of The Rockies; ilani Casino Resort"
2026-04-27,Qualys,us,692,663,29,339,75,"66degrees; ASB Resources; Apton Inc; Arizona Department of Administration; Artera; Banco Santander; Bismarck Public Schools; CYNET SYSTEMS; Carrier; Carrier Corporation; CenturyLink; Chandra Technologies, Inc.; Cogent Data Solutions Llc; Columbia, SC; CommonSpirit Health; Cynosure Technologies LLC; DP Professionals Inc; Donato Technologies Inc; Donato Technologies, Inc; Drawbridge Partners; Dutech Systems; ERPA; Elegant Enterprise Wide Solutions; Ferguson Enterprises; Fortinet; HOAMCO; Information Resource Group, Inc.; InnoSoul, Inc.; Innosoul inc; Inogen; InterBase Corporation; J5 Consulting; Little Rock School District; Lumen; Maddisoft; Mallinckrodt Pharmaceuticals; Maxpath Technologies LLC; Metropolitan Transportation Authority; Miami, FL; NV5; NavitasPartners; Oakland, CA; OneDigital; PaceMate; PaceMate™; Partnership HealthPlan of California; Princeton Independent School District; RICEFW Technologies Inc; Rapport IT; Resourcesoft, Inc.; Restaurant Brands International; Reston, VA; Rivkin Radler LLP; SUNSHINE ENTERPRISE USA LLC; ServiceNow; ServiceNow, Inc.; Signature Consultants; Software People, Inc.; Stellar Professionals; Stellar Professionals LLC; Sysmind LLC; T. Rowe Price; Tampa, FL; Technologent; ThermoFisher Scientific; Trinity Health; UltraViolet Cyber; VGroup Inc; VIVA USA INC; VKore Solutions LLC; VSG Business Solutions LLC; Vector Consulting, Inc; Visionsoft International; Xylo Technologies, Inc.; Zermount","66degrees; A+E Global Media; AAC; ABM; ABM Industries; ADPMN Inc; ASB Resources; ASM Research, An Accenture Federal Services Company; Abbott; Accelerate; Accenture; Accenture Federal Services; Advatix, Inc.; Ag Jobs; AgreeYa Solutions; Air Apps; Aledade; Alkami; All County Home Health and Hospice; Amentum; American Heart Association; Analog Devices; Apex Systems; Apton Inc; Ardent Principles; Aretec Open Opportunites; Arizona Department of Administration; Artera; Ascensus; Auburn University; Avint; Banco Santander; Barclays; Bart & Associates; Batesville Tool & Die; Beyond SOF; Bismarck Public Schools; Blue Star Partners LLC; Booz Allen Hamilton; Boston Public Schools; Brightli; Bristol Myers Squibb; CACI; CACI International; CBTS; CIM Group; CRDF Global; CYNET SYSTEMS; Capgemini; Capital Consultants Management Corporation; Capital One; Carnival Corporation; Carnival Cruise Line; Carrier; Carrier Corporation; Catawba Two Kings Casino; CenturyLink; Cerity Partners; Cetera Financial Group; Cetera Financial Group, Inc.; Champion Home Builders Inc.; Chandra Technologies, Inc.; Citizens; Cloudflare; Club Car Llc; Coalfire; Coalfire Systems; Cogent Data Solutions Llc; Columbia, SC; Comcast; CommonSpirit Health; Compass Group; Compass Group, North America; ComplyAuto; CompuCom; Conifer Health Solutions; Construction Resources; Core Specialty Insurance Services; CoreWeave; Corpay; Creative Information Technology, Inc.; Cynosure Technologies LLC; DP Professionals Inc; DRC Systems; DTCC; DVI Technologies, Inc.; Deluxe; Dew Softech Inc; Digital Technology Solutions; DirectViz Solutions, LLC; Donato Technologies Inc; Donato Technologies, Inc; Drawbridge Partners; Dublin City Schools; Dutech Systems; ERG; ERPA; ESM; Early Warning Services, LLC; Educational Service Center of Central Ohio; Elbit America; Electrosoft; Elegant Enterprise Wide Solutions; Eliassen Group; Emanuel Medical Ctr; Empire State Realty Trust; Enterris Associates; Envelop Group; F5 Networks; Falmouth Public Schools; Ferguson Enterprises; Ferguson Enterprises, LLC.; First American Payments Systems; Forescout Technologies; Fortinet; Freedom Technology Solutions Group; GBMC Healthcare; GBOE; GD Information Technology; GM Financial; Gainwell Technologies LLC; Generac; Generac Power Systems; Genesis Capital; Genesis Global Recruiting Inc; Genesis10; Godwins Gatorland; GovCIO; Gowanda Electronics.; Grandview; Grant Thornton; Greenboard; GuidePoint Security; Guidehouse; HH Global; HOAMCO; HP; HP Inc.; Harness; HealthVerity; Herron High School; Hexagon US Federal; Holtec International; Honeywell; HonorHealth; HonorVet Technologies; Human Resources Research Organization; Hyperproof; INPO External; INSPYR Solutions; INTECH Process Automation; Idexx; Indotronix International Corp; Information Resource Group, Inc.; InnoSoul, Inc.; Innosoul inc; Inogen; InquisIT; Insight Global; Integra LifeSciences; InterBase Corporation; Isoftech Inc; Ivalua; J5 Consulting; JPMorgan Chase & Co.; JSL Technologies; Jbs Usa; Jean Martin, Inc; Judge Group, Inc.; KalVista Pharmaceuticals; KeyBank; Kforce Technology Staffing; Koniag Government Services; Leidos; Lightning AI; Little Rock School District; Lumen; Lumin Digital; M. C. Dean; MAG; MAG Aerospace; MUFG; Maddisoft; Mallinckrodt Pharmaceuticals; ManpowerGroup; Maxpath Technologies LLC; Maze; Metropolitan Transportation Authority; Miami, FL; Milbank LLP; Mindlance; Mitsubishi UFJ Financial Group; Motion Recruitment Partners, LLC; Mount Vernon School District 320; Mountain View Hospital; Msccn; NRG Energy, Inc.; NTT America, Inc.; NTT DATA North America; NTT DATA Services; NTT Data Americas, Inc.; NV5; Nationwide IT Services; NavitasPartners; Nenni and Associates; NeoSystems Careers; NetCentrics Corporation; Nexiva Inc; Northrop Grumman; Oakland, CA; Office Depot; Ogden City Corporation; Okta; OneDigital; OneMain Financial; OpenFX; OpenRouter; Openkyber; Operation Breakthrough; Origin Bank; Ovation Healthcare; PaceMate; PaceMate™; Partnership HealthPlan of California; Platinum Dermatology Partners; Point72; PowerPlan, Inc; Prairie City Monroe Community School District; Princeton Independent School District; Prudential Financial; Pueo Business Solutions; QED National; QualiTech; Quest Diagnostics; RELX; RELX INC; RICEFW Technologies Inc; RSM; Rapport IT; Resolutions Hospice Austin; Resourcesoft, Inc.; Restaurant Brands International; Reston, VA; Rhodian Group; Rishabh Software Pvt. Ltd; Rivkin Radler LLP; Roane County Schools; Robert Half; Roehl Transport; S2i2 Inc; SAIC; SHI; SHI International; SJSU Student Union; SUNSHINE ENTERPRISE USA LLC; SailPoint; Santander US; Saul Ewing LLP; Sentara Hospitals; ServiceNow; ServiceNow, Inc.; Sherpa 6; Siemens; Siemens Healthineers; Signature Consultants; Software People, Inc.; Solana Technology; Sony; Spring Grove Area School District; Standard Meat; Stanford University; Staples; State of Ohio; Stellar Professionals; Stellar Professionals LLC; Stellent IT LLC; Superior Support Resources; SysLogic, Inc.; Sysmind LLC; System One; T. Rowe Price; TCC Toyota Motor Credit Corporation Company; TE Connectivity; TEKsystems; TEKsystems c/o Allegis Group; TRC Talent Solutions; Tampa, FL; Techno-Comp, Inc.; Technologent; Tenet North Cal; Tentamus North America; The Giant Bullseye; The Jeffcoat Firm Injury & Accident Lawyers PA; The ODP Corporation; The Search Solutions, LLC; The Timberline Group; The Weather Company; Thermo Fisher Scientific; ThermoFisher Scientific; Toyota Motor North America; Toyota Tsusho Systems; Trailboss Enterprises; TransCore; Trinity Health; True Anomaly; Two95 International Inc.; Tyto Athene; Tyto Athene, LLC; UO HR Website; UltraViolet Cyber; University of New Mexico; University of Rochester; Utilitra; VGroup Inc; VHC Health; VIVA USA INC; VKore Solutions LLC; VSG Business Solutions LLC; Vector Consulting, Inc; Verizon; Versa Networks; Versiti; Vertafore; Vibrint; Visionsoft International; Vitaver & Associates; Voya Financial; West Advanced Technologies, Inc.; Western Digital; Western Union; Williams International; Xylo Technologies, Inc.; Yes Energy; Zermount; Zoox; cFocus Software Incorporated; cFocus Softwareorporated; eTelligent Group; runZero"
2026-04-27,Varonis,us,520,466,54,48,0,,"AgreeYa Solutions; American Institutes for Research; Analog Devices; Athenix Solutions Group; Athenix Solutions Group, LLC; Bloomberg; Booz Allen Hamilton; Brandon Consulting Associates, Inc.; Brown Investment Advisory & Trust; Cinch Careers Page- External; Deloitte; East West Bank; Ensono; Fidelity National Financial, Inc.; Genesis10; GuidePoint Security; HD Supply; HD Supply Management; IBM; Insight Global; Intellect Quest LLC; Kentro; Lorven Technologies, Inc.; MSP Hire; MSP Hire, Inc.; Morgan Stanley; New York Life Insurance Co; Nth Generation; Openkyber; Regent University; SAIC; SHI; SHI GmbH; SHI International; SMBC; SPHERE Technology Solutions; SPS Consulting, LLC; Sharp Decisions; SourcePro Search; Staples; TE Connectivity; TEKsystems; TEKsystems c/o Allegis Group; Teramind; Veeam Software; Verathon, Inc.; VeridianTech; ZOLL Medical"
2026-04-27,Dynatrace,us,1000,947,53,326,2,Government Systems Technologies Inc. ; Intercontinental Exchange ,"247Hire; 2K; 3A Soft Inc; 3Core Systems, Inc; A-Line Staffing Solutions LLC; ACI Infotech; ACS Consultancy Services, Inc.; ADP; ADT; ARK Solutions Inc; ASCENDING; ASM Research, An Accenture Federal Services Company; AT&T; Accenture; Accenture Federal Services; Advanced Tech Placement; Akrivis Solutions; Alexa Systems; Allen, TX; Alliance Sourcing Network; Ally; Amatriot Group; Amergis; American Express; American Technology Consulting; Amerit Consulting; Ampcus Inc; ApTask; Apex Systems; Apexon; Apolis; Arkhya Tech; Ascera; Astra North Infoteck Inc.; Atlanta, GA; AutoZone, Inc.; Autozone; BCforward; Baltimore, MD; Bank of America; Berkley; Best Buy; Bolingbrook, IL; Brooksource; C4 Technical Services; CGI; CGI Technologies and Solutions, Inc.; COOLSOFT; CTC USA, LLC; CTG; CVS Health; CYNET SYSTEMS; Calabitek; Canoo Technologies; Cardinal Health; Celer Soft LLC; Chandler, AZ; Chandra Technologies, Inc.; Charlotte, NC; Chase; Chicago, IL; Cincinnati, OH; Citigroup; ClearBridge Technology Group; Cloud and Things; Cognizant; Collabera LLC; Columbia, MD; Conch Technologies Inc; Congensys Corp.; Converge; Corpay; CrewBloom; Cyber 1 Armor; Cystems Logic; DB Orlando- NJ; DMS Vision Inc; DTCC; DXC Technology; Dallas, TX; Data Capital Inc; DataEdge Consulting, Inc.; Daten Technology Solutions; Digital Dhara LLC; Dimension Consulting; Document Storage Systems Inc; Donnelley Financial Solutions, Inc.; Drunix Solution Inc; Dtcc; Dutech Systems; E-Solutions, Inc.; EPAM Systems; ESRhealthcare and EXEC STAFF RECRUITERS; EVEREST CONSULTING GROUP, INC; EchoStar; Eclaro; Econosoft; EdgeVerve Systems Limited; Ensono; Essel; Evoke Technologies; Expert Technology Services; FIS Capital Markets; FM; FedEx Office; First Horizon Bank; Fiserv; Ford Motor; Ford Motor Company; Fort Worth, TX; Foundation Software; Fourways Consulting Services; FreedomPay; Fusion HCR; Futran Solutions; GRT Corporation; Genesis10; Genius Road; Genius Road, LLC; Gigamon; Goldstone Partners, Inc.; GovCIO; Government Systems Technologies Inc. ; GreyCell Labs, Inc; Group Nine; H R PUNDITS INC; HCSC; HERS Advisors; HPTech Inc.; Hagerty Insurance; Herndon, VA; Hexaware; Hirekeyz Inc; Home Depot; Humana; Huntington National Bank; INSPYR Solutions; IO Datasphere; ISR Info Way, Inc.; IT America Inc; ITBMS Inc.; ITCAPS LLC; Innova Solutions, Inc; Insight Global; Intellect Quest LLC; IntelliX Software, Inc; Intercontinental Exchange ; Intercontinental Exchange Holdings; International Solutions Group; JBA International; JBS Technologies; JC Corporations Inc; JPMorgan Chase; JPMorgan Chase & Co.; JPMorgan Chase Bank, N.A.; JPMorganChase; Judge Group, Inc.; KAISER; KPG 99 Inc.; Kairos; Kaiser Permanente; Kforce Technology Staffing; Kohls; Laiba Technologies LLC; Las Vegas, NV; Levi, Ray & Shoup; Levi, Ray, & Shoup, Inc.; Lorven Technologies, Inc.; Luminare Health Benefits; M&T Bank; MUFG; Maania Consultancy Services; Manpower/itec; ManpowerGroup; Marriott; Marriott Hotels Resorts; Marriott International; Marriott Vacations Worldwide; Mastech Digital; MasterCard; Mastercard; MetLife; Minneapolis, MN; Miracle Software Systems, Inc.; Mitsubishi UFJ Financial Group; NasTech Global, Inc.; Nashville, TN; New Age Software Services Corporation; Newt Global; Nike; Nisum; NoblQ INC; Noblesoft Technologies; Noblis; NovaLink Solutions; Nuvei; OP Consulting Group LLC; Obsidian Solutions Group; Okaya Inc; OmegaHires; OneBlood; Ontada; Openkyber; Otter Base; PNC; PNC Financial Services Group; PTR Global; Park Computer Systems, Inc; Parts Town; Penske Truck Leasing; PeopleNTech; Photon Group; Pittsburgh, PA; Plano, TX; Plexus Worldwide; Prabhav Services Inc; Prudent Technologies and Consulting; Purview Infotech; Pyramid Consulting, Inc.; Qode; QualiTest; Quest Diagnostics; RICEFW Technologies Inc; Raag Solutions; RaceTrac; Randstad Digital; Randstad Digital Manual LLC; Raymond James; Raymond James Financial, Inc.; RealTek Consulting; Redolent; Resource Management Concepts, Inc.; Riptide Technology; S3; S3 Connections LLC; SAIC; SOHO Square Solutions; SS&C; Sambasafety; San Leandro, CA; Scalable Systems; Scottsdale, AZ; Seattle, WA; Shiro Technologies; SkylineIT Solutions; Software Guidance & Assistance; Solugenix Corp; Solugenix Corporation; SolutionIT, Inc.; Source Code Technologies LLC; South Jordan, UT; Spadtek Solutions LLC; Spectrum Net Designs; St. Louis, MO; Stafford Technology; State Street; Sysmind, LLC; SystemDomain, Inc.; T. Rowe Price; TCC Toyota Motor Credit Corporation Company; TECH Tammina; TEKsystems; TEKsystems c/o Allegis Group; Talent Search PRO; Talentrupt; TechSpace Solutions Inc.; Techno Talent Inc.; Techridge, Inc.; Techstra Solutions; TekLeaders, Inc; TekShapers; TekisHub Consulting Services; The Davey Tree Expert Company; The Hartford; The Timberline Group; Thin Technologies; ThinkBeyond Inc; Tixy Services LLC; Toyota Motor North America; Tranzeal, Inc.; Trilux Tech LLC; Trinite Consulting Group; Triune Infomatics Inc; Truist; Truist Bank; Two95 International Inc.; US Tech Solutions; Uline; United Airlines; UnitedHealth Group; Unknown, IL; Unknown, TX; V-CENTRIX-US LLC; V.L.S. Systems, Inc; V2Soft; VAK Consulting LLC; VCS Digital LLC; VDart Inc; Varmoda Tech LLC; VeridianTech; Vertical Relevance; Virtusa; Vivint; Walmart; Washington, DC; Webilent Technology, Inc.; Western Alliance Bank; Western Union; Whiztek Corp; Widescope Consulting and Contracting Services; Wilmington, DE; Windward Consulting; Workforce Connections LLC; Worldwide Insurance Services; York Solutions, LLC; ZODHA SOLUTIONS; Zealogics; Zealogics.com; Zen & Art; Zillion Technologies; doTERRA; iSpace, Inc; investor.accenture; rockITdata; thehivecareers.co; vTech Solution"
2026-04-27,LiveRamp,us,348,207,141,55,0,,"247Hire; Accenture; Acxiom; Adstra; Albertsons; Ankura; Ankura Consulting Group; Arbital Health; BMW Of North America LLC.; Best Buy; Blend360; Bombora; BranchLab; Capgemini; Cognitiv; Colgate-Palmolive; Colgate-Palmolive Company; Comulate; Concentrix; Dollar General; EDO; FedEx Office; Fractional AI; GM; Gartner; General Motors; Gilead Sciences; HMG America; Hilton; Insight Global; Integral Ad Science; Marriott; Marriott Hotels Resorts; McAfee, Inc.; NBC Universal; NGTalentTech Group LLC; Rational 360; Redi-Mail / RediData; Samba; Sanofi; Sanofi Group; Shaper Capital; Snowflake; Spectrum Science; Take-Two Interactive Software; The New York Times; Tinuiti; Uber; Unilever; Universal Orlando; Vibe; Warner Bros. Discovery; dentsu; eBay; iSpot"
2026-04-27,nCino,us,780,780,0,160,0,,"147064 Fountain Mortgage; Accenture; Addison, TX; Advanced Automation Consulting; Ag Jobs; AgWest Farm Credit; Amerant Bank; Amerantbank; American Pacific Mortgage; American Recruiting & Consulting Group; Apex Systems; Apptad Inc; Atlantic Coast Mortgage; Atlantic Union Bank Careers; Axos Bank; B1Bank; Banc of California; Banesco Usa; Bank of America; Bank of Clarke; BankNewport; BankPlus; Bisnow; Bridgewater Bank; Buffalo, NY; Bundoran Group; Busey Bank; Byline Bank; CCU; CalPrivate Bank; Cathay Bank; Cathay General Bancorp; Centennial Bank; Charlotte, NC; City National Bank; City National Bank of Florida; Cloudious LLC; Coastal States Bank; CoastalStates Bank; Cognizant; Columbia Bank; Commonwealth Business Bank; ConnectOne Bank; Consumers Credit Union; Coral Gables, FL; Cornerstone Capital Bank; Customers Bank; DX Foundation; Dickinson Financial Corporation; Dieterich Bank; Doral, FL; Earthmover Credit Union; Eastern Bank; Eliassen Group; Elwood Staffing; EmployVision; Endeavor Bank; Evergreen Openings; Extractable; FCS Financial, ACA; FIRST BANK OF THE LAKE; FIRST NATIONAL BANK OF BASTROP; FNBO; Farm Credit Mid-America; Fifth Third Bank, N.A.; First Financial Bank; First Horizon; First Horizon Bank; First Internet Bank; First National Bank Of Bastrop; First National Bank Of Pennsylvania; First National Bank of Omaha; Five Star Bank, Ca; Fulton Bank; GalaxEsystems; Genesee Regional Bank; Genesis Capital; Georgia's Own Credit Union; German American Bancorp; Glens Falls National Bank And Trust Co; Gpac; GreenState Credit Union; Greenfield Savings; Hancock Whitney Bank; Hills Bank; IBISWorld; ICCU; ITTConnect; Insight Global; Investar Bank National As; JBA International; Judge Group, Inc.; KeyBank; Lead; Leader Bank; LoanPro; Lower; M&T Bank; MARKS IT SOLUTIONS LLC; MDMS Recruiting; MDMS Recruiting LLC; ManpowerGroup; Mld Mortgage; Municipal Credit Union; NTT America, Inc.; NTT DATA Services; Nashua, NH; New York, NY; Northern Bank; Northwest Bank; Origin Bank; Peoples Bank; Perseus Group; Photon Group; Pioneer Corporate Services Inc; Platinum Bank; Prestige Staffing; Prestige Staffing Information Technology Job; Rado Bank; Rockland Trust Company; S&T Bank; Saksoft; Sauk Valley Bank; Sb Financial Group Inc.; Servisfirst Bank; Shore United Bank; Signal Financial Federal Credit Union; SolomonEdwards; Sonitalent LLC; Southstate Bank; Sriven Systems Inc.; Staffingine LLC; State Employees Credit Union; Sunflower Bank, N.A.; TD Bank; Tempe, AZ; Texas First Bank; Texas Security Bank; The Paducah Bank And Trust Company; The Symicor Group; Tri Counties Bank; Truist; Truist Bank; Trustmark National Bank; U.S. Bank; Unknown, NC; VDart Inc; WELLS FARGO BANK; WaFd Bank; Wellby Financial; Wells Fargo; Wells Fargo Bank; West Monroe; Wintrust; Wintrust Financial; Woodforest National Bank; Wsfs Financial; Zennify; Zions Bancorporation; Zions Bancorporation, N.A."
2026-04-27,JFrog,us,399,365,34,159,1,Intercontinental Exchange ,"ADP; ASRC Federal; ASRC Federal Holding Company; AT&T; AbbVie; Alkami; Alkermes; Amatriot Group; Amentum; American Electric Power; American Express; Anduril; Anduril Industries; Apex Systems; Apex Technology; Aquila Technology; Arch Capital Group; Archesys Inc; BAE Systems; Bank of America; Beyond SOF; Booz Allen Hamilton; Bossini Technologies; Butlr; By Light HQ; CACI; CACI International; CHAOS Industries; CNA; CTC USA, LLC; CVS Health; Cadence Systems; Canoo Technologies; Capgemini; Capstone; Carrier; Cedar Rapids, IA; Chandler, AZ; CoreWeave; CrowdStrike; Cyngn; DATAMAXIS, Inc; DFO Referrals; DORLECO; Dayforce; DeepSight Technology; Detroit, MI; DevSelect; Diverse Lynx; Diversified Services Network, Inc.; Duetto Research; ENTRUST; EY; Entrust; Eversource Energy; First American Payments Systems; Fisher Careers; Fisher Investments; Fresenius Kabi; Fusion Technology; GE Aerospace; Genesis10; Genuine Parts Company; Guild Talent; Heads Up Technologies; Hewlett Packard Enterprise; Highmark Health; HubSync; IDT; ITECS; Infinity Tech Group Inc; Info Dinamica Inc; Inrix; Insight Global; Intercontinental Exchange ; Intercontinental Exchange Holdings; Isoftech Inc; Istari Digital; JLL; JPMorgan Chase; JPMorgan Chase Bank, N.A.; JPMorganChase; K2 Space; LVT; LexisNexis Risk Solutions; M&T Bank; MAG; MAG Aerospace; ManpowerGroup; Mastech Digital; Mastercard; McDonald's; Merlin Labs; Minuteman Group, Inc; Morgan Stanley; NTT America, Inc.; NTT DATA Services; NTT DATA Services, LLC; NTT Data Americas, Inc.; NVIDIA; National Life Insurance Company; New York Life Insurance Co; New York, NY; Nisum; Northrop Grumman; Open Systems Technologies; Otter Base; PRIMUS Global Services Inc.; Paysafe Group; Peyton Resource Group; Prohires; Pyramid Consulting, Inc.; QED National; Quanta Search; Quantum Default Brand; REsurety, Inc.; RTX; RTX Corporation; Randstad Digital; Randstad Digital Manual LLC; Redolent; Relativity Space; Request Technology, LLC; Resmed; Rockwell Automation; S3; SambaNova Systems; Saransh Inc; Schneider Electric; SciTec; Select Solutions Group, LLC; Skrill; Smart Caliber Technology; Snap; Snap Inc.; Sonatus; Sonatype; Space Dynamics Laboratory; State Street; Strategic Staffing Solutions; Synechron; SystemDomain, Inc.; TCC Toyota Motor Credit Corporation Company; TEKsystems; TEKsystems c/o Allegis Group; ThinKom Solutions; Torc Robotics; Toyota Motor North America; True Anomaly; US Tech Solutions; UnitedHealth Group; Unknown, NH; V-Soft Consulting Group, Inc; Valinor Enterprises; Veeam Software; Viavi Solutions; Voya Financial; Walmart; Yahoo"
2026-04-27,Guidewire,us,1000,966,34,242,0,,"24-MAG; 247Hire; A3N consulting Llc; AAA; APLOMB Technologies; APN Consulting Inc; Accenture; Accroid Inc; Aerotek; Akaasa Technologies; American Traveler; Apex Systems; Apptad Inc; Arnot Health System; Aroha Technologies; Atlanta, GA; Bamboo Insurance; Baptist; Berkley; Beth Israel Lahey Health; BlueSky Resource Solutions; Boston, MA; Box; Brillio; CBTS; CCC Intelligent Solutions; CNA; CYNET SYSTEMS; Canal Insurance Company; CapGemini; Capgemini; Care New England; CareWell Health; Chubb; Cloudious; Cloudious LLC; Cognizant; Collaborate Solutions, Inc.; Columbia Insurance; Columbus, OH; Community Health Systems; Compunnel Inc.; Concentrix; Conch Technologies; Conch Technologies Inc; Confluent Medical Technologies Inc; Cordova; Covenant Health; Covetus, LLC; CuraMed Staffing, LLC; Cynet Health; DMS Vision Inc; Dallas, TX; Deloitte; Delta System and Software Inc.; Derex Technologies Inc; Donegal Insurance Group; Duke Health; EA Team, Inc.; ECCLESIASTES INC; EVEREST CONSULTING GROUP, INC; EY; Edge Global; Edison, NJ; Elite Technical; Encode INC; Erie Insurance; Erie Insurance Group; Excelon Solutions LLC; FCCI; Farmers Mutual Insurance Company Of Nebraska; Ficoh; Frankenmuth Insurance; Fusion Medical Staffing; Futran Solutions; Genesis NGN Inc.; Goodville Mutual Casualty Company; Great American Insurance Company; Greater New York Mutual Insurance Company; Guidehouse; HCLTech; HR Pundits; HTC Global Services; HTC Global Services Inc; HUB International; Health Advocates Network; HealthTrust / MaineHealth Medical Center; Hermitage Infotech; Hexaware; Hirekeyz Inc; IBU Consulting, LLC; ISite Technologies Inc; Inclined; Incorporan Inc; Inherent Technologies; Innovise IT LLC; Inova; Inova Health System; Insight Global; JBA International; Jacobson Group; Judge Group, Inc.; K-Tek Resourcing LLC; KR Elixir, Inc.; Kaiser Permanente; Kemper; Kent Hospital; Keylent; Kforce Technology Staffing; King'S Insurance Staffing; Last Word Consulting; Levi, Ray & Shoup; Levi, Ray & Shoup, Inc.; Levi, Ray, & Shoup, Inc.; Liberate; Liberty Mutual; Libsys, Inc.; Los Angeles, CA; Lumiere Systems; MHM Support Services; MMT; MSIG Holdings; MSR Cosmos; MSRCosmos; Maine Medical Center; ManpowerGroup; Markel; Memic; Mercor; Mercury Insurance Services, LLC; Mercy; Merit Medical Systems; MetaRPO; Michigan Farm Bureau; Michigan Millers Mutual Insurance Company; Millennium Software, Inc.; Minutes to Seconds Pty Ltd; NAAS Technologies; Nashville, TN; National Indemnity Company; Nationwide Mutual Insurance; Net Orbit Inc; Network Temp; New Mexico Mutual Casualty Company; New York, NY; Next Level Business Services, Inc.; Nexus IT Group; Nexwave Inc; Nj Cure; Northside Hospital Inc.; Nuvance Health; Ocean Blue Solution; OpenTeQ Inc; Openkyber; Patrick McGuire - Farm Bureau Agent; Peyton Resource Group; Piedmont Healthcare; Pioneer Corporate Services Inc; Plano, TX; PricewaterhouseCoopers; ProSelect Insurance Company; Professional Search Group; Purple Drive; PwC; Quantiphi; Quantom Tech LLC; RBGlobal; REDLEO SOFTWARE INC.; Raas Infotek LLC; ReSource Pro; S3; SANS; STAFFXPERT LLC; Saksoft; San Antonio, TX; San R&D Business Solutions LLC; Seibels Services Group, Inc.; Sentry Insurance; Sharpedge Solutions; Shrive Technologies LLC; Sibitalent Corp; Sidzen LLC; Sierra Business Solution LLC; Silverlink Technologies LLC; Slide Insurance; Smart Caliber Technology; SmartIT Pros Inc; Society Insurance Company; South Shore Health; Spear Staffing; Sprocket Staffing Services; Stanley David and Associates; Stellent IT LLC; StoneGate-Technologies LLC; Stryker; Summit, NJ; Sysmind, LLC; TEKsystems; TEKsystems c/o Allegis Group; TSQ Systems Inc; TalentBurst, Inc.; Tech Mahindra  Inc.; Tech Providers Inc.; TekShapers; Texas Windstorm Insurance Association; The Dignify Solutions, LLC; The Jonus Group; Thinkbyte Consulting, Inc.; Trail Blazer Consulting LLC; Travelers; Travelers Insurance Company; Troy, MI; UFG Career; USAA; USAA Careers; United Auto Insurance; VDart, Inc.; VLink Inc; VRK IT Vision Inc; Vaco by Highspring; Verisk Analytics; Vertex Solutions Inc.; Virtual Networx; WCF Insurance; Webilent Technology, Inc.; Weekday AI; WellSpan Health; Western Reserve Group; Xenter; Yochana IT Solutions; Zodiac Solutions; Zodiac Solutions Inc.; Zurich NA; eBusiness Solutions, Inc.; eSense Incorporated; eTek IT Services, Inc.; i3; iBridge Techsoft LLC; iPeople Infosystems LLC; iSquareinfo LLC; nexus IT group; thehivecareers.co"
2026-04-27,Agilysys,us,72,72,0,47,0,,"7 Cedars Resort; Beaver Run Resort & Conference Center; Bluewater Casino & Resort; Boar's Head Resort; Casino and; Catawba Two Kings Casino; Cliff Castle Casino Hotel; Compass Group; Compass Group, North America; Crescent Careers; Firebrand; Fort Mcdowell Golf Club; Full House Resorts; Grand Lake Casino; Halekulani Hotel; Highgate Hotels; Hilton; Hilton Grand Vacations; Houstonian; Kiawah Resort; Kimpton Hotels & Restaurants; Ko-Kwel Casino Resort Coos Bay; LV Search Partners; Las Vegas, NV; Link Technologies; Lucky Eagle Casino; MGM Resorts; Maverick Colorado; Meruelo Group; Ocean Casino Resort; Otesaga Hotel.; Photon Group; Pinehurst; Prairie Meadows; Property Management; Pure Events Lp; Q Casino + Resort; Salamander Employer Dc, Llc; Salamander Palm Beach Employer; Sand Valley; Shore Lodge Whitetail; Star Casino; Table Mountain Casino Resort; The Boca Raton; Treetops Resort; Ymca Of The Rockies; ilani Casino Resort"
2026-04-27,Qualys,us,692,663,29,339,0,,"66degrees; A+E Global Media; AAC; ABM; ABM Industries; ADPMN Inc; ASB Resources; ASM Research, An Accenture Federal Services Company; Abbott; Accelerate; Accenture; Accenture Federal Services; Advatix, Inc.; Ag Jobs; AgreeYa Solutions; Air Apps; Aledade; Alkami; All County Home Health and Hospice; Amentum; American Heart Association; Analog Devices; Apex Systems; Apton Inc; Ardent Principles; Aretec Open Opportunites; Arizona Department of Administration; Artera; Ascensus; Auburn University; Avint; Banco Santander; Barclays; Bart & Associates; Batesville Tool & Die; Beyond SOF; Bismarck Public Schools; Blue Star Partners LLC; Booz Allen Hamilton; Boston Public Schools; Brightli; Bristol Myers Squibb; CACI; CACI International; CBTS; CIM Group; CRDF Global; CYNET SYSTEMS; Capgemini; Capital Consultants Management Corporation; Capital One; Carnival Corporation; Carnival Cruise Line; Carrier; Carrier Corporation; Catawba Two Kings Casino; CenturyLink; Cerity Partners; Cetera Financial Group; Cetera Financial Group, Inc.; Champion Home Builders Inc.; Chandra Technologies, Inc.; Citizens; Cloudflare; Club Car Llc; Coalfire; Coalfire Systems; Cogent Data Solutions Llc; Columbia, SC; Comcast; CommonSpirit Health; Compass Group; Compass Group, North America; ComplyAuto; CompuCom; Conifer Health Solutions; Construction Resources; Core Specialty Insurance Services; CoreWeave; Corpay; Creative Information Technology, Inc.; Cynosure Technologies LLC; DP Professionals Inc; DRC Systems; DTCC; DVI Technologies, Inc.; Deluxe; Dew Softech Inc; Digital Technology Solutions; DirectViz Solutions, LLC; Donato Technologies Inc; Donato Technologies, Inc; Drawbridge Partners; Dublin City Schools; Dutech Systems; ERG; ERPA; ESM; Early Warning Services, LLC; Educational Service Center of Central Ohio; Elbit America; Electrosoft; Elegant Enterprise Wide Solutions; Eliassen Group; Emanuel Medical Ctr; Empire State Realty Trust; Enterris Associates; Envelop Group; F5 Networks; Falmouth Public Schools; Ferguson Enterprises; Ferguson Enterprises, LLC.; First American Payments Systems; Forescout Technologies; Fortinet; Freedom Technology Solutions Group; GBMC Healthcare; GBOE; GD Information Technology; GM Financial; Gainwell Technologies LLC; Generac; Generac Power Systems; Genesis Capital; Genesis Global Recruiting Inc; Genesis10; Godwins Gatorland; GovCIO; Gowanda Electronics.; Grandview; Grant Thornton; Greenboard; GuidePoint Security; Guidehouse; HH Global; HOAMCO; HP; HP Inc.; Harness; HealthVerity; Herron High School; Hexagon US Federal; Holtec International; Honeywell; HonorHealth; HonorVet Technologies; Human Resources Research Organization; Hyperproof; INPO External; INSPYR Solutions; INTECH Process Automation; Idexx; Indotronix International Corp; Information Resource Group, Inc.; InnoSoul, Inc.; Innosoul inc; Inogen; InquisIT; Insight Global; Integra LifeSciences; InterBase Corporation; Isoftech Inc; Ivalua; J5 Consulting; JPMorgan Chase & Co.; JSL Technologies; Jbs Usa; Jean Martin, Inc; Judge Group, Inc.; KalVista Pharmaceuticals; KeyBank; Kforce Technology Staffing; Koniag Government Services; Leidos; Lightning AI; Little Rock School District; Lumen; Lumin Digital; M. C. Dean; MAG; MAG Aerospace; MUFG; Maddisoft; Mallinckrodt Pharmaceuticals; ManpowerGroup; Maxpath Technologies LLC; Maze; Metropolitan Transportation Authority; Miami, FL; Milbank LLP; Mindlance; Mitsubishi UFJ Financial Group; Motion Recruitment Partners, LLC; Mount Vernon School District 320; Mountain View Hospital; Msccn; NRG Energy, Inc.; NTT America, Inc.; NTT DATA North America; NTT DATA Services; NTT Data Americas, Inc.; NV5; Nationwide IT Services; NavitasPartners; Nenni and Associates; NeoSystems Careers; NetCentrics Corporation; Nexiva Inc; Northrop Grumman; Oakland, CA; Office Depot; Ogden City Corporation; Okta; OneDigital; OneMain Financial; OpenFX; OpenRouter; Openkyber; Operation Breakthrough; Origin Bank; Ovation Healthcare; PaceMate; PaceMate™; Partnership HealthPlan of California; Platinum Dermatology Partners; Point72; PowerPlan, Inc; Prairie City Monroe Community School District; Princeton Independent School District; Prudential Financial; Pueo Business Solutions; QED National; QualiTech; Quest Diagnostics; RELX; RELX INC; RICEFW Technologies Inc; RSM; Rapport IT; Resolutions Hospice Austin; Resourcesoft, Inc.; Restaurant Brands International; Reston, VA; Rhodian Group; Rishabh Software Pvt. Ltd; Rivkin Radler LLP; Roane County Schools; Robert Half; Roehl Transport; S2i2 Inc; SAIC; SHI; SHI International; SJSU Student Union; SUNSHINE ENTERPRISE USA LLC; SailPoint; Santander US; Saul Ewing LLP; Sentara Hospitals; ServiceNow; ServiceNow, Inc.; Sherpa 6; Siemens; Siemens Healthineers; Signature Consultants; Software People, Inc.; Solana Technology; Sony; Spring Grove Area School District; Standard Meat; Stanford University; Staples; State of Ohio; Stellar Professionals; Stellar Professionals LLC; Stellent IT LLC; Superior Support Resources; SysLogic, Inc.; Sysmind LLC; System One; T. Rowe Price; TCC Toyota Motor Credit Corporation Company; TE Connectivity; TEKsystems; TEKsystems c/o Allegis Group; TRC Talent Solutions; Tampa, FL; Techno-Comp, Inc.; Technologent; Tenet North Cal; Tentamus North America; The Giant Bullseye; The Jeffcoat Firm Injury & Accident Lawyers PA; The ODP Corporation; The Search Solutions, LLC; The Timberline Group; The Weather Company; Thermo Fisher Scientific; ThermoFisher Scientific; Toyota Motor North America; Toyota Tsusho Systems; Trailboss Enterprises; TransCore; Trinity Health; True Anomaly; Two95 International Inc.; Tyto Athene; Tyto Athene, LLC; UO HR Website; UltraViolet Cyber; University of New Mexico; University of Rochester; Utilitra; VGroup Inc; VHC Health; VIVA USA INC; VKore Solutions LLC; VSG Business Solutions LLC; Vector Consulting, Inc; Verizon; Versa Networks; Versiti; Vertafore; Vibrint; Visionsoft International; Vitaver & Associates; Voya Financial; West Advanced Technologies, Inc.; Western Digital; Western Union; Williams International; Xylo Technologies, Inc.; Yes Energy; Zermount; Zoox; cFocus Software Incorporated; cFocus Softwareorporated; eTelligent Group; runZero"
2026-05-04,Varonis,us,495,438,57,47,11,"ABBTECH Professional Resources, Inc.|https://www.adzuna.com/land/ad/5714116861?se=SB7DoulH8RGrz_gY8KlfVw&utm_medium=api&utm_source=b9c24709&v=9C7584217C6E21D62FA9B9FD1E202A4B0A3FB4EA; Akaasa Technologies|https://www.adzuna.com/details/5716332549?utm_medium=api&utm_source=b9c24709; Artech Information Systems|https://www.adzuna.com/land/ad/5715063807?se=_tX3oOlH8RGSdISXQQQjPQ&utm_medium=api&utm_source=b9c24709&v=EB9DF708E26DC21247A2054204FB954DEEEA0B99; BOOZ, ALLEN & HAMILTON, INC.|https://www.adzuna.com/land/ad/5718006766?se=xv95oOlH8RGrz_gY8KlfVw&utm_medium=api&utm_source=b9c24709&v=08C28AD93FF06831824C0388C098B610E0B9E242; Guild Mortgage|https://www.adzuna.com/details/5715499128?utm_medium=api&utm_source=b9c24709; Huntington National Bank|https://www.adzuna.com/land/ad/5715088216?se=SB7DoulH8RGrz_gY8KlfVw&utm_medium=api&utm_source=b9c24709&v=5AE8828F7F115A825E769D3B5CFDF29F6A6EC63C; Keaki Technologies|https://www.adzuna.com/land/ad/5715515114?se=_tX3oOlH8RGSdISXQQQjPQ&utm_medium=api&utm_source=b9c24709&v=656D1A6214D9CA35F71759E190DF6BAF05D9D860; Mohegan|https://www.adzuna.com/details/5715784791?utm_medium=api&utm_source=b9c24709; Red River|https://www.adzuna.com/land/ad/5714280451?se=5GbNpOlH8RGldLZhYZiz6Q&utm_medium=api&utm_source=b9c24709&v=E03C7B90C3890D37D6082A038FF3BCDF337D11A4; TrueHire Staffing LLC|https://www.adzuna.com/land/ad/5715968179?se=xv95oOlH8RGrz_gY8KlfVw&utm_medium=api&utm_source=b9c24709&v=785F83AC2933DE13FBC0ACACA452D79AAE5CCE14; Velocity Search Group Inc.|https://www.adzuna.com/land/ad/5712834359?se=_tX3oOlH8RGSdISXQQQjPQ&utm_medium=api&utm_source=b9c24709&v=FBF8ECE4A1D0D04950B97929F477347217FCE175","ABBTECH Professional Resources, Inc.; AgreeYa Solutions; Akaasa Technologies; American Institutes for Research; Analog Devices; Artech Information Systems; Athenix Solutions Group; BOOZ, ALLEN & HAMILTON, INC.; Bloomberg; Booz Allen Hamilton; Brown Investment Advisory & Trust; Cinch Careers Page- External; Deloitte; East West Bank; Ensono; Fidelity National Financial, Inc.; Genesis10; GuidePoint Security; Guild Mortgage; HD Supply; Huntington National Bank; Insight Global; Intellect Quest LLC; Keaki Technologies; Kentro; MSP Hire; Mohegan; Morgan Stanley; New York Life Insurance Co; Nth Generation; Openkyber; RGA; Red River; Regent University; SAIC; SHI; SMBC; SPHERE Technology Solutions; SPS Consulting, LLC; SourcePro Search; TE Connectivity; Teramind; TrueHire Staffing LLC; Veeam Software; Velocity Search Group Inc.; Verathon, Inc.; VeridianTech"
2026-05-04,Dynatrace,us,1000,951,49,338,91,"1 Point System|https://www.adzuna.com/land/ad/5714914585?se=lHZmq-lH8RGEjJvlqRRi-w&utm_medium=api&utm_source=b9c24709&v=62C725780D67FF45E2B2BAC8DC56E40493AD78BD; 3AMIGOSIT LLC|https://www.adzuna.com/land/ad/5718700665?se=EBDJpulH8RGSdISXQQQjPQ&utm_medium=api&utm_source=b9c24709&v=94126C85C5933ADFC90E26EF0BC7BB3CF1D70615; Ab Ovo Inc|https://www.adzuna.com/land/ad/5711976717?se=elvCp-lH8RGldLZhYZiz6Q&utm_medium=api&utm_source=b9c24709&v=AAE7ADCC7D23A482742BE9143175F33812A5002D; Allwyn Corporation|https://www.adzuna.com/land/ad/5714783773?se=EBDJpulH8RGSdISXQQQjPQ&utm_medium=api&utm_source=b9c24709&v=95FC21B447048F9CAFBA1C60FA9D9B31C7D234D5; Alpha Technologies Inc|https://www.adzuna.com/land/ad/5713404422?se=EBDJpulH8RGSdISXQQQjPQ&utm_medium=api&utm_source=b9c24709&v=D14656C9AFD119C103F8ACCEF5DEE715C2C4475E; American Electric Power|https://www.adzuna.com/land/ad/5716433339?se=pgfFrulH8RGEjJvlqRRi-w&utm_medium=api&utm_source=b9c24709&v=BD23D17847D35AAAA7756A7D3904F9ED78C59AAE; American technologies consulting|https://www.adzuna.com/details/5712135049?utm_medium=api&utm_source=b9c24709; Apex 2000|https://www.adzuna.com/land/ad/5715960378?se=Ams7pulH8RGEjJvlqRRi-w&utm_medium=api&utm_source=b9c24709&v=6ED3A11016B80FF28FA27233CF9C2D37AD22C9D8; Applied Thought Auditors & Consultants Inc.|https://www.adzuna.com/land/ad/5712834440?se=EBDJpulH8RGSdISXQQQjPQ&utm_medium=api&utm_source=b9c24709&v=29DD64C1D716CC249948118C3CFEA6F29F8B2BCC; Aptino|https://www.adzuna.com/land/ad/5714302122?se=EBDJpulH8RGSdISXQQQjPQ&utm_medium=api&utm_source=b9c24709&v=FC5EACE1B24D9B9343ADB38BB8B1ACA22ACC859D; BAE Systems|https://www.adzuna.com/land/ad/5715577905?se=nFAUrelH8RGSdISXQQQjPQ&utm_medium=api&utm_source=b9c24709&v=9F41C063AD183EFE42CFB054A9229500AB2E059D; Bansar Technologies Inc.|https://www.adzuna.com/land/ad/5713758854?se=Ku9OqulH8RGrz_gY8KlfVw&utm_medium=api&utm_source=b9c24709&v=08F361A6307A0363C04B8C2A2B02E8E316A6514F; Benvia|https://www.adzuna.com/land/ad/5713897977?se=oj5qqelH8RGldLZhYZiz6Q&utm_medium=api&utm_source=b9c24709&v=78E10964C0AD8FF1A2AC2F6BA546F32FCCFF60C2; Blue Rose Consulting Group, Inc.|https://www.adzuna.com/land/ad/5715025763?se=-LLmqOlH8RGrz_gY8KlfVw&utm_medium=api&utm_source=b9c24709&v=8FE4F995F9FC0D1B6F8ABFF7936ADD1B3F88D88A; Bridge Flair LLC|https://www.adzuna.com/land/ad/5718648065?se=EBDJpulH8RGSdISXQQQjPQ&utm_medium=api&utm_source=b9c24709&v=90857A84BDA9AB28C3139C3D10BE7BF8E3A9F16E; ByteBridge Technologies, Inc|https://www.adzuna.com/land/ad/5714913977?se=5Ho5p-lH8RGSdISXQQQjPQ&utm_medium=api&utm_source=b9c24709&v=76D00D2C02E7C4CF8159BA1419F5B6988092A4B3; CSS Tec|https://www.adzuna.com/land/ad/5714782822?se=KBn9q-lH8RGSdISXQQQjPQ&utm_medium=api&utm_source=b9c24709&v=AF64A6EC4955EBAB0EF03064FE837C2EEEF83E77; Capgemini|https://www.adzuna.com/land/ad/5714756661?se=tLxqr-lH8RGEjJvlqRRi-w&utm_medium=api&utm_source=b9c24709&v=26E659C81FE319E47F7B428C37B0009C062BAE31; ChaTeck Incorporated|https://www.adzuna.com/land/ad/5713967184?se=Ku9OqulH8RGrz_gY8KlfVw&utm_medium=api&utm_source=b9c24709&v=EAA0709C590B9BF51E29D55E0CE20FCE91696521; Civil Recruit|https://www.adzuna.com/details/5715365232?utm_medium=api&utm_source=b9c24709; ClifyX|https://www.adzuna.com/land/ad/5714718615?se=Ams7pulH8RGEjJvlqRRi-w&utm_medium=api&utm_source=b9c24709&v=7ABA105D2F961681CCCC482C6211165B9F706AB4; Cloud Destinations LLC|https://www.adzuna.com/land/ad/5715036085?se=-LLmqOlH8RGrz_gY8KlfVw&utm_medium=api&utm_source=b9c24709&v=60D7FB0458711B295DF0A710FE9AEC5746BA9EC2; Compass Inc|https://www.adzuna.com/land/ad/5715014071?se=oj5qqelH8RGldLZhYZiz6Q&utm_medium=api&utm_source=b9c24709&v=2305BD61E70DF0A9A7E69B128D34A50CAEEAD635; Cquent Systems, Inc.|https://www.adzuna.com/land/ad/5713818636?se=5Ho5p-lH8RGSdISXQQQjPQ&utm_medium=api&utm_source=b9c24709&v=0DD3C5849D542A6825FAB390B94EAC51F906FF91; CyberCore Technologies|https://www.adzuna.com/land/ad/5715029546?se=nFAUrelH8RGSdISXQQQjPQ&utm_medium=api&utm_source=b9c24709&v=AD9C8D64544AFD169385A24CD5C3E329D8F171FC; Cyberobotix|https://www.adzuna.com/land/ad/5713696808?se=EBDJpulH8RGSdISXQQQjPQ&utm_medium=api&utm_source=b9c24709&v=99CBAA7B7614B29A8385CAD7C31CE75425AF6585; DevApps IT|https://www.adzuna.com/land/ad/5718697467?se=Ams7pulH8RGEjJvlqRRi-w&utm_medium=api&utm_source=b9c24709&v=E7E284F194B2CA5B9D1E72C6467C1DAD81724C43; Digital Technology Solutions|https://www.adzuna.com/land/ad/5709168797?se=oj5qqelH8RGldLZhYZiz6Q&utm_medium=api&utm_source=b9c24709&v=C3165D723EB534C64FBB6101E855AE65D19124C0; Diversified Technology, Inc.|https://www.adzuna.com/land/ad/5718642370?se=lHZmq-lH8RGEjJvlqRRi-w&utm_medium=api&utm_source=b9c24709&v=610759C89D49A5871EBE760F18ABDE1343F6F682; Dminds Solutions Inc.|https://www.adzuna.com/land/ad/5712885922?se=EBDJpulH8RGSdISXQQQjPQ&utm_medium=api&utm_source=b9c24709&v=3ACCC74CD6E29248845925F26C4073F80729F4F9; Dragonfli Group|https://www.adzuna.com/details/5716762159?utm_medium=api&utm_source=b9c24709; ECS|https://www.adzuna.com/land/ad/5715577607?se=Ku9OqulH8RGrz_gY8KlfVw&utm_medium=api&utm_source=b9c24709&v=CB49B975E79839521105FB09754D2A2DFC3C2E9C; Everest Global Solutions|https://www.adzuna.com/land/ad/5715971528?se=-LLmqOlH8RGrz_gY8KlfVw&utm_medium=api&utm_source=b9c24709&v=47951F55644A7B343BA610BDA183BD51D2AB383A; Excelon Solutions|https://www.adzuna.com/land/ad/5718199996?se=Ams7pulH8RGEjJvlqRRi-w&utm_medium=api&utm_source=b9c24709&v=9D485D8015CEB2C187859D4F7C6C631C76F47766; Fidel Softech Ltd.|https://www.adzuna.com/land/ad/5714555121?se=Ams7pulH8RGEjJvlqRRi-w&utm_medium=api&utm_source=b9c24709&v=F957F14C8C858572200A49A51A48524BC64C0729; GTSS Inc|https://www.adzuna.com/land/ad/5688785208?se=sHvdqelH8RGSdISXQQQjPQ&utm_medium=api&utm_source=b9c24709&v=7318724C7166A8DA772B0A1F92A74E6D3A43FBD9; Gainwell Technologies LLC|https://www.adzuna.com/land/ad/5683637640?se=nFAUrelH8RGSdISXQQQjPQ&utm_medium=api&utm_source=b9c24709&v=064A74027F8CAA2D900B733917A05CD5DD84E32F; Galent|https://www.adzuna.com/land/ad/5714846135?se=-LLmqOlH8RGrz_gY8KlfVw&utm_medium=api&utm_source=b9c24709&v=E84EF44CB916AB24524E5A7BF2B7278E7933F983; Generis TEK Inc.|https://www.adzuna.com/land/ad/5713068358?se=Ku9OqulH8RGrz_gY8KlfVw&utm_medium=api&utm_source=b9c24709&v=25D894DCE6132AFAC0BCA774F134C97086570A87; Horizontal Talent|https://www.adzuna.com/land/ad/5718693592?se=elvCp-lH8RGldLZhYZiz6Q&utm_medium=api&utm_source=b9c24709&v=C0A3EF72B9D75FAF1D0BCDE15E3130F392DBA38B; IT First Source|https://www.adzuna.com/land/ad/5714782690?se=elvCp-lH8RGldLZhYZiz6Q&utm_medium=api&utm_source=b9c24709&v=E585F5702F0D72DD3478637322B830B5D04ED223; Idexcel Inc.|https://www.adzuna.com/land/ad/5714914859?se=5Ho5p-lH8RGSdISXQQQjPQ&utm_medium=api&utm_source=b9c24709&v=A2875B2A83889758024926341403F77380A062F3; Incedo Inc|https://www.adzuna.com/land/ad/5712834721?se=EBDJpulH8RGSdISXQQQjPQ&utm_medium=api&utm_source=b9c24709&v=E53E256C5D58190E1018744DCF89F76C1A784119; InfiCare Technologies|https://www.adzuna.com/land/ad/5718642367?se=EBDJpulH8RGSdISXQQQjPQ&utm_medium=api&utm_source=b9c24709&v=517DBDBCB3D923DF2EE92014E349FEA2AE9D4277; Infodyne Solutions|https://www.adzuna.com/land/ad/5707331687?se=sHvdqelH8RGSdISXQQQjPQ&utm_medium=api&utm_source=b9c24709&v=F2E521AA741A421629805B8079A44DF7F1FA806E; Information Technology Engineering Corporation|https://www.adzuna.com/land/ad/5715016245?se=EBDJpulH8RGSdISXQQQjPQ&utm_medium=api&utm_source=b9c24709&v=E217EE05E1CE222D2EC327AF7F10750B1E4443DD; Javen Technologies, Inc|https://www.adzuna.com/land/ad/5712952710?se=elvCp-lH8RGldLZhYZiz6Q&utm_medium=api&utm_source=b9c24709&v=CC28DC2906404D0E55A38D9C188E42834E87C6E1; Kaizen Soft Solutions, LLC|https://www.adzuna.com/land/ad/5718701239?se=EBDJpulH8RGSdISXQQQjPQ&utm_medium=api&utm_source=b9c24709&v=6385CFBEEFB739C8C6E3C6C79251E14BCF50317F; Kastech Software Solutions Group|https://www.adzuna.com/land/ad/5718158567?se=elvCp-lH8RGldLZhYZiz6Q&utm_medium=api&utm_source=b9c24709&v=6D80765A914ED32438D8BFAB269659B8067F36B3; Keypixel Software Solutions|https://www.adzuna.com/land/ad/5707639893?se=5Ho5p-lH8RGSdISXQQQjPQ&utm_medium=api&utm_source=b9c24709&v=D35A3268AC52874387C37BF1F4EC8B6CD7683965; LTIMindtree|https://www.adzuna.com/land/ad/5716241034?se=SPaBrOlH8RGrz_gY8KlfVw&utm_medium=api&utm_source=b9c24709&v=86D7358A16634CCAE2CCD47B9D8DEDAABCA9999B; Lifelink Healthtech LLC|https://www.adzuna.com/land/ad/5716234227?se=-LLmqOlH8RGrz_gY8KlfVw&utm_medium=api&utm_source=b9c24709&v=612816F6E52AA72B8183F650ADB13FDC1915285B; Litmus7 Systems Consulting Inc.|https://www.adzuna.com/land/ad/5716311857?se=Ams7pulH8RGEjJvlqRRi-w&utm_medium=api&utm_source=b9c24709&v=D9A5810EA2690E8BDD681898915500712BD2404D; Lumen Solutions Group Inc.|https://www.adzuna.com/land/ad/5713759459?se=EBDJpulH8RGSdISXQQQjPQ&utm_medium=api&utm_source=b9c24709&v=56BFDF6660E6EB09B5333E1344D91A8725DBB9AA; Luxoft|https://www.adzuna.com/land/ad/5718149530?se=oj5qqelH8RGldLZhYZiz6Q&utm_medium=api&utm_source=b9c24709&v=26C863651C7B6D7DC52FE7A6C9A5C1096EC30D22; Macpower Digital Assets Edge|https://www.adzuna.com/details/5716058271?utm_medium=api&utm_source=b9c24709; Magicforce|https://www.adzuna.com/land/ad/5714846855?se=5Ho5p-lH8RGSdISXQQQjPQ&utm_medium=api&utm_source=b9c24709&v=A630F46D593378B5B9C5A2FEA1E6D85C4FB77EA5; Maintec Technologies Inc|https://www.adzuna.com/land/ad/5683624808?se=sHvdqelH8RGSdISXQQQjPQ&utm_medium=api&utm_source=b9c24709&v=777223B0D41A8709BF6B2C5BE3B383B7D8103CFB; New York Technology Partners|https://www.adzuna.com/land/ad/5718703841?se=sHvdqelH8RGSdISXQQQjPQ&utm_medium=api&utm_source=b9c24709&v=EB0F76A8C53515E073400CC52EDD1C8020EE8AFE; Nexiva Inc|https://www.adzuna.com/details/5716337394?utm_medium=api&utm_source=b9c24709; NextGen IT|https://www.adzuna.com/details/5718547165?utm_medium=api&utm_source=b9c24709; Noblesoft Solutions Inc.|https://www.adzuna.com/land/ad/5713967544?se=-LLmqOlH8RGrz_gY8KlfVw&utm_medium=api&utm_source=b9c24709&v=AB8B6C617D027F8DE3C3165ECC8AE55053DB6811; Oraapps Inc|https://www.adzuna.com/land/ad/5708766653?se=sHvdqelH8RGSdISXQQQjPQ&utm_medium=api&utm_source=b9c24709&v=5788A3E87F6D948AA5288F228F92A4D0A89D94C8; Outcome Logix LLC|https://www.adzuna.com/land/ad/5714782683?se=sHvdqelH8RGSdISXQQQjPQ&utm_medium=api&utm_source=b9c24709&v=5038A1A2AFA1D7B0AC7243D23F3CBA4FDCA75E1C; PROLIM Global Corporation|https://www.adzuna.com/land/ad/5718644232?se=sHvdqelH8RGSdISXQQQjPQ&utm_medium=api&utm_source=b9c24709&v=D547B1583ABBFFFE643DDA37B73DD152B54EF4B1; Peraton|https://www.adzuna.com/land/ad/5715517030?se=nFAUrelH8RGSdISXQQQjPQ&utm_medium=api&utm_source=b9c24709&v=2395DA63323FCB527A808DBA4DE5FCAC9D8F62C9; Prism, Inc.|https://www.adzuna.com/land/ad/5715057201?se=5Ho5p-lH8RGSdISXQQQjPQ&utm_medium=api&utm_source=b9c24709&v=2574D64D5667FA065F6BCB95EF3D337AA7C07EA0; Procession Systems|https://www.adzuna.com/land/ad/5715056580?se=Ku9OqulH8RGrz_gY8KlfVw&utm_medium=api&utm_source=b9c24709&v=0F6CDFA6F66B1E1A188804E1D908D312BECF8663; Publix Super Markets|https://www.adzuna.com/details/5518703361?utm_medium=api&utm_source=b9c24709; RAKS Group LLC|https://www.adzuna.com/land/ad/5715964408?se=elvCp-lH8RGldLZhYZiz6Q&utm_medium=api&utm_source=b9c24709&v=EEBB57F707738BCDBE58E3DC422799F6EFB59CA6; Relig Staffing, Inc.|https://www.adzuna.com/details/5714943000?utm_medium=api&utm_source=b9c24709; Robert Half|https://www.adzuna.com/land/ad/5704122361?se=lHZmq-lH8RGEjJvlqRRi-w&utm_medium=api&utm_source=b9c24709&v=3627897D0C404892BC57C557FBCF1D86EA4A2FD9; S3 Staffing USA|https://www.adzuna.com/land/ad/5716234231?se=-LLmqOlH8RGrz_gY8KlfVw&utm_medium=api&utm_source=b9c24709&v=98619BA67FC60FFC7FE2A5C651AC3F8B985B8069; SOFT Inc.|https://www.adzuna.com/land/ad/5713759307?se=EBDJpulH8RGSdISXQQQjPQ&utm_medium=api&utm_source=b9c24709&v=F09CB5A7039CBEF8E532DB7A226A08B37B6365FE; Savvients Inc|https://www.adzuna.com/land/ad/5713894310?se=Ku9OqulH8RGrz_gY8KlfVw&utm_medium=api&utm_source=b9c24709&v=E3C5BAC1061E837EA4B1423762A55471ACB82A3F; Sensiple Inc.|https://www.adzuna.com/land/ad/5715959367?se=5Ho5p-lH8RGSdISXQQQjPQ&utm_medium=api&utm_source=b9c24709&v=B3B57A480E4E9919103A8D13F3E9D9D879CA7185; Shree Narayani Networking Solutions LLC|https://www.adzuna.com/details/5714947728?utm_medium=api&utm_source=b9c24709; Sierra Business Solution LLC|https://www.adzuna.com/land/ad/5714584303?se=-LLmqOlH8RGrz_gY8KlfVw&utm_medium=api&utm_source=b9c24709&v=633301704ADFC8C6650BF03044C54A56BF676C57; Stellent IT LLC|https://www.adzuna.com/land/ad/5708444413?se=oj5qqelH8RGldLZhYZiz6Q&utm_medium=api&utm_source=b9c24709&v=4E02077938A680388F1FA9518CF351B90CEF38BC; Strategic Staffing Solutions|https://www.adzuna.com/land/ad/5708444354?se=oj5qqelH8RGldLZhYZiz6Q&utm_medium=api&utm_source=b9c24709&v=C9C410885F77D706095E8CFCFC0204471B6D964B; Sun Technologies,Inc.|https://www.adzuna.com/land/ad/5714035941?se=-LLmqOlH8RGrz_gY8KlfVw&utm_medium=api&utm_source=b9c24709&v=07508024C60509EEF1A9DBABEAD221822C0EE5DD; Taller Technologies|https://www.adzuna.com/details/5716251077?utm_medium=api&utm_source=b9c24709; Tek Ninjas|https://www.adzuna.com/details/5714943714?utm_medium=api&utm_source=b9c24709; TekCommands Inc|https://www.adzuna.com/details/5713093116?utm_medium=api&utm_source=b9c24709; Tekfortune Inc.|https://www.adzuna.com/land/ad/5714584729?se=sHvdqelH8RGSdISXQQQjPQ&utm_medium=api&utm_source=b9c24709&v=DBEC2D061F4CC34FEFF5A46879FCF20902B64B22; Vaco by Highspring|https://www.adzuna.com/land/ad/5712834268?se=sHvdqelH8RGSdISXQQQjPQ&utm_medium=api&utm_source=b9c24709&v=3981F28779A04C0BA7339C744F38B5A10444E5D7; VeeRteq Solutions Inc.|https://www.adzuna.com/details/5714943611?utm_medium=api&utm_source=b9c24709; Verisk Analytics|https://www.adzuna.com/details/5714273131?utm_medium=api&utm_source=b9c24709; Xoriant Corporation|https://www.adzuna.com/land/ad/5711940508?se=Ku9OqulH8RGrz_gY8KlfVw&utm_medium=api&utm_source=b9c24709&v=5EAB534D0FBE68A7C2755946C50D0FC091AB68F1; Zenox Global LLC|https://www.adzuna.com/details/5712134575?utm_medium=api&utm_source=b9c24709; eG Innovations|https://www.adzuna.com/land/ad/5714720336?se=5Ho5p-lH8RGSdISXQQQjPQ&utm_medium=api&utm_source=b9c24709&v=D19FD01B069FE4A97541AC0598C7B8EF020FAAAF","1 Point System; 2K; 3A Soft Inc; 3AMIGOSIT LLC; 3Core Systems, Inc; A-Line Staffing Solutions LLC; ACI Infotech; ACS Consultancy Services, Inc.; ADT; ARK Infotech Spectrum; ARK Solutions Inc; ASCENDING; ASM Research, An Accenture Federal Services Company; AT&T; Ab Ovo Inc; Accenture; Advanced Tech Placement; Ahead; Akaasa Technologies; Alexa Systems; Allen, TX; Allwyn Corporation; Ally; Alpha Technologies Inc; Amatriot Group; American Electric Power; American Express; American Technology Consulting; American technologies consulting; Ampcus Inc; ApTask; Apex 2000; Apex Systems; Apexon; Apolis; Applied Thought Auditors & Consultants Inc.; Aptino; Arrowminds inc; Astra North Infoteck Inc.; Atlanta, GA; AutoZone, Inc.; BAE Systems; BCforward; Bank of America; Bansar Technologies Inc.; Benvia; Berkley; Blue Ribbon Global Technologies; Blue Rose Consulting Group, Inc.; Bolingbrook, IL; Bridge Flair LLC; Brilliant Infotech Inc; Brooksource; ByteBridge Technologies, Inc; C4 Technical Services; CGI; CSS Tec; CTC USA, LLC; CVS Health; CYNET SYSTEMS; Calabitek; Canoo Technologies; Capgemini; Cardinal Health; ChaTeck Incorporated; Chandler, AZ; Charlotte, NC; Chase; Chicago, IL; Cincinnati, OH; Citigroup; Civil Recruit; ClearBridge Technology Group; ClifyX; Cloud Destinations LLC; Cognizant; Collabera LLC; Columbia, MD; Compass Inc; Converge; Corpay; Cquent Systems, Inc.; CrewBloom; CyberCore Technologies; Cyberobotix; Cystems Logic; DB Orlando- NJ; DTCC; DXC Technology; Dallas, TX; Data Capital Inc; DataEdge Consulting, Inc.; Daten Technology Solutions; DevApps IT; Digital Technology Solutions; Dimension Consulting; Diversified Technology, Inc.; Dminds Solutions Inc.; Document Storage Systems Inc; Dragonfli Group; Dunhill Professional Search; Dutech Systems; E-Solutions, Inc.; ECS; EPAM Systems; ESRhealthcare and EXEC STAFF RECRUITERS; EVEREST CONSULTING GROUP, INC; EchoStar; Eclaro; Econosoft; EdHike LLC; EdgeVerve Systems Limited; Essel; Everest Global Solutions; Evoke Technologies; Excelon Solutions; Expert Technology Services; FIS Capital Markets; FM; Fidel Softech Ltd.; First Horizon; Fiserv; Ford Motor; Fort Worth, TX; Foundation Software; FreedomPay; Fusion HCR; Futran Solutions; GRT Corporation; GTSS Inc; Gainwell Technologies LLC; Galent; Generis TEK Inc.; Genesis10; Genius Road; Goldstone Partners, Inc.; GovCIO; Government Systems Technologies Inc.; Group Nine; H R PUNDITS INC; HCSC; HERS Advisors; HPTech Inc.; HTC Global Services Inc; Hagerty Insurance; HealthFirst; Herndon, VA; Hexaware; Horizontal Talent; Huntington National Bank; INSPYR Solutions; ISR Info Way, Inc.; IT First Source; ITCAPS LLC; Idexcel Inc.; Incedo Inc; InfiCare Technologies; Infinite Computer Solutions; Info Dinamica Inc; Infodyne Solutions; Information Technology Engineering Corporation; Innova Solutions, Inc; Innovim Technology Solutions; Insight Global; Intellect Quest LLC; Intercontinental Exchange; International Solutions Group; JBA International; JC CORPORATIONS; JPMorgan Chase; JPMorganChase; Javen Technologies, Inc; Judge Group, Inc.; KPG 99 Inc.; Kairos; Kaiser; Kaizen Soft Solutions, LLC; Kastech Software Solutions Group; Keypixel Software Solutions; Kforce Technology Staffing; Kohls; LTIMindtree; Las Vegas, NV; Levi, Ray, & Shoup, Inc.; Lifelink Healthtech LLC; Litmus7 Systems Consulting Inc.; Lockheed Martin; Lumen Solutions Group Inc.; Luminare Health Benefits; Luxoft; M&T Bank; MUFG; Maania Consultancy Services; Macpower Digital Assets Edge; Magicforce; Maintec Technologies Inc; Manpower/itec; ManpowerGroup; Marriott; Mastech Digital; MasterCard; Merican Inc; MetLife; Minneapolis, MN; NasTech Global, Inc.; Nashville, TN; New Age Software Services Corporation; New York Technology Partners; Nexiva Inc; NextGen IT; Nike; Nisum; Nobl Q, LLC.; NoblQ INC; Noblesoft Solutions Inc.; Noblis; Nuvei; Obsidian Solutions Group; Okaya Inc; OmegaHires; Openkyber; Oraapps Inc; Otter Base; Outcome Logix LLC; PNC; PROLIM Global Corporation; PTR Global; Parts Town; Penske Truck Leasing; PeopleNTech; Peraton; Photon; Pittsburgh, PA; Plano, TX; Plexus Worldwide; Prabhav Services Inc; Prism, Inc.; Procession Systems; Prudent Technologies and Consulting; Publix Super Markets; Purple Drive Technologies LLC; Pyramid Consulting, Inc.; Qode; QualiTest; Quest Diagnostics; RAKS Group LLC; Raag Solutions; RaceTrac; Raymond James Financial, Inc.; Redolent; Relig Staffing, Inc.; Riptide Technology; Robert Half; S3 Connections LLC; S3 Staffing USA; SAIC; SANS; SOFT Inc.; SS&C; Sambasafety; San Leandro, CA; Saransh Inc; Savvients Inc; Scalable Systems; Scottsdale, AZ; Seattle, WA; Sensiple Inc.; Shree Narayani Networking Solutions LLC; Sierra Business Solution LLC; SkylineIT Solutions; Software Guidance & Assistance; Solugenix Corp; SolutionIT, Inc.; South Jordan, UT; Stafford Technology; State Street; Stefanini; Stellent IT LLC; Strategic Staffing Solutions; Sun Technologies,Inc.; Sysmind, LLC; System One; T. Rowe Price; TCC Toyota Motor Credit Corporation Company; TECH Tammina; TEKsystems; Talent Search PRO; Talentrupt; Taller Technologies; TechSpace Solutions Inc.; Techstra Solutions; Tek Ninjas; TekCommands Inc; TekLeaders, Inc; Tekfortune Inc.; TekisHub Consulting Services; The Davey Tree Expert Company; The Timberline Group; Thin Technologies; Tixy Services LLC; Toyota Motor North America; Trinite Consulting Group; Triune Infomatics Inc; TrueHire Staffing LLC; Truist; Two95 International Inc.; US Tech Solutions; Uline; Unissant; United Airlines; UnitedHealth Group; Unknown, IL; Unknown, TX; V-Soft Consulting Group, Inc; V.L.S. Systems, Inc; Vaarida Technologies llc; Vaco by Highspring; VeeRteq Solutions Inc.; VeridianTech; Verisk Analytics; Vivint; Walmart; Washington, DC; Webilent Technology, Inc.; Western Alliance Bank; Widescope Consulting and Contracting Services; Windward Consulting; Worldwide Insurance Services; Xoriant Corporation; York Solutions, LLC; ZODHA SOLUTIONS; Zealogics; Zen & Art; Zenox Global LLC; Zillion Technologies; eG Innovations; rockITdata; thehivecareers.co"
2026-05-04,LiveRamp,us,297,158,139,47,7,Acnovate Corporation|https://www.adzuna.com/land/ad/5711977877?se=LgsNs-lH8RGrz_gY8KlfVw&utm_medium=api&utm_source=b9c24709&v=AB974519DDDD915BB3FAC2740A044E64FBEDBB66; Flex Capital|https://www.adzuna.com/land/ad/5714720374?se=bhVasulH8RGSdISXQQQjPQ&utm_medium=api&utm_source=b9c24709&v=57FC58A23C906E6640249CC20AD4BDC764335C7F; Instacart|https://www.adzuna.com/details/5717684263?utm_medium=api&utm_source=b9c24709; Regeneron Pharmaceuticals|https://www.adzuna.com/details/5717564416?utm_medium=api&utm_source=b9c24709; Roku|https://www.adzuna.com/details/5716860863?utm_medium=api&utm_source=b9c24709; Samsung|https://www.adzuna.com/details/5714329185?utm_medium=api&utm_source=b9c24709; Synchrony Bank|https://www.adzuna.com/details/5713557168?utm_medium=api&utm_source=b9c24709,"247Hire; Accenture; Acnovate Corporation; Adstra; Albertsons; Ankura; Arbital Health; Attain; Blend360; Bombora; BranchLab; Capgemini; Cognitiv; Colgate-Palmolive; Comulate; Dollar General; EDO; FedEx Office; Flex Capital; GM; Gartner; General Motors; Gilead Sciences; Instacart; Integral Ad Science; Marriott; McAfee, Inc.; NBC Universal; Rational 360; Redi-Mail / RediData; Regeneron Pharmaceuticals; Roku; Samba; Samsung; Sanofi; Shaper Capital; Snowflake; Synchrony Bank; Take-Two Interactive Software; The New York Times; Tinuiti; Uber; Universal Orlando; Vibe; dentsu; eBay; iSpot"
2026-05-04,nCino,us,638,638,0,154,15,"AmeriServ Financial Bank|https://www.adzuna.com/land/ad/5716760355?se=5F3YtulH8RGSdISXQQQjPQ&utm_medium=api&utm_source=b9c24709&v=5FB2BC79CD700C49269B30B7CC471AA845EA9116; Analytic Recruiting Inc.|https://www.adzuna.com/land/ad/5718096045?se=3nVOtulH8RGEjJvlqRRi-w&utm_medium=api&utm_source=b9c24709&v=8D90EE81438066B10B4212039053980FEF196F7D; Banner Bank|https://www.adzuna.com/details/5716594804?utm_medium=api&utm_source=b9c24709; CTG|https://www.adzuna.com/land/ad/5715067323?se=ROOIt-lH8RGldLZhYZiz6Q&utm_medium=api&utm_source=b9c24709&v=852797D1301C6DE6782A76B7E2E48941769860EF; Flagstar Bank|https://www.adzuna.com/details/5716628931?utm_medium=api&utm_source=b9c24709; Genesis10|https://www.adzuna.com/land/ad/5716923736?se=dIu8telH8RGldLZhYZiz6Q&utm_medium=api&utm_source=b9c24709&v=A450A968CA4BC95CA49F24724F425518DAE1E92C; Okaya Inc|https://www.adzuna.com/details/5714007241?utm_medium=api&utm_source=b9c24709; Openkyber|https://www.adzuna.com/details/5713091969?utm_medium=api&utm_source=b9c24709; Phoenix, AZ|https://www.adzuna.com/details/5717413559?utm_medium=api&utm_source=b9c24709; Prudent Technologies and Consulting|https://www.adzuna.com/land/ad/5713897712?se=dIu8telH8RGldLZhYZiz6Q&utm_medium=api&utm_source=b9c24709&v=1E6FEE79A2047F64CAE0CC484A79FC0112A2BA18; Regions Bank|https://www.adzuna.com/land/ad/5713199495?se=zvQ2uelH8RGldLZhYZiz6Q&utm_medium=api&utm_source=b9c24709&v=E9BEBE24011F3C8E13315DC43F0167B92448F756; Sincera Technologies, Inc.|https://www.adzuna.com/land/ad/5713967510?se=Dl6mtOlH8RGSdISXQQQjPQ&utm_medium=api&utm_source=b9c24709&v=F36FC2B7661A8408F4A763CE082DE32A2C4FEE5D; South Shore Bank Roles|https://www.adzuna.com/details/5714255083?utm_medium=api&utm_source=b9c24709; Southern Trust Mortgage|https://www.adzuna.com/details/5502251466?utm_medium=api&utm_source=b9c24709; Valley Bank|https://www.adzuna.com/details/5713773273?utm_medium=api&utm_source=b9c24709","Accenture; Addison, TX; Ag Jobs; AgWest Farm Credit; Amerant Bank; Amerantbank; AmeriServ Financial Bank; American Pacific Mortgage; American Recruiting & Consulting Group; Analytic Recruiting Inc.; Apex Systems; Aston Carter; Atlantic Coast Mortgage; Atlantic Union Bank Careers; Axos Bank; B1Bank; Banc of California; Banesco Usa; Bank of America; BankNewport; BankPlus; Banner Bank; Bisnow; Bridgewater Bank; Buffalo, NY; Bundoran Group; Busey Bank; Byline Bank; CCU; CTG; CalPrivate Bank; Cathay Bank; Centennial Bank; Charlotte, NC; City National Bank; Cloudious; Coastal States Bank; Cognizant; Columbia Bank; Commonwealth Business Bank; ConnectOne Bank; Connexus Credit Union; Coral Gables, FL; Cornerstone Capital Bank; Customers Bank; DX Foundation; Dickinson Financial Corporation; Dieterich Bank; Doral, FL; E-Solutions; Earthmover Credit Union; Eastern Bank; Elwood Staffing; EmployVision; Endeavor Bank; Evergreen Openings; Extractable; FCS Financial, ACA; FIRST BANK OF THE LAKE; FNBO; Farm Credit Mid-America; Fifth Third Bank, N.A.; First Financial Bank; First Horizon; First Internet Bank; First National Bank Of Bastrop; First National Bank Of Pennsylvania; First National Bank of Omaha; Five Star Bank, Ca; Flagstar Bank; Fulton Bank; GalaxEsystems; Genesis Capital; Genesis10; Georgia's Own Credit Union; German American Bancorp; Glens Falls National Bank And Trust Co; Gpac; GreenState Credit Union; Greenfield Savings; Hancock Whitney Bank; Hills Bank; IBISWorld; ICCU; IT Accel, Inc; ITTConnect; Insight Global; Investar Bank National As; JBA International; Judge Group, Inc.; KeyBank; Kforce Technology Staffing; Lead; Leader Bank; LoanPro; Lower; M&T Bank; ManpowerGroup; Mld Mortgage; NTT America, Inc.; NTT DATA Services; Nashua, NH; National Mortgage Staffing; New York, NY; Northern Bank; Northwest Bank; Okaya Inc; Openkyber; Origin Bank; Perseus Group; Phoenix, AZ; Photon Group; Pioneer Corporate Services Inc; Platinum Bank; Prestige Staffing; Prudent Technologies and Consulting; Rado Bank; Regions Bank; Rockland Trust Company; S&T Bank; Saksoft; Sauk Valley Bank; Sb Financial Group Inc.; Servisfirst Bank; Shore United Bank; Signal Financial Federal Credit Union; Sincera Technologies, Inc.; Sonitalent LLC; South Shore Bank Roles; Southern Trust Mortgage; Southstate Bank; Sriven Systems Inc.; Staffingine LLC; State Employees Credit Union; Sunflower Bank, N.A.; Tempe, AZ; Texas First Bank; The Paducah Bank And Trust Company; The Symicor Group; Tri Counties Bank; Truist; Trustmark National Bank; U.S. Bank; Unknown, NC; Valley Bank; WaFd Bank; Wells Fargo; West Monroe; Wintrust; Woodforest National Bank; Wsfs Financial; Zennify; Zing! Recruiting; Zions Bancorporation"
2026-05-04,JFrog,us,357,324,33,171,31,"American Credit Acceptance|https://www.adzuna.com/details/5716802088?utm_medium=api&utm_source=b9c24709; Apptad Inc|https://www.adzuna.com/details/5716330910?utm_medium=api&utm_source=b9c24709; Biamp|https://www.adzuna.com/details/5717714347?utm_medium=api&utm_source=b9c24709; Bits & Bytes Technology Solutions|https://www.adzuna.com/land/ad/5714843281?se=HjYRvOlH8RGEjJvlqRRi-w&utm_medium=api&utm_source=b9c24709&v=C093E4909AB090578532A363174144F325020A64; By Light Professional IT Services|https://www.adzuna.com/land/ad/5715055651?se=gDCuvelH8RGldLZhYZiz6Q&utm_medium=api&utm_source=b9c24709&v=3B5CC28F5E4FFDFD2607D87BC25DF58CE994DC4B; Diagrid|https://www.adzuna.com/details/5715291841?utm_medium=api&utm_source=b9c24709; Encode|https://www.adzuna.com/land/ad/5715573969?se=iiqwvOlH8RGSdISXQQQjPQ&utm_medium=api&utm_source=b9c24709&v=FF596E4F73D813D2238C6EBE218701AB59837C8A; Fervorly|https://www.adzuna.com/land/ad/5716059297?se=HjYRvOlH8RGEjJvlqRRi-w&utm_medium=api&utm_source=b9c24709&v=9E65BFD652722DFA33E20CB220437A448D72B2F5; Ford Motor Company|https://www.adzuna.com/land/ad/5716456330?se=IGgdvelH8RGrz_gY8KlfVw&utm_medium=api&utm_source=b9c24709&v=CE517464520373BC80F2DBFB2FB81DEE4BB0217A; GState Consulting LLC|https://www.adzuna.com/land/ad/5716243190?se=HjYRvOlH8RGEjJvlqRRi-w&utm_medium=api&utm_source=b9c24709&v=DF49E949E373A9E1F4A742203D2D3BF1CAAC96AA; GreyCell Labs, Inc|https://www.adzuna.com/land/ad/5713067746?se=iiqwvOlH8RGSdISXQQQjPQ&utm_medium=api&utm_source=b9c24709&v=B5F752B77E6F3CED5A0CEABFC76EF578E707E632; IPS Technology Services|https://www.adzuna.com/details/5714257307?utm_medium=api&utm_source=b9c24709; Impinj|https://www.adzuna.com/details/5715534830?utm_medium=api&utm_source=b9c24709; InfoVision Inc.|https://www.adzuna.com/land/ad/5714754754?se=HjYRvOlH8RGEjJvlqRRi-w&utm_medium=api&utm_source=b9c24709&v=6944EAEF1CF13C0140DC7E88835E5745639FB4E6; Innovative Defense Technologies|https://www.adzuna.com/land/ad/5715051183?se=IGgdvelH8RGrz_gY8KlfVw&utm_medium=api&utm_source=b9c24709&v=C27010C6B61A1CE91749E1BC23780BF059B1A138; Knowledge Builders|https://www.adzuna.com/land/ad/5714327583?se=Jg40vulH8RGrz_gY8KlfVw&utm_medium=api&utm_source=b9c24709&v=403288AD643E76F63067E148D6DC8843163345CC; Kratos Defense and Security Solutions|https://www.adzuna.com/land/ad/5715010684?se=iiqwvOlH8RGSdISXQQQjPQ&utm_medium=api&utm_source=b9c24709&v=B7F1FDB5DB2C99E8FC9BA19AC22E194AB18DD703; Lifelink Healthtech LLC|https://www.adzuna.com/land/ad/5716234227?se=iiqwvOlH8RGSdISXQQQjPQ&utm_medium=api&utm_source=b9c24709&v=612816F6E52AA72B8183F650ADB13FDC1915285B; Mindlance|https://www.adzuna.com/land/ad/5713967548?se=iiqwvOlH8RGSdISXQQQjPQ&utm_medium=api&utm_source=b9c24709&v=E4CBDA289C72975D56E9F22BE40535F209070FE9; Network Designs, Inc.|https://www.adzuna.com/land/ad/5714985869?se=IGgdvelH8RGrz_gY8KlfVw&utm_medium=api&utm_source=b9c24709&v=0AD19947AA2877F89EF6BFC0E50ED5F62A67ACB3; Peraton|https://www.adzuna.com/land/ad/5715579358?se=iiqwvOlH8RGSdISXQQQjPQ&utm_medium=api&utm_source=b9c24709&v=C75CAA89FFFF71AB0D1C7EA1315073ADA8781132; Pyramid Technology Solutions, Inc.|https://www.adzuna.com/land/ad/5714782808?se=HjYRvOlH8RGEjJvlqRRi-w&utm_medium=api&utm_source=b9c24709&v=BD97503A530049A71ABBBC41EB12339C74769A47; Sierra Business Solution LLC|https://www.adzuna.com/land/ad/5718645617?se=HjYRvOlH8RGEjJvlqRRi-w&utm_medium=api&utm_source=b9c24709&v=58B07FB9E4BE31522B44CAA58A13566249021A4B; Sligo Software Solutions|https://www.adzuna.com/details/5713086943?utm_medium=api&utm_source=b9c24709; Stellent IT LLC|https://www.adzuna.com/details/5714007908?utm_medium=api&utm_source=b9c24709; System Edge  L.L.C.|https://www.adzuna.com/land/ad/5716057252?se=iiqwvOlH8RGSdISXQQQjPQ&utm_medium=api&utm_source=b9c24709&v=29894CFD511419B539BF0D8D72E41DAE3F85938E; TekLeaders, Inc|https://www.adzuna.com/land/ad/5718645714?se=iiqwvOlH8RGSdISXQQQjPQ&utm_medium=api&utm_source=b9c24709&v=C90D3306D59DAAC1A4857768F3AC5726289A825C; Truist|https://www.adzuna.com/land/ad/5714106007?se=BLbBvulH8RGSdISXQQQjPQ&utm_medium=api&utm_source=b9c24709&v=0F531C54F1E7480C38C49ACC0445BAB5B6E135EA; Unicorn Technologies LLC|https://www.adzuna.com/details/5714012938?utm_medium=api&utm_source=b9c24709; Visionary Innovative Technology Solutions|https://www.adzuna.com/land/ad/5713818148?se=HjYRvOlH8RGEjJvlqRRi-w&utm_medium=api&utm_source=b9c24709&v=CF69C748ECA8FE85D2A80CCA6C6253261004B2E4; Youngsoft|https://www.adzuna.com/land/ad/5718698425?se=HjYRvOlH8RGEjJvlqRRi-w&utm_medium=api&utm_source=b9c24709&v=9599D44533E4044B8B3E23DC644F6D7806092A31","6947-SHOCKWAVE MEDICAL Legal Entity; ADP; ASRC Federal; AT&T; AbbVie; Alkami; Alkermes; Amatriot Group; Amentum; American Credit Acceptance; American Express; Anduril Industries; Apex Systems; Apex Technology; Apptad Inc; Aquila Technology; Arch Capital Group; Archesys Inc; BAE Systems; Bank of America; Beyond SOF; Biamp; Bits & Bytes Technology Solutions; Booz Allen Hamilton; Bossini Technologies; Butlr; By Light HQ; By Light Professional IT Services; CACI; CGI Technologies and Solutions, Inc.; CHAOS Industries; CNA; CVS Health; Cadence Systems; Canoo Technologies; Capstone; Cedar Rapids, IA; Chandler, AZ; CoreWeave; CrowdStrike; Cyngn; DATAMAXIS, Inc; DFO Referrals; DORLECO; Dayforce; DeepSight Technology; Detroit, MI; DevSelect; Diagrid; Diversified Services Network, Inc.; Duetto Research; Encode; Entrust; Eversource Energy; Fervorly; First American Payments Systems; Fisher Careers; Fisher Investments; Ford Motor Company; Fresenius Kabi; GE Aerospace; GState Consulting LLC; Genesis10; Genuine Parts Company; GreyCell Labs, Inc; Guild Talent; Heads Up Technologies; Hewlett Packard Enterprise; Highmark Health; HubSync; IPS Technology Services; ITECS; Impinj; Infinity Tech Group Inc; InfoVision Inc.; Innovative Defense Technologies; Inrix; Insight Global; Intercontinental Exchange; Isoftech Inc; Istari Digital; J&J Family of Companies; JLL; JPMorgan Chase; JPMorganChase; K2 Space; Knowledge Builders; Kratos Defense and Security Solutions; LTIMindtree; LVT; LexisNexis Risk Solutions; Lifelink Healthtech LLC; M&T Bank; MAG; ManpowerGroup; Mastech Digital; Mastercard; McDonald's; Merlin Labs; Mindlance; Minuteman Group LLC; Morgan Stanley; NTT America, Inc.; NTT DATA Services; NTT Data Americas, Inc.; NVIDIA; National Life Insurance Company; Network Designs, Inc.; New York Life Insurance Co; New York, NY; Nisum; Northrop Grumman; Openkyber; Otter Base; PSRTEK; Paysafe Group; Peraton; Peyton Resource Group; Prohires; Pyramid Consulting, Inc.; Pyramid Technology Solutions, Inc.; Quanta Search; Quantum Default Brand; REsurety, Inc.; RTX; Redolent; Relativity Space; Request Technology, LLC; Resmed; Rockwell Automation; S3; SR Partners LLC; SambaNova Systems; Saransh Inc; Schneider Electric; SciTec; Select Solutions Group LLC; Sierra Business Solution LLC; Skrill; Sligo Software Solutions; Smart Caliber Technology; Snap; Sonatus; Sonatype; Space Dynamics Laboratory; State Street; Stellent IT LLC; Strategic Staffing Solutions; Synechron; System Edge  L.L.C.; TCC Toyota Motor Credit Corporation Company; TEKsystems; TekLeaders, Inc; ThinKom Solutions; Torc Robotics; Toyota Motor North America; True Anomaly; Truist; US Tech Solutions; Unicorn Technologies LLC; UnitedHealth Group; Unknown, NH; Valinor Enterprises; Veeam Software; Viavi Solutions; Visionary Innovative Technology Solutions; Voya Financial; Walmart; Yahoo; Youngsoft; kjohn@samrusystems.com"
2026-05-04,Guidewire,us,1000,953,47,161,38,"APEX-TEK PLACEMENT CONSULTANTS PRIVATE LIMITED|https://www.adzuna.com/land/ad/5714634358?se=-FSXyelH8RGSdISXQQQjPQ&utm_medium=api&utm_source=b9c24709&v=61B479AAF4D2135CF506C7BB96E952CEAECEB6D4; AmmaluIT|https://www.adzuna.com/land/ad/5713757848?se=gMZqwOlH8RGSdISXQQQjPQ&utm_medium=api&utm_source=b9c24709&v=2ED80910A75DF781F3F8E34BB349A3188835B031; Astra North Infoteck Inc.|https://www.adzuna.com/land/ad/5713965719?se=YHP2wOlH8RGrz_gY8KlfVw&utm_medium=api&utm_source=b9c24709&v=E4ED8814CD8136A98F3B2F48C0FE316974984F15; Avtech Solutions|https://www.adzuna.com/land/ad/5718551659?se=UCqAx-lH8RGrz_gY8KlfVw&utm_medium=api&utm_source=b9c24709&v=88964F714F54D372B8AA9D57CEA67B5E870CB74A; Centraprise|https://www.adzuna.com/land/ad/5718219623?se=cglOxulH8RGSdISXQQQjPQ&utm_medium=api&utm_source=b9c24709&v=5F9C508180A013C4AB05483AC0D25359DC449CDC; Charter Global|https://www.adzuna.com/details/5714943510?utm_medium=api&utm_source=b9c24709; ClifyX|https://www.adzuna.com/land/ad/5718194174?se=AOX5v-lH8RGldLZhYZiz6Q&utm_medium=api&utm_source=b9c24709&v=A11414CCA390D21F5B63039560C04A09A67E977E; Coforge|https://www.adzuna.com/land/ad/5714651646?se=VjWCw-lH8RGldLZhYZiz6Q&utm_medium=api&utm_source=b9c24709&v=4FA1D4D00B12CE477163E039BF90B154D802DE31; DYNE Group|https://www.adzuna.com/details/5715195909?utm_medium=api&utm_source=b9c24709; Danta Technologies|https://www.adzuna.com/land/ad/5714555421?se=AOX5v-lH8RGldLZhYZiz6Q&utm_medium=api&utm_source=b9c24709&v=AE18BDCEDB54AD9ACE43C8B51E82E71BCE666DCD; Express Employment|https://www.adzuna.com/land/ad/5714736847?se=1lgGxOlH8RGldLZhYZiz6Q&utm_medium=api&utm_source=b9c24709&v=6B0E768E13CC1B509A708072A7ABEE5AD483E4BF; Fixity Technologies|https://www.adzuna.com/land/ad/5718550021?se=HlCxxelH8RGEjJvlqRRi-w&utm_medium=api&utm_source=b9c24709&v=24D3793D0769820AA62FB3750AA370D06FE7A4B4; GAC Solutions Inc.|https://www.adzuna.com/land/ad/5716309112?se=gMZqwOlH8RGSdISXQQQjPQ&utm_medium=api&utm_source=b9c24709&v=7B178B90C8ADFDC8995A6FAD652EFB141E415814; Hartford Healthcare|https://www.adzuna.com/land/ad/5716997223?se=VjWCw-lH8RGldLZhYZiz6Q&utm_medium=api&utm_source=b9c24709&v=748F299A5046731E53EBCAC9250B349B42853008; Info Dinamica Inc|https://www.adzuna.com/land/ad/5718551635?se=-FSXyelH8RGSdISXQQQjPQ&utm_medium=api&utm_source=b9c24709&v=5881314FF73228DAE3C841AEF1B2BE1CCB452674; Jackson HealthPros|https://www.adzuna.com/land/ad/5716134650?se=7pOexOlH8RGrz_gY8KlfVw&utm_medium=api&utm_source=b9c24709&v=703A818A763D74177D1B62B812CC6C4772D21B51; K&K Global Talent Solutions|https://www.adzuna.com/land/ad/5716311996?se=AOX5v-lH8RGldLZhYZiz6Q&utm_medium=api&utm_source=b9c24709&v=4557A43F198CBFF7961799B78B7C4F8F11AA82D3; K2 Insurance Services, LLC|https://www.adzuna.com/land/ad/5716981888?se=cglOxulH8RGSdISXQQQjPQ&utm_medium=api&utm_source=b9c24709&v=56DB459523EB377E59E135D48E0D7E80CC52B5F9; KTek Resourcing|https://www.adzuna.com/land/ad/5718219534?se=AOX5v-lH8RGldLZhYZiz6Q&utm_medium=api&utm_source=b9c24709&v=6593B425104DABC97010337989B241AEB2BF726E; Kastech Software Solutions Group|https://www.adzuna.com/land/ad/5718158567?se=AOX5v-lH8RGldLZhYZiz6Q&utm_medium=api&utm_source=b9c24709&v=6D80765A914ED32438D8BFAB269659B8067F36B3; Key2Source INC|https://www.adzuna.com/land/ad/5718613168?se=AOX5v-lH8RGldLZhYZiz6Q&utm_medium=api&utm_source=b9c24709&v=35F1EF0DAB367F269BAA9DBF0F56DA02DD382BAE; Lorven Technologies, Inc.|https://www.adzuna.com/land/ad/5718703861?se=YHP2wOlH8RGrz_gY8KlfVw&utm_medium=api&utm_source=b9c24709&v=D3F066CA5D31DBE2C9EB6582F4358E66C720599F; Methodist Health System|https://www.adzuna.com/land/ad/5712082643?se=-FSXyelH8RGSdISXQQQjPQ&utm_medium=api&utm_source=b9c24709&v=AC95466BAE5B9DFEB3B2B3C6390BD385AFB1E536; New York Technology Partners|https://www.adzuna.com/land/ad/5718698429?se=gMZqwOlH8RGSdISXQQQjPQ&utm_medium=api&utm_source=b9c24709&v=096C0C0B421144E9BDAD104EFEDFB4EB1FD5907D; Novant Health|https://www.adzuna.com/land/ad/5716959906?se=7pOexOlH8RGrz_gY8KlfVw&utm_medium=api&utm_source=b9c24709&v=5F407FCFB74F2D2E88810D5023F29CE35D60E909; OhioHealth|https://www.adzuna.com/land/ad/5712097408?se=7pOexOlH8RGrz_gY8KlfVw&utm_medium=api&utm_source=b9c24709&v=F647075B9621A606A02F94CD8CA263D95CAF83F2; Omni Inclusive|https://www.adzuna.com/details/5713773223?utm_medium=api&utm_source=b9c24709; Pyramid Technology Solutions, Inc.|https://www.adzuna.com/land/ad/5712950757?se=8Ea_xulH8RGrz_gY8KlfVw&utm_medium=api&utm_source=b9c24709&v=7DF6B56651624916A82996C5DC81F0A4E5FFCD4D; Rockingham Insurance Company|https://www.adzuna.com/land/ad/5712096967?se=UCqAx-lH8RGrz_gY8KlfVw&utm_medium=api&utm_source=b9c24709&v=71E3381A6C394737194DFA692B9E3081706220E8; Staff Today|https://www.adzuna.com/land/ad/5714197540?se=NOgryulH8RGSdISXQQQjPQ&utm_medium=api&utm_source=b9c24709&v=CF87D43F5E55E7F99C2E0D0450727B14185C4490; Sumeru Solutions|https://www.adzuna.com/details/5714008800?utm_medium=api&utm_source=b9c24709; Taras Technology LLC|https://www.adzuna.com/land/ad/5715967784?se=EkR4welH8RGrz_gY8KlfVw&utm_medium=api&utm_source=b9c24709&v=0922441DC67A4D782EA4EA99AF9040E64ABF32FF; UCHealth|https://www.adzuna.com/land/ad/5713483631?se=1lgGxOlH8RGldLZhYZiz6Q&utm_medium=api&utm_source=b9c24709&v=C5CC3DEF8543DFD66D971C3D7B2BBD0C67C87492; Valcan IT Inc|https://www.adzuna.com/land/ad/5716113766?se=AOX5v-lH8RGldLZhYZiz6Q&utm_medium=api&utm_source=b9c24709&v=4ACFD7E3D37551F46B9A9CA8D8F210FC91785216; ValueMomentum|https://www.adzuna.com/land/ad/5714732644?se=AOX5v-lH8RGldLZhYZiz6Q&utm_medium=api&utm_source=b9c24709&v=B41B586E188FB81D76089E476A458EB8F919AEEA; Vensure Employer Services|https://www.adzuna.com/land/ad/5711431825?se=8Ea_xulH8RGrz_gY8KlfVw&utm_medium=api&utm_source=b9c24709&v=BBF2B23B461D8E673C8008E3E0D7283153EB9A9B; Vsion Technologies Inc|https://www.adzuna.com/details/5713088457?utm_medium=api&utm_source=b9c24709; Yochana IT|https://www.adzuna.com/details/5714009220?utm_medium=api&utm_source=b9c24709","AAA; APEX-TEK PLACEMENT CONSULTANTS PRIVATE LIMITED; APN Consulting, Inc.; Akaasa Technologies; American Traveler; AmmaluIT; Assurant; Astra North Infoteck Inc.; Atlanta, GA; Avtech Solutions; Bamboo Insurance; Berkley; BlueSky Resource Solutions; CBTS; CCC Intelligent Solutions; CNA; CYNET SYSTEMS; Canal Insurance Company; Capgemini; Centraprise; Charter Global; ClifyX; Cloudious; Codeforce 360; Coforge; Cognizant; Collaborate Solutions, Inc.; Columbus, OH; Compunnel Inc.; Conch Technologies; Cordova; Covetus; CuraMed Staffing, LLC; Cynet Health; DYNE Group; Dallas, TX; Danta Technologies; Deloitte; Derex Technologies Inc; EA Team, Inc.; ECCLESIASTES INC; EY; Edison, NJ; Elite Technical; Encode INC; Erie Insurance Group; Excelon Solutions LLC; Express Employment; FCCI; Fixity Technologies; Frankenmuth Insurance; Fusion Medical Staffing; Futran Solutions; GAC Solutions Inc.; Genesis NGN Inc.; Great American Insurance Company; Greater New York Mutual Insurance Company; HCLTech; HR Pundits; HTC Global Services; Hartford Healthcare; Hermitage Infotech; Incorporan Inc; Info Dinamica Inc; Innovim Technology Solutions; Innovise IT LLC; Insight Global; JBA International; Jackson HealthPros; Jacobson Group; Judge Group, Inc.; K&K Global Talent Solutions; K-Tek Resourcing LLC; K2 Insurance Services, LLC; KR Elixir, Inc.; KTek Resourcing; Kastech Software Solutions Group; Kemper; Key2Source INC; Keylent; Kforce Technology Staffing; Last Word Consulting; Levi, Ray & Shoup, Inc.; Levi, Ray, & Shoup, Inc.; Liberty Mutual; Lorven Technologies, Inc.; Los Angeles, CA; Lumiere Systems; MSRCosmos; ManpowerGroup; Markel; Mercury Insurance Services, LLC; Mercy; Merit Medical Systems; MetaRPO; Methodist Health System; Michigan Farm Bureau; Millennium Software, Inc.; Minutes to Seconds Pty Ltd; NAAS Technologies; Nashville, TN; National Indemnity Company; New York Technology Partners; Next Level Business Services, Inc.; Novant Health; OhioHealth; Omni Inclusive; OpenTeQ Inc; Openkyber; Plano, TX; PricewaterhouseCoopers; Professional Search Group; PwC; Pyramid Technology Solutions, Inc.; REDLEO SOFTWARE INC.; Raas Infotek LLC; Rockingham Insurance Company; Saksoft; San Antonio, TX; San R&D Business Solutions LLC; Sibitalent Corp; Sidzen LLC; Smart Caliber Technology; Society Insurance Company; Spear Staffing; Sprocket Staffing Services; Staff Today; Stanley David and Associates; Stellent IT LLC; StoneGate-Technologies LLC; Sumeru Solutions; Sysmind, LLC; TEKsystems; TSQ Systems Inc; Taras Technology LLC; Tech Mahindra  Inc.; TekShapers; The Dignify Solutions, LLC; Trail Blazer Consulting LLC; Troy, MI; UCHealth; UFG Career; VDart, Inc.; VLink Inc; Vaco by Highspring; Valcan IT Inc; ValueMomentum; Vensure Employer Services; Vertex Solutions Inc.; Virtual Networx; Vsion Technologies Inc; Western Reserve Group; Williamson Health; Yochana IT; Zodiac Solutions Inc.; eBusiness Solutions, Inc.; eSense Incorporated; i3; iBridge Techsoft LLC; iSquareinfo LLC; nexus IT group"
2026-05-04,Agilysys,us,82,82,0,50,7,Gaming Enterprise|https://www.adzuna.com/details/5713318224?utm_medium=api&utm_source=b9c24709; Island Hospitality Management|https://www.adzuna.com/details/5715633797?utm_medium=api&utm_source=b9c24709; Ithaka Hospitality Partners|https://www.adzuna.com/land/ad/5714704256?se=SNdUy-lH8RGrz_gY8KlfVw&utm_medium=api&utm_source=b9c24709&v=E50D2BFAB665EC6224316BD84DB3C795175A7796; LakeLawn|https://www.adzuna.com/details/5716519633?utm_medium=api&utm_source=b9c24709; Ojo Caliente Holdings|https://www.adzuna.com/details/5718473142?utm_medium=api&utm_source=b9c24709; Seneca Gaming Corporation|https://www.adzuna.com/details/5715762426?utm_medium=api&utm_source=b9c24709; VDart Inc|https://www.adzuna.com/details/5712131270?utm_medium=api&utm_source=b9c24709,"7 Cedars Resort; Beaver Run Resort & Conference Center; Bluewater Casino & Resort; Boar's Head Resort; Casino and; Catawba Two Kings Casino; Cliff Castle Casino Hotel; Coeur d'Alene Casino Resort Hotel; Compass Group, North America; Crescent Careers; Dream Golf; Firebrand; Fort Mcdowell Golf Club; Full House Resorts; Gaming Enterprise; Grand Lake Casino; Halekulani Hotel; Highgate Hotels; Hilton; Houstonian; Island Hospitality Management; Ithaka Hospitality Partners; Kiawah Resort; Kimpton Hotels & Restaurants; Ko-Kwel Casino Resort Coos Bay; LV Search Partners; LakeLawn; Las Vegas, NV; Link Technologies; Lucky Eagle Casino; Maverick Colorado; Ocean Casino Resort; Ojo Caliente Holdings; Otesaga Hotel.; Photon Group; Prairie Meadows; Property Management; Pure Events Lp; Salamander Employer Dc, Llc; Salamander Palm Beach Employer; Sand Valley; Seneca Gaming Corporation; Shore Lodge Whitetail; Squaxin Island Gaming Enterprise; Table Mountain Casino Resort; The Boca Raton; Treetops Resort; VDart Inc; Ymca Of The Rockies; ilani Casino Resort"
2026-05-04,Qualys,us,612,585,27,298,41,"AECOM|https://www.adzuna.com/details/5713821587?utm_medium=api&utm_source=b9c24709; AHEAD|https://www.adzuna.com/details/5714088453?utm_medium=api&utm_source=b9c24709; Agensys Corporation|https://www.adzuna.com/land/ad/5715055670?se=6P_QzOlH8RGEjJvlqRRi-w&utm_medium=api&utm_source=b9c24709&v=114B89F404B46DCD75C6639E9DA459120BE0FE35; Armison Tech|https://www.adzuna.com/details/5713590306?utm_medium=api&utm_source=b9c24709; Aspen Dental|https://www.adzuna.com/details/5717386354?utm_medium=api&utm_source=b9c24709; BOAB Ventures|https://www.adzuna.com/land/ad/5715005618?se=npFDzOlH8RGrz_gY8KlfVw&utm_medium=api&utm_source=b9c24709&v=06CF92FA71501E245FDE20504B5BB01FEB371985; BigBear.ai|https://www.adzuna.com/land/ad/5715053473?se=zGNqzelH8RGSdISXQQQjPQ&utm_medium=api&utm_source=b9c24709&v=A5C2D407EDB463447FCF354F2E6EEDD4142A9BA9; Boston Government Services, LLC|https://www.adzuna.com/land/ad/5715043369?se=VlrkzelH8RGrz_gY8KlfVw&utm_medium=api&utm_source=b9c24709&v=01859393295BDF53973F41A95F73867F825CBDAB; CGP Maintenance & Construction Services Inc.|https://www.adzuna.com/land/ad/5718384102?se=6P_QzOlH8RGEjJvlqRRi-w&utm_medium=api&utm_source=b9c24709&v=9D72E30770C49608B71D3BD80D9DCC8CC9999C8D; Clover Solutions LLC|https://www.adzuna.com/land/ad/5716238409?se=npFDzOlH8RGrz_gY8KlfVw&utm_medium=api&utm_source=b9c24709&v=F220B0E0B3B40D864FA0F7917F9D45E1869B2524; Connect, protect, and build everywhere|https://www.adzuna.com/details/5690391323?utm_medium=api&utm_source=b9c24709; Datasoft Technologies, Inc.|https://www.adzuna.com/land/ad/5711939873?se=6P_QzOlH8RGEjJvlqRRi-w&utm_medium=api&utm_source=b9c24709&v=E4F520C9FED05F89A1BB32E0EA330D95CE063E0E; Delviom LLC|https://www.adzuna.com/land/ad/5713894244?se=npFDzOlH8RGrz_gY8KlfVw&utm_medium=api&utm_source=b9c24709&v=664EB9F76BC145C0312E38E2F4225ECC0CF8A6B5; Evolver|https://www.adzuna.com/land/ad/5718551642?se=zGNqzelH8RGSdISXQQQjPQ&utm_medium=api&utm_source=b9c24709&v=0A87A75708DCF1B7E49472C7DA863117C0688A96; Fujitsu|https://www.adzuna.com/details/5707685367?utm_medium=api&utm_source=b9c24709; Goldbelt Inc|https://www.adzuna.com/land/ad/5715040425?se=zGNqzelH8RGSdISXQQQjPQ&utm_medium=api&utm_source=b9c24709&v=67BC38AA4B9FB70C6E9A837FE33F444CCE27768C; HTC Global Services|https://www.adzuna.com/land/ad/5712681466?se=6P_QzOlH8RGEjJvlqRRi-w&utm_medium=api&utm_source=b9c24709&v=8936D083BB5DBE43B6DFF47E347B62D7BB98C4F3; Infosat IT Services LLC|https://www.adzuna.com/land/ad/5716309070?se=npFDzOlH8RGrz_gY8KlfVw&utm_medium=api&utm_source=b9c24709&v=3B8021DE55F5996AFEEEE32AF52B1D009B1C6BBC; Inspire Health Medical Group|https://www.adzuna.com/land/ad/5718004516?se=npFDzOlH8RGrz_gY8KlfVw&utm_medium=api&utm_source=b9c24709&v=3024C12EE887E1AA86DFE7DB341A5ED691446B87; JPMorganChase|https://www.adzuna.com/land/ad/5716767768?se=cL38zulH8RGrz_gY8KlfVw&utm_medium=api&utm_source=b9c24709&v=407FA436AD5053B047E064C7BA1C3D87F030C1C6; K-Tek Resourcing LLC|https://www.adzuna.com/land/ad/5716238421?se=npFDzOlH8RGrz_gY8KlfVw&utm_medium=api&utm_source=b9c24709&v=43509924DB846955447ADC3D4D7075E5678A1FC1; KPMG|https://www.adzuna.com/details/5712854071?utm_medium=api&utm_source=b9c24709; Katapult Group|https://www.adzuna.com/details/5714368117?utm_medium=api&utm_source=b9c24709; Kelly Services|https://www.adzuna.com/land/ad/5714138074?se=YpF9zulH8RGldLZhYZiz6Q&utm_medium=api&utm_source=b9c24709&v=4DB4F99A12156396C0E8742B54A8F182BEE8B743; M.C. Dean|https://www.adzuna.com/land/ad/5714994856?se=zGNqzelH8RGSdISXQQQjPQ&utm_medium=api&utm_source=b9c24709&v=2C664AAD55159D8A82A68026CF7EEAEEA25B9CFB; MS INFO TECH LLC|https://www.adzuna.com/land/ad/5711977720?se=npFDzOlH8RGrz_gY8KlfVw&utm_medium=api&utm_source=b9c24709&v=A8BDBE9CCBA894FE2B07B42A56555BFEFA153319; Medtronic|https://www.adzuna.com/details/5713615311?utm_medium=api&utm_source=b9c24709; Mercantile Bank|https://www.adzuna.com/details/5716150820?utm_medium=api&utm_source=b9c24709; Merck|https://www.adzuna.com/land/ad/5717543416?se=LhpO0elH8RGldLZhYZiz6Q&utm_medium=api&utm_source=b9c24709&v=B48D0ADE81B051C4115159A13AB0E078181CD0EB; Microsoft Corporation|https://www.adzuna.com/land/ad/5715515331?se=6pgZ0OlH8RGEjJvlqRRi-w&utm_medium=api&utm_source=b9c24709&v=C1FF4071BAF9DF837B4E8ABED95119BA5A764E60; Nesco Resource|https://www.adzuna.com/details/5716229563?utm_medium=api&utm_source=b9c24709; Nidec|https://www.adzuna.com/details/5714351774?utm_medium=api&utm_source=b9c24709; Peraton|https://www.adzuna.com/land/ad/5715577063?se=VlrkzelH8RGrz_gY8KlfVw&utm_medium=api&utm_source=b9c24709&v=2BFE817E9FFF09696F31232FAA00D7DAFF8C3EE1; QGenda|https://www.adzuna.com/details/5713286444?utm_medium=api&utm_source=b9c24709; San R&D Business Solutions LLC|https://www.adzuna.com/details/5714537392?utm_medium=api&utm_source=b9c24709; Southwest Research Institute|https://www.adzuna.com/land/ad/5716140812?se=npFDzOlH8RGrz_gY8KlfVw&utm_medium=api&utm_source=b9c24709&v=B88CCE570D25EB9AFF6D09005D5B9039707A709F; TekStream Solutions|https://www.adzuna.com/land/ad/5714737206?se=VlrkzelH8RGrz_gY8KlfVw&utm_medium=api&utm_source=b9c24709&v=3E09F78C59A288C273CD3D3D48E8AA9DA03EFE2F; Thomasville City School District, NC|https://www.adzuna.com/details/5713599918?utm_medium=api&utm_source=b9c24709; University of California San Francisco|https://www.adzuna.com/land/ad/5715975077?se=npFDzOlH8RGrz_gY8KlfVw&utm_medium=api&utm_source=b9c24709&v=264EE8E022DE435B23F097A3C5DDB1305A5812EC; Utilities Service, LLC|https://www.adzuna.com/land/ad/5716519469?se=VlrkzelH8RGrz_gY8KlfVw&utm_medium=api&utm_source=b9c24709&v=39AF9A9250B433841549ADF22D5F80C9918E9CE4; Zachary Piper Solutions, LLC|https://www.adzuna.com/land/ad/5715013253?se=npFDzOlH8RGrz_gY8KlfVw&utm_medium=api&utm_source=b9c24709&v=D021A091A52103D1AFC5EFA86ADD30028A92D2E3","AAC; ABM; ADPMN INC; AECOM; AHEAD; ASM Research, An Accenture Federal Services Company; Abbott; Accenture; Acrisure; Advatix, Inc.; Ag Jobs; Agensys Corporation; AgreeYa Solutions; Air Apps; Aledade; Alkami; All County Home Health and Hospice; American Heart Association; Analog Devices; Apex Systems; Apptad Inc; Apton Inc; Ardent Principles, Inc.; Aretec Open Opportunites; Armison Tech; Artera; Ascensus; Aspen Dental; Avint; BANK OF AMERICA; BOAB Ventures; Barclays; Batesville Tool & Die; Beyond SOF; BigBear.ai; Bismarck Public Schools; Blue Star Partners LLC; Booz Allen Hamilton; Boston Government Services, LLC; Brightli; Bristol Myers Squibb; CACI; CBTS; CGP Maintenance & Construction Services Inc.; CIM Group; CRDF Global; Capital Consultants Management Corporation; Capital One; Carnival Corporation; Carnival Cruise Line; Carrier; Catawba Two Kings Casino; Cerity Partners; Cetera Financial Group; Champion Home Builders Inc.; Citizens; Clover Solutions LLC; Club Car Llc; Coalfire Systems; Columbia, SC; CommonSpirit Health; Compass Group, North America; CompuCom; Conifer Health Solutions; Connect, protect, and build everywhere; Construction Resources; Core Specialty Insurance Services; CoreWeave; Corient; DTCC; DVI Technologies, Inc.; Datasoft Technologies, Inc.; Deluxe; Delviom LLC; Dew Softech Inc; Digital Technology Solutions; Drawbridge Partners; Dublin City Schools; Dunhill Professional Search; Dutech Systems; ERG; ESM; Early Warning Services, LLC; Educational Service Center of Central Ohio; Elbit America; Electrosoft; Eliassen Group; Emanuel Medical Ctr; Empire State Realty Trust; Enterris Associates; Envelop Group; Evolver; Falmouth Public Schools; Ferguson Enterprises; First American Payments Systems; Forescout Technologies; Fortinet; Freedom Technology Solutions Group; Fujitsu; GBOE; GD Information Technology; GM Financial; Gainwell Technologies LLC; Generac; General Dynamics Information Technology; Genesis Capital; Genesis Global Recruiting Inc; Genesis10; Godwins Gatorland; Goldbelt Inc; GovCIO; Gowanda Electronics.; Grant Thornton; Greenboard; Guggenheim Investments; GuidePoint Security; Guidehouse; HP; HTC Global Services; HealthVerity; Herron High School; Hexagon US Federal; Holtec International; Honeywell; HonorVet Technologies; Hudson Manpower; Hyperproof; INPO External; INSPYR Solutions; INTECH Process Automation; Idexx; Indotronix International Corp; Information Resource Group, Inc.; Infosat IT Services LLC; Inogen; InquisIT; Insight Global; Inspire Health Medical Group; Integra LifeSciences; Isoftech Inc; Ivalua; J5 Consulting; JPMorgan Chase; JPMorganChase; Jbs Usa; Jean Martin, Inc; Judge Group, Inc.; K-Tek Resourcing LLC; KPMG; KalVista Pharmaceuticals; Katapult Group; Kelly Services; KeyBank; Kforce Technology Staffing; Koniag Government Services; Leidos; Lightning AI; Little Rock School District; Lumin Digital; M. C. Dean; M.C. Dean; MAG; MS INFO TECH LLC; MUFG; Maze; Medtronic; Mercantile Bank; Merck; Metropolitan Transportation Authority; Miami, FL; Microsoft Corporation; Milbank LLP; Motion Recruitment Partners, LLC; Mountain View Hospital; NTT America, Inc.; NTT DATA Services; NTT Data Americas, Inc.; NV5; Nationwide IT Services; Natixis; Nenni and Associates; NeoSystems Careers; Nesco Resource; NetCentrics Corporation; NewGen Technologies, Inc.; Nidec; Northrop Grumman; Office Depot; Ogden City Corporation; Okta; OneDigital; OneMain Financial; OpenFX; OpenRouter; Openkyber; Operation Breakthrough; Origin Bank; Ovation Healthcare; PaceMate; PaceMate™; Partnership HealthPlan of California; PepsiCo; Peraton; Point72; PowerPlan, Inc; Prairie City Monroe Community School District; Princeton Independent School District; Prudential Financial; Pueo Business Solutions; QGenda; QualiTech; Quest Diagnostics; RELX; RICEFW Technologies Inc; RSM; Rapport IT; Resolutions Hospice Austin; Restaurant Brands International; Reston, VA; Rhodian Group; Rishabh Software Pvt. Ltd; Rivkin Radler LLP; Roane County Schools; Robert Half; Roehl Transport; S2i2 Inc; SAIC; SJSU Student Union; SUNSHINE ENTERPRISE USA LLC; SailPoint; San R&D Business Solutions LLC; Saul Ewing LLP; Sentara Hospitals; ServiceNow; Sherpa 6; Siemens Healthineers; Signature Consultants; Solana Technology; Sony; Southwest Research Institute; Spring Grove Area School District; Stanford University; Staples; Stellar Professionals LLC; Superior Support Resources; SysLogic, Inc.; T. Rowe Price; TCC Toyota Motor Credit Corporation Company; TEKsystems c/o Allegis Group; TRC Talent Solutions; Tampa, FL; Techno-Comp, Inc.; Technologent; TekStream Solutions; Tenet North Cal; Tentamus North America; The Giant Bullseye; The Jeffcoat Firm Injury & Accident Lawyers PA; The ODP Corporation; The Search Solutions, LLC; The Timberline Group; The Vanguard Group; The Weather Company; Thomasville City School District, NC; Toyota Motor North America; Toyota Tsusho Systems; Trailboss Enterprises; TransCore; True Anomaly; Truist; TrustMinds, Inc.; Two95 International Inc.; Tyler Technologies; UO HR Website; UltraViolet Cyber; University of California San Francisco; University of New Mexico; University of Rochester; Utilities Service, LLC; Utilitra; VHC Health; VIVA USA INC; Verizon; Versa Networks; Versiti; Vertafore; Vibrint; Visionsoft International; Vitaver & Associates; Voya Financial; West Advanced Technologies, Inc.; Western Digital; Western Union; Williams International; Zachary Piper Solutions, LLC; Zermount; cFocus Software Incorporated; cFocus Softwareorporated"
2026-05-11,Varonis,us,435,381,54,45,7,AE Business Solutions|https://www.adzuna.com/land/ad/5723562119?se=Kvsk1QRN8RGozIoQxZA_Pg&utm_medium=api&utm_source=b9c24709&v=E9F5C2BC82439CD7C7CFE9C987CB1FE90347E8E6; Cloud Destinations LLC|https://www.adzuna.com/land/ad/5721841494?se=uoZV1ARN8RGkoPnFMNsCvQ&utm_medium=api&utm_source=b9c24709&v=C706471D2EC22178424E42AB99E629B1B72081C3; Con Edison|https://www.adzuna.com/details/5720205553?utm_medium=api&utm_source=b9c24709; EXOS|https://www.adzuna.com/details/5723883152?utm_medium=api&utm_source=b9c24709; The Vancouver Clinic P.S.|https://www.adzuna.com/land/ad/5721367297?se=PoQW2ARN8RGozIoQxZA_Pg&utm_medium=api&utm_source=b9c24709&v=5662DC64AA1F2033F596FE2BB7F96EAA21DEC7BC; Vailexa Technology|https://www.adzuna.com/details/5722267706?utm_medium=api&utm_source=b9c24709; Vancouver Clinic|https://www.adzuna.com/details/5721925286?utm_medium=api&utm_source=b9c24709,"AE Business Solutions; Akaasa Technologies; American Institutes for Research; Athenix Solutions Group; Bloomberg; Booz Allen Hamilton; Brown Investment Advisory & Trust; Cinch Careers Page- External; Cloud Destinations LLC; Con Edison; Deloitte; EXOS; East West Bank; Fidelity National Financial, Inc.; Genesis10; GuidePoint Security; Guild Mortgage; HD Supply; Huntington National Bank; Insight Global; Intellect Quest LLC; Kentro; MSP Hire; Mohegan; Morgan Stanley; New York Life Insurance Co; Nth Generation; Openkyber; Red River; Regent University; SAIC; SHI; SMBC; SPHERE Technology Solutions; SPS Consulting, LLC; SourcePro Search; TE Connectivity; Teramind; The Vancouver Clinic P.S.; Vailexa Technology; Vancouver Clinic; Veeam Software; Velocity Search Group Inc.; Verathon, Inc.; VeridianTech"
2026-05-11,Dynatrace,us,1000,951,49,329,53,"A1C Partners, LLC|https://www.adzuna.com/land/ad/5719658304?se=2DfY3ARN8RGet_aYIayg-g&utm_medium=api&utm_source=b9c24709&v=A5D7E0DFACF023E32FB131A3EFC5798CE02C2F55; ADDSOURCE|https://www.adzuna.com/land/ad/5721900121?se=2DfY3ARN8RGet_aYIayg-g&utm_medium=api&utm_source=b9c24709&v=EEA413CB3AE62A2EDEE8E7F845A37A8DF6DDA596; AP Recruiters|https://www.adzuna.com/details/5720148673?utm_medium=api&utm_source=b9c24709; America First Credit Union|https://www.adzuna.com/details/5719498825?utm_medium=api&utm_source=b9c24709; Apetan Consulting|https://www.adzuna.com/land/ad/5720938506?se=Qjiy3gRN8RGHY9bA3YfIxQ&utm_medium=api&utm_source=b9c24709&v=11B79741FAA8D7881ABFB582128D2A67272BBF6E; Atem Corp|https://www.adzuna.com/details/5718925124?utm_medium=api&utm_source=b9c24709; Camping World|https://www.adzuna.com/details/5719890739?utm_medium=api&utm_source=b9c24709; Case Interactive|https://www.adzuna.com/land/ad/5722409318?se=oiP83wRN8RGkoPnFMNsCvQ&utm_medium=api&utm_source=b9c24709&v=7E4127CFF348A8D6568BF90757B0A1C95514AEB9; ComTec Information Systems|https://www.adzuna.com/land/ad/5719544312?se=Vt0j3ARN8RGnMap5hKkm1g&utm_medium=api&utm_source=b9c24709&v=7A972BA5E8916097DBD9CFAB11CEED3AFE1EB6D7; Description AutoZone|https://www.adzuna.com/details/5724824075?utm_medium=api&utm_source=b9c24709; Digipulse Technologies, Inc|https://www.adzuna.com/land/ad/5722183829?se=Vt0j3ARN8RGnMap5hKkm1g&utm_medium=api&utm_source=b9c24709&v=FEB5DDD222BF899E9CFA6D35F8BA7C37E8B98FF3; Digitech Services|https://www.adzuna.com/land/ad/5722243842?se=2DfY3ARN8RGet_aYIayg-g&utm_medium=api&utm_source=b9c24709&v=F8394D8BE4A915DB210D29EF24875E3ED7280432; EA Team, Inc.|https://www.adzuna.com/land/ad/5723208526?se=Bu8c2wRN8RGkoPnFMNsCvQ&utm_medium=api&utm_source=b9c24709&v=C834FEB359A0C3B433545349DB084DDB05F7187A; Exatech Inc|https://www.adzuna.com/land/ad/5718880134?se=Bu8c2wRN8RGkoPnFMNsCvQ&utm_medium=api&utm_source=b9c24709&v=D5E81C986CE8A29748E9D7C325106F73AE524E90; Federal Reserve Bank|https://www.adzuna.com/details/5723247785?utm_medium=api&utm_source=b9c24709; Globalchannelmanagement|https://www.adzuna.com/details/5720148440?utm_medium=api&utm_source=b9c24709; HAYS|https://www.adzuna.com/land/ad/5719037616?se=pgKx4wRN8RGozIoQxZA_Pg&utm_medium=api&utm_source=b9c24709&v=38E5D74A3B476FAE2A409343C6C98ACBCA077B57; Hallmark Global Solutions Ltd|https://www.adzuna.com/details/5725203159?utm_medium=api&utm_source=b9c24709; Highbrow|https://www.adzuna.com/land/ad/5721901414?se=Qjiy3gRN8RGHY9bA3YfIxQ&utm_medium=api&utm_source=b9c24709&v=0F93AE6D40CBCBFBE1B31EF6C9566C6E36985BBB; Ikon Software Services|https://www.adzuna.com/land/ad/5718747650?se=Qjiy3gRN8RGHY9bA3YfIxQ&utm_medium=api&utm_source=b9c24709&v=0D36911491E72D8A306DA9AED4E27335BF4A069A; InfoVision, Inc.|https://www.adzuna.com/land/ad/5721842324?se=2DfY3ARN8RGet_aYIayg-g&utm_medium=api&utm_source=b9c24709&v=B4FDD181C4091E129CA15BB790E71DC60FE407EC; Innova software Services Inc|https://www.adzuna.com/details/5720989606?utm_medium=api&utm_source=b9c24709; InterSources|https://www.adzuna.com/details/5722388104?utm_medium=api&utm_source=b9c24709; Kanor Systems|https://www.adzuna.com/land/ad/5719659841?se=Qjiy3gRN8RGHY9bA3YfIxQ&utm_medium=api&utm_source=b9c24709&v=E6889C27CCE060D3AFF4DC7DA4DAC4E711DB4413; Last Word Consulting|https://www.adzuna.com/land/ad/5723208522?se=CMoK3gRN8RGnMap5hKkm1g&utm_medium=api&utm_source=b9c24709&v=1A68F28755E0C31E0618D2832EB2926EA91DB546; Marici Solutions|https://www.adzuna.com/land/ad/5721791950?se=cI5m3QRN8RGozIoQxZA_Pg&utm_medium=api&utm_source=b9c24709&v=A6C1D35F8A0B0CA654910BF41E888E3E3FC966EF; McKesson|https://www.adzuna.com/details/5720192176?utm_medium=api&utm_source=b9c24709; MphasiS Corporation USA|https://www.adzuna.com/land/ad/5713758336?se=2DfY3ARN8RGet_aYIayg-g&utm_medium=api&utm_source=b9c24709&v=1561498C21323C3AB4A707F080073C21EDA32603; Nesco Resource|https://www.adzuna.com/land/ad/5716232212?se=npw75QRN8RGnMap5hKkm1g&utm_medium=api&utm_source=b9c24709&v=4ACCE8FAC81560E6CB4FD47E63D7EA25F1218326; PMTS INC|https://www.adzuna.com/land/ad/5720220539?se=Qjiy3gRN8RGHY9bA3YfIxQ&utm_medium=api&utm_source=b9c24709&v=97370F2FD685D4E6C71DBF7C5B33E575F902D598; Primerica, Inc.|https://www.adzuna.com/land/ad/5713620218?se=4AFW4gRN8RGozIoQxZA_Pg&utm_medium=api&utm_source=b9c24709&v=DA3BA7FD8CE3D8E3E934F5088821F5A7F450060D; Prometheus Group|https://www.adzuna.com/land/ad/5725621538?se=Qjiy3gRN8RGHY9bA3YfIxQ&utm_medium=api&utm_source=b9c24709&v=EC3221B05227291F25AD8728CBDB113A4F3B9676; Pull Skill Technologies|https://www.adzuna.com/land/ad/5721789539?se=oiP83wRN8RGkoPnFMNsCvQ&utm_medium=api&utm_source=b9c24709&v=D7B9063688796D1E5B05F23CD17BD4B7336EC357; ReqRoute,Inc|https://www.adzuna.com/details/5723572973?utm_medium=api&utm_source=b9c24709; ResolveTech Solutions Inc.|https://www.adzuna.com/land/ad/5719658268?se=CMoK3gRN8RGnMap5hKkm1g&utm_medium=api&utm_source=b9c24709&v=064EE098CC412BFD41573B5CAF7C5AF8EF2FD121; STAFFXPERT LLC|https://www.adzuna.com/land/ad/5720686240?se=cI5m3QRN8RGozIoQxZA_Pg&utm_medium=api&utm_source=b9c24709&v=F08A778BEEA520DA51D3A7C171BC30FD0867EAC0; Santander US|https://www.adzuna.com/land/ad/5725517431?se=VCRt5ARN8RGkoPnFMNsCvQ&utm_medium=api&utm_source=b9c24709&v=110C49F0E33B0104399B4CF232B81668DE873FF3; Sapear Inc|https://www.adzuna.com/land/ad/5718747607?se=mjpN3wRN8RGnMap5hKkm1g&utm_medium=api&utm_source=b9c24709&v=66911EC22290A7BF4A47E127089A94EA728BD37F; Shift Code Analytics|https://www.adzuna.com/land/ad/5720664093?se=Vt0j3ARN8RGnMap5hKkm1g&utm_medium=api&utm_source=b9c24709&v=ED0A7993A1A1656724F3123127B9F06817576C3B; SmallArc, Inc|https://www.adzuna.com/land/ad/5718875688?se=oiP83wRN8RGkoPnFMNsCvQ&utm_medium=api&utm_source=b9c24709&v=4916A212E62CF43177C862570117F6821B61496A; SmartIPlace|https://www.adzuna.com/details/5722266790?utm_medium=api&utm_source=b9c24709; Staffingagencyrecruitment|https://www.adzuna.com/details/5720148493?utm_medium=api&utm_source=b9c24709; Sunrise Systems, Inc.|https://www.adzuna.com/land/ad/5720939372?se=2DfY3ARN8RGet_aYIayg-g&utm_medium=api&utm_source=b9c24709&v=25DCB10DA74DF1E63A5127EBAF9B3311B51C73A5; Systems Integration Solutions, Inc.|https://www.adzuna.com/land/ad/5722409063?se=CMoK3gRN8RGnMap5hKkm1g&utm_medium=api&utm_source=b9c24709&v=74AA25174635AEC6BD51FA40E37D362B225F19FC; TDK Technologies|https://www.adzuna.com/land/ad/5718917903?se=CMoK3gRN8RGnMap5hKkm1g&utm_medium=api&utm_source=b9c24709&v=597E92066AAC07553AF4BF2E257AEE41463F4D81; Triunity Software|https://www.adzuna.com/land/ad/5721791348?se=cI5m3QRN8RGozIoQxZA_Pg&utm_medium=api&utm_source=b9c24709&v=4FE0A78AE431697F494EEB5891FD4728F61BAEE5; Uniti|https://www.adzuna.com/land/ad/5721064731?se=VCRt5ARN8RGkoPnFMNsCvQ&utm_medium=api&utm_source=b9c24709&v=06183E61FF98B75E8C4D41669498E8791190A90F; Ventechsoft Inc|https://www.adzuna.com/land/ad/5721900381?se=2DfY3ARN8RGet_aYIayg-g&utm_medium=api&utm_source=b9c24709&v=952CADFF44507A3E411FFCAE9BF66E9F7B7CFCDD; Venusgeo|https://www.adzuna.com/land/ad/5720683869?se=2DfY3ARN8RGet_aYIayg-g&utm_medium=api&utm_source=b9c24709&v=F79C1C2A734CDC54E3DE2BBDBA66F55552BCA522; Verito Solutions|https://www.adzuna.com/land/ad/5721900067?se=CMoK3gRN8RGnMap5hKkm1g&utm_medium=api&utm_source=b9c24709&v=37AB09E7F0D211BB151434FD5AC78D1E0409BDDA; Vinsari LLC|https://www.adzuna.com/land/ad/5718883270?se=oiP83wRN8RGkoPnFMNsCvQ&utm_medium=api&utm_source=b9c24709&v=BB1F5B2896C57DB9C03EAA64119D6236EF86F9FD; Vsion Technologies Inc|https://www.adzuna.com/details/5718924836?utm_medium=api&utm_source=b9c24709; W. R. Berkley|https://www.adzuna.com/details/5706043476?utm_medium=api&utm_source=b9c24709","2K; 3Core Systems, Inc; A-Line Staffing Solutions LLC; A1C Partners, LLC; ACI Infotech; ADDSOURCE; AP Recruiters; ARK Infotech Spectrum; ARK Solutions Inc; ASCENDING; Ab Ovo Inc; Accenture; Advanced Tech Placement; Ahead; Akaasa Technologies; Alexa Systems; Allen, TX; Allwyn Corporation; Ally; Alpha Technologies Inc; Amatriot Group; America First Credit Union; American Electric Power; American Express; American Technology Consulting; Ampcus Inc; ApTask; Apetan Consulting; Apex 2000; Apex Systems; Apexon; Apptad Inc; Aptino; Arrowminds inc; Astra North Infoteck Inc.; Atem Corp; Atlanta, GA; Autozone; BCforward; Baltimore, MD; Bank of America; Bansar Technologies Inc.; Benvia; Berkley; Blue Shield of California; Bolingbrook, IL; Brilliant Infotech Inc; Brooksource; ByteBridge Technologies, Inc; C4 Technical Services; CGI; CSS Tec; CVS Health; Calabitek; Camping World; Canoo Technologies; Capgemini; Cardinal Health; Case Interactive; ChaTeck Incorporated; Chandler, AZ; Charlotte, NC; Chase; Chicago, IL; Cincinnati, OH; Citigroup; ClearBridge Technology Group; ClifyX; Cloudious LLC; Cognizant; Collabera LLC; ComTec Information Systems; Converge; Corpay; CrewBloom; Cyberobotix; Cynet Systems; Cystems Logic; DB Orlando- NJ; DTCC; DXC Technology; Dallas, TX; Data Capital Inc; DataEdge Consulting, Inc.; Daten Technology Solutions; Description AutoZone; DevApps IT; Digipulse Technologies, Inc; Digital Technology Solutions; Digitech Services; Dminds Solutions Inc.; Document Storage Systems Inc; Dragonfli Group; EA Team, Inc.; EPAM Systems; ESRhealthcare and EXEC STAFF RECRUITERS; EVEREST CONSULTING GROUP, INC; EchoStar; Eclaro; Econosoft; EdgeVerve Systems Limited; Ensono; Essel; Everest Global Solutions; Evoke Technologies; Exatech Inc; FIS Capital Markets; FM; Federal Reserve Bank; First Horizon; Fiserv; Ford Motor; Fort Worth, TX; Foundation Software; FreedomPay; Fusion HCR; Futran Solutions; GRT Corporation; Genesis10; Genius Road; Genuine Parts Company; Gigamon; Glint Tech Solutions LLC; Globalchannelmanagement; Goldenpick Technologies LLC; Goldstone Partners, Inc.; GovCIO; Government Systems Technologies Inc.; Group Nine; H R PUNDITS INC; HAYS; HCSC; HERS Advisors; HPTech Inc.; Hallmark Global Solutions Ltd; HealthFirst; Herndon, VA; Hexaware; Highbrow; Home Depot; Horizontal Talent; Huntington National Bank; INSPYR Solutions; ISR Info Way, Inc.; IT First Source; ITBMS Inc.; Ikon Software Services; Incedo Inc; InfiCare Technologies; Infinite Computer Solutions; InfoVision, Inc.; Infodyne Solutions; Innova Solutions, Inc; Innova software Services Inc; Insight Global; Intellect Quest LLC; InterSources; Intercontinental Exchange; International Solutions Group; JBA International; JC CORPORATIONS; JPMorgan Chase; JPMorganChase; Judge Group, Inc.; KPG 99 Inc.; Kaiser; Kanor Systems; Kforce Technology Staffing; LTIMindtree; Las Vegas, NV; Last Word Consulting; Litmus7 Systems Consulting Inc.; Lumen Solutions Group Inc.; Luminare Health Benefits; M&T Bank; Maania Consultancy Services; Macpower Digital Assets Edge; Maintec Technologies Inc; Manpower/itec; ManpowerGroup; Marici Solutions; Marriott; Mastech Digital; Mastercard; McKesson; Merican Inc; MetLife; Minneapolis, MN; Mitsubishi UFJ Financial Group; MphasiS Corporation USA; Nashville, TN; Nesco Resource; New Age Software Services Corporation; New York Technology Partners; NextGen IT; Nike; Nobl Q, LLC.; Noblesoft Solutions Inc.; Noblis; Nuvei; Obsidian Solutions Group; Okaya Inc; Openkyber; Otter Base; PMTS INC; PNC; PTR Global; Parts Town; Penske Truck Leasing; Photon; Pittsburgh, PA; Plano, TX; Plexus Worldwide; Prabhav Services Inc; Primerica, Inc.; Prometheus Group; Prudent Technologies and Consulting; Publix Super Markets; Pull Skill Technologies; Pyramid Consulting, Inc.; Qode; QualiTest; Quest Diagnostics; RAKS Group LLC; Raag Solutions; RaceTrac; Randstad Digital; Raymond James Financial, Inc.; Redolent; ReqRoute,Inc; ResolveTech Solutions Inc.; Riptide Technology; S3; SAIC; SANS; SOFT Inc.; SRI Tech Solutions; SS&C; STAFFXPERT LLC; Sambasafety; San Leandro, CA; Santander US; Sapear Inc; Saransh Inc; Savvients Inc; Scalable Systems; Seattle, WA; Shift Code Analytics; Sierra Business Solution LLC; SkylineIT Solutions; SmallArc, Inc; SmartIPlace; Software Guidance & Assistance; Solugenix Corp; South Jordan, UT; Staffingagencyrecruitment; Stafford Technology; State Street; Stefanini; Strategic Staffing Solutions; Sunrise Systems, Inc.; SysMind, LLC; System One; Systems Integration Solutions, Inc.; T. Rowe Price; TCC Toyota Motor Credit Corporation Company; TDK Technologies; TECH Tammina; TEKsystems; Talent Search PRO; Talentrupt; TechSpace Solutions Inc.; Techridge, Inc.; Techstra Solutions; Tek Ninjas; TekLeaders, Inc; TekisHub Consulting Services; The Cigna Group; The Davey Tree Expert Company; The Timberline Group; Thin Technologies; Toyota Motor North America; Trinite Consulting Group; Triune Infomatics Inc; Triunity Software; TrueHire Staffing LLC; Truist; Two95 International Inc.; US Tech Solutions; Uline; Unissant; UnitedHealth Group; Uniti; Unknown, IL; Unknown, TX; V-Soft Consulting Group, Inc; V.L.S. Systems, Inc; V2Soft; VDart Inc; Vaco by Highspring; Ventechsoft Inc; Venusgeo; VeridianTech; Verisk Analytics; Verito Solutions; Vertical Relevance; Vinsari LLC; Vivint; Vsion Technologies Inc; W. R. Berkley; Walmart; Washington, DC; Webilent Technology, Inc.; Wells Fargo; Western Alliance Bank; Western Union; Widescope Consulting and Contracting Services; Wilmington, DE; Windward Consulting; Worldwide Insurance Services; Xoriant Corporation; York Solutions, LLC; Zealogics; Zen & Art; Zenox Global, LLC; Zillion Technologies; doTERRA; investor.accenture; thehivecareers.co"
2026-05-11,LiveRamp,us,318,173,145,53,9,AEG Presents|https://www.adzuna.com/details/5724107472?utm_medium=api&utm_source=b9c24709; Cyma Systems Inc|https://www.adzuna.com/land/ad/5721308659?se=9mSX6wRN8RGet_aYIayg-g&utm_medium=api&utm_source=b9c24709&v=677DDF36FC7AEF07ED5E329EA38624EF2D2F6ED1; Disney|https://www.adzuna.com/details/5723755475?utm_medium=api&utm_source=b9c24709; Etsy|https://www.adzuna.com/details/5725001388?utm_medium=api&utm_source=b9c24709; Lundbeck|https://www.adzuna.com/details/5719673770?utm_medium=api&utm_source=b9c24709; Proxima|https://www.adzuna.com/details/5721418661?utm_medium=api&utm_source=b9c24709; Publicis Groupe Holdings B.V|https://www.adzuna.com/details/5723697284?utm_medium=api&utm_source=b9c24709; The Walt Disney Company|https://www.adzuna.com/land/ad/5721473925?se=nmzr7ARN8RGet_aYIayg-g&utm_medium=api&utm_source=b9c24709&v=203AD1ACA1C04EAE72A74A8FD3176807165AE4FD; Who We Are EDO|https://www.adzuna.com/land/ad/5518512580?se=9mSX6wRN8RGet_aYIayg-g&utm_medium=api&utm_source=b9c24709&v=7D82C855A0EE51D26EEA521BE1A52E0AEF6B2DF3,"247Hire; AEG Presents; Accenture; Acnovate Corporation; Adstra; Affinity Solutions; Albertsons; Ankura; Arbital Health; Attain; Blend360; Bombora; BranchLab; Capgemini; Cognitiv; Colgate-Palmolive; Comulate; Cyma Systems Inc; Disney; Dollar General; EchoStar; Etsy; FedEx Office; GM; Gartner; General Motors; Gilead Sciences; Instacart; Integral Ad Science; Lundbeck; Marriott; McAfee, Inc.; NBC Universal; Proxima; Publicis Groupe Holdings B.V; Rational 360; Redi-Mail / RediData; Regeneron Pharmaceuticals; Roku; Samba; Samsung; Sanofi; Shaper Capital; Snowflake; Spectrum Science; The New York Times; The Walt Disney Company; Tinuiti; Universal Orlando; Vibe; Who We Are EDO; dentsu; iSpot"
2026-05-11,nCino,us,596,596,0,144,7,Banco Santander|https://www.adzuna.com/details/5724962902?utm_medium=api&utm_source=b9c24709; CBI Bank & Trust|https://www.adzuna.com/details/5723853703?utm_medium=api&utm_source=b9c24709; First National Bank Texas|https://www.adzuna.com/land/ad/5723638173?se=frNi7wRN8RGnMap5hKkm1g&utm_medium=api&utm_source=b9c24709&v=84C4F84278D965C1615971FF91E26C29ED01F0B9; MMC Group|https://www.adzuna.com/details/5722481591?utm_medium=api&utm_source=b9c24709; MoFi|https://www.adzuna.com/land/ad/5718746935?se=frNi7wRN8RGnMap5hKkm1g&utm_medium=api&utm_source=b9c24709&v=F9B43D491E956BF6FD26A559205BB7461141DC01; National Cooperative Bank. N.A.|https://www.adzuna.com/details/5721152494?utm_medium=api&utm_source=b9c24709; S3|https://www.adzuna.com/land/ad/5718418493?se=frNi7wRN8RGnMap5hKkm1g&utm_medium=api&utm_source=b9c24709&v=AF7DB5F791831DAB10E17D21389DB429FAEF091C,"Accenture; Addison, TX; Ag Jobs; Amerant Bank; Amerantbank; AmeriServ Financial Bank; American Pacific Mortgage; Apex Systems; Atlantic Coast Mortgage; Atlantic Union Bank Careers; Axos Bank; B1Bank; Banc of California; Banco Santander; Banesco Usa; Bank of America; Bank of Clarke; BankNewport; BankPlus; Banner Bank; Bisnow; Bridgewater Bank; Buffalo, NY; Bundoran Group; Busey Bank; Byline Bank; CBI Bank & Trust; CCU; CalPrivate Bank; Cathay Bank; Centennial Bank; Charlotte, NC; City National Bank; Cloudious; Coastal States Bank; Cognizant; Columbia Bank; ConnectOne Bank; Connexus Credit Union; Coral Gables, FL; Cornerstone Capital Bank; Customers Bank; DX Foundation; Dickinson Financial Corporation; Dieterich Bank; Earthmover Credit Union; Eastern Bank; Elwood Staffing; EmployVision; Endeavor Bank; Extractable; FCS Financial, ACA; FIRST BANK OF THE LAKE; FNBO; Farm Credit Mid-America; Fifth Third Bank; First Financial Bank; First Horizon; First Internet Bank; First National Bank Of Bastrop; First National Bank Of Pennsylvania; First National Bank Texas; First National Bank of Omaha; Five Star Bank, Ca; Flagstar Bank; Fulton Bank; GalaxEsystems; Genesis Capital; Georgia's Own Credit Union; German American Bancorp; Glens Falls National Bank And Trust Co; Greenfield Savings; Hancock Whitney Bank; Hills Bank; IBISWorld; IT Accel, Inc; ITTConnect; Insight Global; Investar Bank National As; JBA International; Judge Group, Inc.; KeyBank; Kforce Technology Staffing; Lead; Leader Bank; LoanPro; Lower; M&T Bank; MDMS Recruiting; MMC Group; ManpowerGroup; Mission Bancorp; Mld Mortgage; MoFi; NTT America, Inc.; Nashua, NH; National Cooperative Bank. N.A.; National Mortgage Staffing; New York, NY; Northern Bank; Okaya Inc; Origin Bank; Peoples Bank; Perseus Group; Photon Group; Pioneer Corporate Services Inc; Platinum Bank; Prestige Staffing; Rado Bank; Regions Bank; Rockland Trust Company; S&T Bank; S3; Saksoft; Sauk Valley Bank; Sb Financial Group Inc.; Servisfirst Bank; Shore United Bank; Signal Financial Federal Credit Union; Sincera Technologies, Inc.; South Shore Bank Roles; Southern Trust Mortgage; Southstate Bank; Sriven Systems Inc.; State Employees Credit Union; Sunflower Bank, N.A.; TD Bank; Tempe, AZ; Texas First Bank; The Paducah Bank And Trust Company; The Symicor Group; Tri Counties Bank; Truist; Trustmark National Bank; U.S. Bank; Unknown, NC; WaFd Bank; Wells Fargo; West Monroe; Wintrust; Woodforest National Bank; Wsfs Financial; Zennify; Zions Bancorporation"
2026-05-11,JFrog,us,319,292,27,149,21,"AB2 Consulting, Inc.|https://www.adzuna.com/details/5718924306?utm_medium=api&utm_source=b9c24709; Atem Corp|https://www.adzuna.com/details/5718925124?utm_medium=api&utm_source=b9c24709; Avenues International|https://www.adzuna.com/details/5718924600?utm_medium=api&utm_source=b9c24709; BDR Solutions LLC|https://www.adzuna.com/land/ad/5723181195?se=dORR_ARN8RGozIoQxZA_Pg&utm_medium=api&utm_source=b9c24709&v=9C6820C8DF8D0CCC117342C5F28A3B378AB60176; Caterpillar|https://www.adzuna.com/details/5721367944?utm_medium=api&utm_source=b9c24709; Cognizant|https://www.adzuna.com/land/ad/5721138997?se=egYz_QRN8RGet_aYIayg-g&utm_medium=api&utm_source=b9c24709&v=3D606CFD930BF3ECB766B315508851BAF4FE6C79; Comcast|https://www.adzuna.com/land/ad/5724903476?se=dORR_ARN8RGozIoQxZA_Pg&utm_medium=api&utm_source=b9c24709&v=B1FD244887FC62FC2F9B854AE09D1FB0E0DD7405; Connexion Systems and Engineering, Inc.|https://www.adzuna.com/land/ad/5721901893?se=dORR_ARN8RGozIoQxZA_Pg&utm_medium=api&utm_source=b9c24709&v=7D944AFE7BA913DC20F8879919AA96EB770C4ACE; Dearborn, MI|https://www.adzuna.com/details/5719921756?utm_medium=api&utm_source=b9c24709; Digital Technology Solutions|https://www.adzuna.com/land/ad/5723095998?se=voWe-wRN8RGet_aYIayg-g&utm_medium=api&utm_source=b9c24709&v=B6BA6BCAC61DAB3A69FB70F5D274EBF716B9C883; Engine|https://www.adzuna.com/details/5722614895?utm_medium=api&utm_source=b9c24709; Global Solutions Group|https://www.adzuna.com/land/ad/5718755627?se=voWe-wRN8RGet_aYIayg-g&utm_medium=api&utm_source=b9c24709&v=5EE8EEFB9F8B26E08FFB359ABFC362E71C753E85; Index Analytics|https://www.adzuna.com/details/5722656291?utm_medium=api&utm_source=b9c24709; Infosys|https://www.adzuna.com/land/ad/5725099881?se=zKqk_gRN8RGozIoQxZA_Pg&utm_medium=api&utm_source=b9c24709&v=33E8524E872230101B0062750B8A469092D9F8B0; LCG|https://www.adzuna.com/details/5725613676?utm_medium=api&utm_source=b9c24709; Lockheed Martin|https://www.adzuna.com/land/ad/5724804745?se=knri_QRN8RGHY9bA3YfIxQ&utm_medium=api&utm_source=b9c24709&v=358D52EE5F9ED2C914031E410CDB5B7007735216; M. C. Dean|https://www.adzuna.com/details/5720993950?utm_medium=api&utm_source=b9c24709; RELX|https://www.adzuna.com/details/5700069032?utm_medium=api&utm_source=b9c24709; Thronus Group LLC|https://www.adzuna.com/land/ad/5722185091?se=dORR_ARN8RGozIoQxZA_Pg&utm_medium=api&utm_source=b9c24709&v=726B657F3158765363D4AB79850CF8889D0ACE40; V2Soft|https://www.adzuna.com/land/ad/5719544866?se=voWe-wRN8RGet_aYIayg-g&utm_medium=api&utm_source=b9c24709&v=20742B04C43DABADB773B7D14558222A48E85A78; Vinsari LLC|https://www.adzuna.com/land/ad/5721902557?se=egYz_QRN8RGet_aYIayg-g&utm_medium=api&utm_source=b9c24709&v=E1755F7EE60151609A8F34D562C9936DEAC4BE74","AB2 Consulting, Inc.; ADP; ASRC Federal; AT&T; AbbVie; Alkami; Alkermes; Amatriot Group; Amentum; American Credit Acceptance; American Express; Anduril; Apex Systems; Aquila Technology; Arch Capital Group; Archesys Inc; Atem Corp; Avenues International; BAE Systems; BDR Solutions LLC; Bank of America; Beyond SOF; Biamp; Bits & Bytes Technology Solutions; Bossini Technologies; Butlr; By Light HQ; CACI; CGI Technologies and Solutions, Inc.; CNA; Cadence Systems; Canoo Technologies; Capstone; Caterpillar; Cedar Rapids, IA; Chandler, AZ; Cognizant; Comcast; Connexion Systems and Engineering, Inc.; CoreWeave; CrowdStrike; DATAMAXIS, Inc; DFO Referrals; DMS Vision Inc; DORLECO; Dayforce; Dearborn, MI; DeepSight Technology; Detroit, MI; DevSelect; Diagrid; Digital Technology Solutions; Duetto Research; Engine; Entrust; Eversource Energy; Ford Motor Company; Fresenius Kabi; GE Aerospace; Genesis10; Genuine Parts Company; Global Solutions Group; GreyCell Labs, Inc; Guild Talent; Heads Up Technologies; Hewlett Packard Enterprise; Highmark Health; HubSync; IPS Technology Services; ITECS; Impinj; Index Analytics; Infosys; Inrix; Insight Global; Intercontinental Exchange; Iridium Satellite; Isoftech Inc; Istari Digital; JLL; JPMorgan Chase; JPMorganChase; K2 Space; Knowledge Builders; LCG; LVT; Lockheed Martin; M&T Bank; M. C. Dean; MAG; ManpowerGroup; Mastercard; McDonald's; Merlin Labs; Mindlance; Morgan Stanley; NTT America, Inc.; NTT Data Americas, Inc.; NVIDIA; National Life Insurance Company; New York Life Insurance Co; New York, NY; Nisum; Northrop Grumman; Openkyber; Paysafe Group; Peyton Resource Group; Pyramid Consulting, Inc.; Pyramid Technology Solutions, Inc.; Quanta Search; Quantum Default Brand; RELX; REsurety, Inc.; RTX; Redolent; Relativity Space; Request Technology, LLC; Resmed; Rockwell Automation; S3; Saransh Inc; Schneider Electric; SciTec; Select Solutions Group, LLC; Skrill; Smart Caliber Technology; Snap; Sonatus; Sonatype; State Street; Strategic Staffing Solutions; System Edge  L.L.C.; TEKsystems; TekLeaders, Inc; ThinKom Solutions; Thronus Group LLC; True Anomaly; Truist; US Tech Solutions; UnitedHealth Group; Unknown, NH; V2Soft; VDart Inc; Valinor Enterprises; Veeam Software; Viavi Solutions; Vinsari LLC; Voya Financial; Youngsoft"
2026-05-11,Guidewire,us,1000,954,46,140,20,"Beta-Search, Inc|https://www.adzuna.com/details/5725091433?utm_medium=api&utm_source=b9c24709; Code Repo|https://www.adzuna.com/land/ad/5720635792?se=sEoRBAVN8RGet_aYIayg-g&utm_medium=api&utm_source=b9c24709&v=3F1B05565173053ADA3F60117087596D5B30CAEF; Decision Six Inc.|https://www.adzuna.com/land/ad/5720938569?se=Go6eAAVN8RGHY9bA3YfIxQ&utm_medium=api&utm_source=b9c24709&v=6CC1A5C3B4109B5601972F0D8E7FD7C00B1706E5; Empresent Global, LLC|https://www.adzuna.com/land/ad/5718755949?se=jnXGCQVN8RGet_aYIayg-g&utm_medium=api&utm_source=b9c24709&v=327FE05D7D9859DAF09E16127C024E858E39D228; Galaxy i Technologies, Inc.|https://www.adzuna.com/land/ad/5719030912?se=Go6eAAVN8RGHY9bA3YfIxQ&utm_medium=api&utm_source=b9c24709&v=EEA925D59BF325D3A257AE74FA3ABF31CDBDD5C7; Good Samaritan|https://www.adzuna.com/land/ad/5724245205?se=jnXGCQVN8RGet_aYIayg-g&utm_medium=api&utm_source=b9c24709&v=C819D44823A2FD587A156B233F0066D15193289C; Heritage Mga Llc|https://www.adzuna.com/details/5720155905?utm_medium=api&utm_source=b9c24709; Infojini|https://www.adzuna.com/land/ad/5722238775?se=jnXGCQVN8RGet_aYIayg-g&utm_medium=api&utm_source=b9c24709&v=DD8EC454EBAA4772DD5907C29D20863115D1A6FE; Lincoln Softtech LLC|https://www.adzuna.com/land/ad/5719593016?se=HqNSAQVN8RGet_aYIayg-g&utm_medium=api&utm_source=b9c24709&v=0B63C792EDF6D5136C9A836D29C1CA4C976F7368; Mahantech Corporation|https://www.adzuna.com/land/ad/5723045651?se=BNjHAgVN8RGozIoQxZA_Pg&utm_medium=api&utm_source=b9c24709&v=F569DCDDBFD6A3B292F677F69B60457584F6B7A8; Mango Analytics|https://www.adzuna.com/land/ad/5723528582?se=xPyPCgVN8RGet_aYIayg-g&utm_medium=api&utm_source=b9c24709&v=B556D6921ACAD4087913B0353C381B7F9880EC85; Mantek Solutions|https://www.adzuna.com/details/5720989185?utm_medium=api&utm_source=b9c24709; Medical Manufacturing Technologies LLC|https://www.adzuna.com/land/ad/5725620714?se=HnY_BQVN8RGHY9bA3YfIxQ&utm_medium=api&utm_source=b9c24709&v=21D659994806F30363AF12F5EDA8C4DB7AF33B1F; NasTech Global, Inc.|https://www.adzuna.com/land/ad/5721901912?se=HqNSAQVN8RGet_aYIayg-g&utm_medium=api&utm_source=b9c24709&v=F3D7D20C0BD5FFCBF984D3B058189E2A6A110134; NeuroNet Solutions Inc|https://www.adzuna.com/land/ad/5694633472?se=Go6eAAVN8RGHY9bA3YfIxQ&utm_medium=api&utm_source=b9c24709&v=1E9C2C0A8A0FD648B6DC4BC396852EF582D4C52B; Prudent Technologies and Consulting|https://www.adzuna.com/land/ad/5723095797?se=BNjHAgVN8RGozIoQxZA_Pg&utm_medium=api&utm_source=b9c24709&v=C56CAD47277B917BB64E92D6E2596895F21D79A8; Shelter Mutual Insurance Company|https://www.adzuna.com/details/5723910017?utm_medium=api&utm_source=b9c24709; ThinkNorth LLC|https://www.adzuna.com/land/ad/5720938496?se=HqNSAQVN8RGet_aYIayg-g&utm_medium=api&utm_source=b9c24709&v=87BAD888050FE741C8AED327B58A0E7B2A2B316C; TriCom Technical Services|https://www.adzuna.com/land/ad/5719660827?se=ProYCQVN8RGet_aYIayg-g&utm_medium=api&utm_source=b9c24709&v=617EAAA8992C56D4E9B50A69892A09D4E26E3076; cloudingest inc|https://www.adzuna.com/land/ad/5721842409?se=BNjHAgVN8RGozIoQxZA_Pg&utm_medium=api&utm_source=b9c24709&v=DC5413584BDE9732E584CA0AA81E1EF42A920AD8","AAA; APN Consulting Inc; American Traveler; Apex Systems; Assurant; Astra North Infoteck Inc.; Atlanta, GA; Avtech Solutions; Bamboo Insurance; Berkley; Beta-Search, Inc; BlueSky Resource Solutions; CBTS; CCC Intelligent Solutions; CNA; Canal Insurance Company; CapGemini; Charter Global, Inc.; ClifyX; Cloudious; Code Repo; Codeforce 360; Coforge; Cognizant; Collaborate Solutions, Inc.; Columbus, OH; Conch Technologies Inc; Cordova; Cynet Health; Cynet Systems; DYNE Group; Dallas, TX; Decision Six Inc.; Deloitte; Derex Technologies Inc; ECCLESIASTES INC; EY; Elite Technical; Empresent Global, LLC; Erie Insurance; Excelon Solutions LLC; FCCI; Farmers Mutual Insurance Company Of Nebraska; Fixity Technologies; Frankenmuth Insurance; Fusion Medical Staffing; GAC Solutions Inc.; Galaxy i Technologies, Inc.; Good Samaritan; Great American Insurance Company; Greater New York Mutual Insurance Company; HTC Global Services; Hartford Healthcare; Heritage Mga Llc; Hermitage Infotech; Infinity Tech Group Inc; Infojini; Innovim Technology Solutions; Innovise IT LLC; Insight Global; JBA International; Judge Group, Inc.; K-Tek Resourcing LLC; KR Elixir, Inc.; Kemper; Key2Source; Kforce Technology Staffing; Last Word Consulting; Levi, Ray & Shoup, Inc.; Levi, Ray, & Shoup, Inc.; Liberty Mutual; Lincoln Softtech LLC; Lorven Technologies, Inc.; Los Angeles, CA; Lumiere Systems; MSRCosmos; Mahantech Corporation; Mango Analytics; ManpowerGroup; Mantek Solutions; Markel; Medical Manufacturing Technologies LLC; Mercury Insurance Services, LLC; Mercy; Merit Medical Systems; Methodist Health System; Millennium Software, Inc.; NAAS Technologies; NasTech Global, Inc.; Nashville, TN; National Indemnity Company; NeuroNet Solutions Inc; New York Technology Partners; New York, NY; Next Level Business Services, Inc.; OhioHealth; OpenTeQ Inc; Openkyber; Plano, TX; PricewaterhouseCoopers; Professional Search Group; Prudent Technologies and Consulting; PwC; Pyramid Technology Solutions, Inc.; REDLEO SOFTWARE INC.; Raas Infotek LLC; Saksoft; San Antonio, TX; Shelter Mutual Insurance Company; Sibitalent Corp; Society Insurance Company; Spear Staffing; Sprocket Staffing Services; Staff Today; Stellent IT LLC; SysMind, LLC; TEKsystems; Taras Technology LLC; The Dignify Solutions, LLC; ThinkNorth LLC; TriCom Technical Services; Troy, MI; UCHealth; UFG Career; USAA; VDart, Inc.; VLink Inc; Vertex Solutions Inc.; Virtual Networx; Vsion Technologies Inc; Webilent Technology, Inc.; Western Reserve Group; Yochana IT Solutions; Zodiac Solutions Inc.; cloudingest inc; eSense Incorporated; i3; iBridge Techsoft LLC; iSquareinfo LLC; nexus IT group"
2026-05-11,Agilysys,us,76,76,0,50,2,Lake Lawn Resort|https://www.adzuna.com/details/5716519633?utm_medium=api&utm_source=b9c24709; Pyramid AZB Management|https://www.adzuna.com/details/5720161474?utm_medium=api&utm_source=b9c24709,"7 Cedars Resort; Beaver Run Resort & Conference Center; Bluewater Casino & Resort; Boar's Head Resort; Casino and; Catawba Two Kings Casino; Cliff Castle Casino Hotel; Coeur d'Alene Casino Resort Hotel; Compass Group, North America; Crescent Careers; Dream Golf; Firebrand; Fort Mcdowell Golf Club; Full House Resorts; Gaming Enterprise; Grand Lake Casino; Halekulani Hotel; Highgate Hotels; Hilton; Houstonian; Island Hospitality Management; Ithaka Hospitality Partners; Kiawah Resort; Kimpton Hotels & Restaurants; LV Search Partners; Lake Lawn Resort; Las Vegas, NV; Link Technologies; Lucky Eagle Casino; Maverick Colorado; Ocean Casino Resort; Ojo Caliente Holdings; Otesaga Hotel.; Photon Group; Prairie Meadows; Property Management; Pure Events Lp; Pyramid AZB Management; Q Casino + Resort; Salamander Employer Dc, Llc; Salamander Palm Beach Employer; Sand Valley; Seneca Gaming Corporation; Shore Lodge Whitetail; Squaxin Island Gaming Enterprise; Table Mountain Casino Resort; The Boca Raton; Treetops Resort; Ymca Of The Rockies; ilani Casino Resort"
2026-05-11,Qualys,us,656,626,30,273,40,"American Express|https://www.adzuna.com/land/ad/5719991253?se=9Iw_GAVN8RGnMap5hKkm1g&utm_medium=api&utm_source=b9c24709&v=7C945D2DF8CE86687E8439966C82BBC484AC88F7; Aptino|https://www.adzuna.com/land/ad/5721900058?se=IENMEAVN8RGkoPnFMNsCvQ&utm_medium=api&utm_source=b9c24709&v=680AB577713E80C53B9269D359092C37E9F6C67B; Bristol Bay Native Corportation|https://www.adzuna.com/details/5720093649?utm_medium=api&utm_source=b9c24709; Calance|https://www.adzuna.com/details/5725200447?utm_medium=api&utm_source=b9c24709; Cloud Destinations LLC|https://www.adzuna.com/land/ad/5721841494?se=kE6pDwVN8RGnMap5hKkm1g&utm_medium=api&utm_source=b9c24709&v=C706471D2EC22178424E42AB99E629B1B72081C3; Compugra Systems|https://www.adzuna.com/land/ad/5721790424?se=IENMEAVN8RGkoPnFMNsCvQ&utm_medium=api&utm_source=b9c24709&v=0AA7C7EAF9171E575DAD151C8BCD580A0D64E3EA; Deloitte|https://www.adzuna.com/land/ad/5721244362?se=PEx_EgVN8RGet_aYIayg-g&utm_medium=api&utm_source=b9c24709&v=DF260C005775C434912BA0733B4B0DBC0015CEAC; Dexperts Inc|https://www.adzuna.com/land/ad/5723181191?se=kE6pDwVN8RGnMap5hKkm1g&utm_medium=api&utm_source=b9c24709&v=76C2BE5C9D60328F84AC12A7EC4D27313F10AF95; ECG Management Consultants|https://www.adzuna.com/details/5721920359?utm_medium=api&utm_source=b9c24709; EXOS|https://www.adzuna.com/details/5723883152?utm_medium=api&utm_source=b9c24709; EY|https://www.adzuna.com/land/ad/5722327132?se=aNEHFQVN8RGozIoQxZA_Pg&utm_medium=api&utm_source=b9c24709&v=D753A64924B3FD733618D967EDCB2C939BB2B170; Frontier Careers|https://www.adzuna.com/details/5722562045?utm_medium=api&utm_source=b9c24709; HAYS|https://www.adzuna.com/land/ad/5694596126?se=IENMEAVN8RGkoPnFMNsCvQ&utm_medium=api&utm_source=b9c24709&v=56AEB409B74C0187759AE5660DD2249D5013F642; Higgins Group, Inc.|https://www.adzuna.com/details/5718779586?utm_medium=api&utm_source=b9c24709; HireRight|https://www.adzuna.com/details/5722824713?utm_medium=api&utm_source=b9c24709; Infomedia|https://www.adzuna.com/details/5720114920?utm_medium=api&utm_source=b9c24709; Innovim Technology Solutions|https://www.adzuna.com/details/5724692742?utm_medium=api&utm_source=b9c24709; Jack Henry & Associates|https://www.adzuna.com/details/5712619716?utm_medium=api&utm_source=b9c24709; Leading Path Consulting|https://www.adzuna.com/details/5722182415?utm_medium=api&utm_source=b9c24709; LexisNexis|https://www.adzuna.com/details/5722617435?utm_medium=api&utm_source=b9c24709; Lockheed Martin|https://www.adzuna.com/details/5722279060?utm_medium=api&utm_source=b9c24709; Ministere Interieur|https://www.adzuna.com/details/5721574967?utm_medium=api&utm_source=b9c24709; Modern Agile Technologies, LLC|https://www.adzuna.com/land/ad/5719593946?se=kE6pDwVN8RGnMap5hKkm1g&utm_medium=api&utm_source=b9c24709&v=8067A5F9CC1CD7E87D6FCE2978AAB6F27775CD15; Navitas Business Consulting|https://www.adzuna.com/details/5718944666?utm_medium=api&utm_source=b9c24709; Noblesoft Technologies|https://www.adzuna.com/details/5718925216?utm_medium=api&utm_source=b9c24709; Northern Light|https://www.adzuna.com/details/5723963501?utm_medium=api&utm_source=b9c24709; Persistent Systems|https://www.adzuna.com/details/5721500619?utm_medium=api&utm_source=b9c24709; Randstad Digital|https://www.adzuna.com/land/ad/5723210382?se=IENMEAVN8RGkoPnFMNsCvQ&utm_medium=api&utm_source=b9c24709&v=5736C46FA85812392A865C28C0362A090DB19D73; Rivago infotech inc|https://www.adzuna.com/land/ad/5721841306?se=IENMEAVN8RGkoPnFMNsCvQ&utm_medium=api&utm_source=b9c24709&v=1293602E6E438EF8E7A625956B5A70847F51FAD0; Springs Fabrication Master|https://www.adzuna.com/details/5721192235?utm_medium=api&utm_source=b9c24709; Sunrun|https://www.adzuna.com/details/5718408434?utm_medium=api&utm_source=b9c24709; Symbii Home Health and Hospice South|https://www.adzuna.com/details/5723954625?utm_medium=api&utm_source=b9c24709; Take-Two Interactive Software|https://www.adzuna.com/details/5723905945?utm_medium=api&utm_source=b9c24709; The MITRE Corporation|https://www.adzuna.com/land/ad/5724651424?se=IiRNEwVN8RGHY9bA3YfIxQ&utm_medium=api&utm_source=b9c24709&v=5C298605B4B5DBF437FCC0D211B5D69008A106C6; Tror|https://www.adzuna.com/land/ad/5720936852?se=kE6pDwVN8RGnMap5hKkm1g&utm_medium=api&utm_source=b9c24709&v=2C29CCA38199BE6C15EDEC58ED68B6D21CAA3CB0; V-CENTRIX-US LLC|https://www.adzuna.com/land/ad/5722239369?se=kE6pDwVN8RGnMap5hKkm1g&utm_medium=api&utm_source=b9c24709&v=F999579AD0AB9B7FB7DB7248454EC0DD97D20749; Vailexa Technology|https://www.adzuna.com/details/5722267706?utm_medium=api&utm_source=b9c24709; Virtuoso, Ltd.|https://www.adzuna.com/details/5723863813?utm_medium=api&utm_source=b9c24709; Whopper Technologies|https://www.adzuna.com/details/5719893659?utm_medium=api&utm_source=b9c24709; Zapcom Group|https://www.adzuna.com/land/ad/5723208491?se=kE6pDwVN8RGnMap5hKkm1g&utm_medium=api&utm_source=b9c24709&v=C9E0B0BEE76EBF200F6E4CC95BE984ADB9CCE2A4","AAC; ABM; ADPMN INC; AECOM; ASM Research, An Accenture Federal Services Company; Abbott; Accenture; Acrisure; Advatix, Inc.; Ag Jobs; AgreeYa Solutions; Ahead; Air Apps; Aledade; Alkami; All County Home Health and Hospice; American Express; American Heart Association; Analog Devices; Apex Systems; Aptino; Aretec Open Opportunites; Armison Tech; Artera; Ascensus; Aspen Dental; Avint; Bank of America; Barclays; Batesville Tool & Die; Beyond SOF; Bismarck Public Schools; Blue Star Partners LLC; Booz Allen Hamilton; Brightli; Bristol Bay Native Corportation; Bristol Myers Squibb; CACI; CBTS; CIM Group; CRDF Global; Calance; Capital Consultants Management Corporation; Capital One; Carnival Corporation; Carnival Cruise Line; Carrier; Catawba Two Kings Casino; Cerity Partners; Cetera Financial Group; Champion Home Builders Inc.; Citizens; Cloud Destinations LLC; Club Car Llc; Coalfire Systems; Columbia, SC; CommonSpirit Health; Compass Group, North America; ComplyAuto; CompuCom; Compugra Systems; Conifer Health Solutions; Construction Resources; Core Specialty Insurance Services; CoreWeave; Corient; DTCC; Datasoft Technologies, Inc.; Deloitte; Deluxe; Dew Softech Inc; Dexperts Inc; Digital Technology Solutions; Drawbridge Partners; Dublin City Schools; ECG Management Consultants; ERG; EXOS; EY; Early Warning Services, LLC; Educational Service Center of Central Ohio; Elbit America; Electrosoft; Eliassen Group; Emanuel Medical Ctr; Empire State Realty Trust; Empower Professionals; Enterris Associates; Envelop Group; Evolver; Falmouth Public Schools; First American Payments Systems; Fortinet; Freedom Technology Solutions Group; Frontier Careers; Fujitsu; GBOE; GD Information Technology; GM Financial; Gainwell Technologies LLC; Generac; Genesis Capital; Genesis Global Recruiting Inc; Godwins Gatorland; GovCIO; Gowanda Electronics.; Grandview; Grant Thornton; Greenboard; Guggenheim Investments; Guidehouse; HAYS; HOAMCO; HP; Herron High School; Hexagon US Federal; Higgins Group, Inc.; HireRight; Holtec International; Honeywell; Hyperproof; INPO External; INTECH Process Automation; Infomedia; Innovim Technology Solutions; InquisIT; Insight Global; Integra LifeSciences; Ivalua; J5 Consulting; JPMorgan Chase; JPMorganChase; Jack Henry & Associates; Jbs Usa; Jean Martin, Inc; Judge Group, Inc.; KPMG; Katapult Group; Kelly Services; KeyBank; Kforce Technology Staffing; Koniag Government Services; Leading Path Consulting; Leidos; LexisNexis; Lightning AI; Little Rock School District; Lockheed Martin; Lumin Digital; M. C. Dean; MAG; MS INFO TECH LLC; Maze; Medtronic; Mercantile Bank; Metropolitan Transportation Authority; Miami, FL; Milbank LLP; Ministere Interieur; Mitsubishi UFJ Financial Group; Modern Agile Technologies, LLC; Motion Recruitment Partners, LLC; Mountain View Hospital; NTT America, Inc.; NTT Data Americas, Inc.; NV5; Navitas Business Consulting; Nenni and Associates; NeoSystems Careers; NetCentrics Corporation; Nidec; Noblesoft Technologies; Northern Light; Northrop Grumman; Office Depot; Ogden City Corporation; Okta; OneMain Financial; OpenFX; OpenRouter; Openkyber; Operation Breakthrough; Origin Bank; Ovation Healthcare; Partnership HealthPlan of California; Persistent Systems; Point72; PowerPlan, Inc; Prairie City Monroe Community School District; Princeton Independent School District; Prudential Financial; QGenda; QualiTech; Quest Diagnostics; RELX; Randstad Digital; Resolutions Hospice Austin; Restaurant Brands International; Reston, VA; Rhodian Group; Rishabh Software Pvt. Ltd; Rivago infotech inc; Roane County Schools; Robert Half; SUNSHINE ENTERPRISE USA LLC; SailPoint; Saul Ewing LLP; Sentara Hospitals; Sherpa 6; Siemens Healthineers; Signature Consultants; Solana Technology; Sony; Southwest Research Institute; Spring Grove Area School District; Springs Fabrication Master; Stanford University; Staples; Sunrun; Superior Support Resources; Symbii Home Health and Hospice South; SysLogic, Inc.; T. Rowe Price; TCC Toyota Motor Credit Corporation Company; TE Connectivity; TEKsystems c/o Allegis Group; TRC Talent Solutions; Take-Two Interactive Software; Tampa, FL; Technologent; Tenet North Cal; The Giant Bullseye; The Jeffcoat Firm Injury & Accident Lawyers PA; The MITRE Corporation; The ODP Corporation; The Search Solutions, LLC; The Timberline Group; The Weather Company; Thermo Fisher Scientific; ThermoFisher Scientific; Toyota Motor North America; Trailboss Enterprises; TransCore; Tror; True Anomaly; Truist; Two95 International Inc.; Tyler Technologies; UO HR Website; UltraViolet Cyber; University of California San Francisco; University of New Mexico; University of Rochester; Utilities Service, LLC; V-CENTRIX-US LLC; VDart Inc; VHC Health; Vailexa Technology; Verizon; Versa Networks; Versiti; Vertafore; Virtuoso, Ltd.; Visionsoft International; West Advanced Technologies, Inc.; Western Digital; Western Union; Whopper Technologies; Williams International; Zapcom Group; Zermount; cFocus Software Incorporated; cFocus Softwareorporated"
2026-05-18,Varonis,us,446,380,66,42,8,Axiom Path|https://www.adzuna.com/details/5726431962?utm_medium=api&utm_source=b9c24709; CC Pace Systems|https://www.adzuna.com/details/5732211921?utm_medium=api&utm_source=b9c24709; Department of Information Technology|https://www.adzuna.com/details/5731146257?utm_medium=api&utm_source=b9c24709; Dinsmore|https://www.adzuna.com/details/5727798450?utm_medium=api&utm_source=b9c24709; FAIRWINDS Credit Union|https://www.adzuna.com/details/5731014661?utm_medium=api&utm_source=b9c24709; PSFCU Careers|https://www.adzuna.com/details/5727924448?utm_medium=api&utm_source=b9c24709; SMK Soft Inc|https://www.adzuna.com/details/5730856864?utm_medium=api&utm_source=b9c24709; System One|https://www.adzuna.com/details/5730046671?utm_medium=api&utm_source=b9c24709,"American Institutes for Research; Amicis Global; Axiom Path; Booz Allen Hamilton; Brown Investment Advisory & Trust; CC Pace Systems; Cinch Careers Page- External; Con Edison; Deloitte; Department of Information Technology; Dinsmore; EXOS; East West Bank; FAIRWINDS Credit Union; Genesis10; Guild Mortgage; HD Supply; Huntington National Bank; Insight Global; Kentro; MSP Hire; Mohegan; Morgan Stanley; New York Life Insurance Co; Nth Generation; PSFCU Careers; RGA; Red River; Regent University; SAIC; SHI; SMBC; SMK Soft Inc; SPHERE Technology Solutions; SPS Consulting; SourcePro Search; System One; TE Connectivity; Teramind; The Vancouver Clinic P.S.; Veeam Software; Verathon, Inc."
2026-05-18,Dynatrace,us,1000,949,51,207,34,"ADPMN INC|https://www.adzuna.com/details/5727036322?utm_medium=api&utm_source=b9c24709; Advisor360°|https://www.adzuna.com/details/5710161286?utm_medium=api&utm_source=b9c24709; Appex Innovation|https://www.adzuna.com/details/5727604909?utm_medium=api&utm_source=b9c24709; Apple|https://www.adzuna.com/details/5727689888?utm_medium=api&utm_source=b9c24709; Avco consulting Inc|https://www.adzuna.com/details/5726292135?utm_medium=api&utm_source=b9c24709; Burlington|https://www.adzuna.com/land/ad/5546437567?se=UsxtYIdS8RGiJchPzKRtww&utm_medium=api&utm_source=b9c24709&v=A9A9B180EA943B0818A286386C5A2EBC7C8BB4B6; Callao, VA|https://www.adzuna.com/details/5727456267?utm_medium=api&utm_source=b9c24709; Cayuse Holdings|https://www.adzuna.com/land/ad/5728693388?se=jhpAXodS8RGaSMrHo-8O-Q&utm_medium=api&utm_source=b9c24709&v=B7F15DB88FAD93839AB5658A3589AFA2D9BA5E68; Cloudspace LLC|https://www.adzuna.com/details/5726296210?utm_medium=api&utm_source=b9c24709; DKMRBH Inc|https://www.adzuna.com/details/5728585845?utm_medium=api&utm_source=b9c24709; Dearborn, MI|https://www.adzuna.com/details/5728600641?utm_medium=api&utm_source=b9c24709; Edward Jones|https://www.adzuna.com/land/ad/5732015519?se=Hq-GXIdS8RGSd5NsRr6gkA&utm_medium=api&utm_source=b9c24709&v=66BB4AC9CE548502E7F255B676CA269C123A3AEF; Fast Switch|https://www.adzuna.com/details/5727705335?utm_medium=api&utm_source=b9c24709; Federal Reserve Bank of Philadelphia|https://www.adzuna.com/details/5724056765?utm_medium=api&utm_source=b9c24709; Gov Services Hub|https://www.adzuna.com/details/5727435856?utm_medium=api&utm_source=b9c24709; Intone Networks Inc|https://www.adzuna.com/details/5729849492?utm_medium=api&utm_source=b9c24709; Jersey City, NJ|https://www.adzuna.com/details/5706590976?utm_medium=api&utm_source=b9c24709; Kutir Technologies|https://www.adzuna.com/details/5729849576?utm_medium=api&utm_source=b9c24709; Medline Industries - Transportation & Operations|https://www.adzuna.com/land/ad/5731501114?se=Ur_wWIdS8RGiJchPzKRtww&utm_medium=api&utm_source=b9c24709&v=361738039F8D91706CE441D5161210267FCA12DE; Orchard|https://www.adzuna.com/land/ad/5730152696?se=QG5oXYdS8RGaSMrHo-8O-Q&utm_medium=api&utm_source=b9c24709&v=5D878FC3A55314D41AB2B725F536F55A9237A837; PSRTEK|https://www.adzuna.com/details/5729850063?utm_medium=api&utm_source=b9c24709; Payactiv|https://www.adzuna.com/details/5727851588?utm_medium=api&utm_source=b9c24709; Realtech Services|https://www.adzuna.com/details/5729853508?utm_medium=api&utm_source=b9c24709; Richfield, MN|https://www.adzuna.com/details/5731945470?utm_medium=api&utm_source=b9c24709; Shree Narayani Networking Solutions Pvt Ltd|https://www.adzuna.com/details/5727435890?utm_medium=api&utm_source=b9c24709; Soft source inc|https://www.adzuna.com/details/5727433625?utm_medium=api&utm_source=b9c24709; South Geeks|https://www.adzuna.com/details/5730017219?utm_medium=api&utm_source=b9c24709; Systems Engineering Solutions Corporation|https://www.adzuna.com/details/5727390323?utm_medium=api&utm_source=b9c24709; TTC Global|https://www.adzuna.com/details/5710150626?utm_medium=api&utm_source=b9c24709; Tekaccel Inc|https://www.adzuna.com/details/5728586195?utm_medium=api&utm_source=b9c24709; The AES Group|https://www.adzuna.com/details/5714302020?utm_medium=api&utm_source=b9c24709; Trinus|https://www.adzuna.com/details/5730855470?utm_medium=api&utm_source=b9c24709; WALGREENS|https://www.adzuna.com/details/5727437490?utm_medium=api&utm_source=b9c24709; shrikon|https://www.adzuna.com/details/5729167442?utm_medium=api&utm_source=b9c24709","2K; A-Line Staffing Solutions LLC; ADPMN INC; AP Recruiters; ASCENDING; AT&T; Accenture; Advisor360°; Ahead; Akaasa Technologies; Allen, TX; Allstate; Alpha Technologies Inc; Amatriot Group; America First Credit Union; American Express; American Technology Consulting; Appex Innovation; Apple; Apptad Inc; Atlanta, GA; AutoZone, Inc.; Avco consulting Inc; Baltimore, MD; Bank of America; Berkley; Blue Shield of California; Bolingbrook, IL; Brilliant Infotech Inc; Burlington; CGI; CVS Health; CYNET SYSTEMS; Callao, VA; Camping World; Canoo Technologies; Cardinal Health; Cayuse Holdings; Charlotte, NC; Chase; Chicago, IL; Cincinnati, OH; Citigroup; Cloudspace LLC; Cognizant; Columbia, MD; Converge; Corning Incorporated; Corpay; CrewBloom; DB Orlando- NJ; DKMRBH Inc; DTCC; DXC Technology; Dallas, TX; Dearborn, MI; Description AutoZone; Digital Technology Solutions; Dragonfli Group; ESRhealthcare and EXEC STAFF RECRUITERS; EchoStar; EdHike LLC; EdgeVerve Systems Limited; Edward Jones; Eliassen Group; Ensono; Essel; Eversource Energy; FIS Capital Markets; FM; Fast Switch; Federal Reserve Bank of Philadelphia; First Horizon; Fiserv; Ford Motor; Fort Worth, TX; FreedomPay; Fusion HCR; Genesis10; Genius Road; Genuine Parts Company; Gigamon; Glint Tech Solutions LLC; Globalchannelmanagement; Goldenpick Technologies; Goldstone Partners; Gov Services Hub; GovCIO; H R PUNDITS INC; HCSC; HERS Advisors; HealthFirst; Hexaware; Home Depot; Humana; Huntington National Bank; Insight Global; Intercontinental Exchange; Intone Networks Inc; JBA International; JC Corporations Inc; JPMorgan Chase; JPMorganChase; Jersey City, NJ; KAISER; Kutir Technologies; Las Vegas, NV; Levi, Ray & Shoup; Link Technologies; M&T Bank; Macpower Digital Assets Edge; ManpowerGroup; Marriott; MasterCard; Medline Industries - Transportation & Operations; Minneapolis, MN; Mitsubishi UFJ Financial Group; Modern Government Solutions; Nashville, TN; New Age Software Services Corporation; NextGen IT; Nike; Noblis; Obsidian Solutions Group; Omm IT Solutions; Ontada; Openkyber; Orchard; Otter Base; PNC; PSRTEK; Parts Town; Payactiv; Photon Group; Pittsburgh, PA; Plano, TX; Plexus Worldwide; Publix Super Markets; Quest Diagnostics; RaceTrac; Raymond James; Realtech Services; Redolent; Relig Staffing, Inc.; Richfield, MN; Riptide Technology; S3; SAP; SHI; SS&C; Sambasafety; San Leandro, CA; Saransh Inc; Scottsdale, AZ; Seattle, WA; Shree Narayani Networking Solutions Pvt Ltd; Soft source inc; Solugenix Corp; South Geeks; South Jordan, UT; Staffingagencyrecruitment; State Street; Stefanini Group; Stellent IT LLC; Systems Engineering Solutions Corporation; T. Rowe Price; TCC Toyota Motor Credit Corporation Company; TEKsystems; TTC Global; Talent Search PRO; Tech3pillars Technologies; Tekaccel Inc; The AES Group; The Cigna Group; The Davey Tree Expert Company; The Hartford; The Timberline Group; Thin Technologies; Trinite Consulting Group; Trinus; Truist; Two95 International Inc.; US Tech Solutions; Uline; Unissant; United Airlines; UnitedHealth Group; Uniti; Universal Music; Unknown, IL; VDart Inc; Verisk Analytics; Vertical Relevance; Vivint; WALGREENS; Walmart; Washington, DC; Wells Fargo; Western Alliance Bank; Widescope Consulting and Contracting Services; Windward Consulting; Worldwide Insurance Services; Zealogics.com; doTERRA; investor.accenture; shrikon; thehivecareers.co"
2026-05-18,LiveRamp,us,320,175,145,53,5,AEG Worldwide|https://www.adzuna.com/land/ad/5728796363?se=hLCxZYdS8RGHWdcNS6Fj3A&utm_medium=api&utm_source=b9c24709&v=BE6F1D168B33AFD6D3FC9D1776E697F7D0229C67; AMERICAN CANCER SOCIETY|https://www.adzuna.com/details/5729442792?utm_medium=api&utm_source=b9c24709; CVS Health|https://www.adzuna.com/land/ad/5728693596?se=ij2LYodS8RGH_dNRytL1PQ&utm_medium=api&utm_source=b9c24709&v=725DE2E21A538399F71885F39AEAA647C136CF2F; Cascadia Search|https://www.adzuna.com/land/ad/5726529158?se=hmUVZIdS8RGaSMrHo-8O-Q&utm_medium=api&utm_source=b9c24709&v=35FAC9AF5DA7DA6F2C11374D20382A7A1D11ED2B; Resonate|https://www.adzuna.com/details/5729104140?utm_medium=api&utm_source=b9c24709,"247Hire; AEG Presents; AEG Worldwide; AMERICAN CANCER SOCIETY; Accenture; Adstra; Affinity Solutions; Albertsons; Ankura; Arbital Health; Attain; Blend360; BranchLab; CVS Health; Capgemini; Cascadia Search; Cognitiv; Colgate-Palmolive; Comulate; Disney; Dollar General; EDO; EchoStar; Etsy; Gartner; Instacart; Lundbeck; Marriott; McAfee, Inc.; NBC Universal; Orangepeople; Proxima; Publicis Groupe Holdings B.V; Rational 360; Redi-Mail / RediData; Regeneron Pharmaceuticals; Resonate; Roku; Samba; Samsung; Sanofi; Shaper Capital; Snowflake; Spectrum Science; The New York Times; The Walt Disney Company; Tinuiti; Uber; Universal Orlando; Vibe; dentsu; eBay; iSpot"
2026-05-18,nCino,us,612,612,0,132,13,"C&F Bank|https://www.adzuna.com/details/5726638182?utm_medium=api&utm_source=b9c24709; FAIRWINDS Credit Union|https://www.adzuna.com/details/5728857185?utm_medium=api&utm_source=b9c24709; Farm Bureau Bank|https://www.adzuna.com/details/5728869561?utm_medium=api&utm_source=b9c24709; Lighthouse Technology Services|https://www.adzuna.com/details/5726397180?utm_medium=api&utm_source=b9c24709; Low Income Investment Fund|https://www.adzuna.com/details/5732086898?utm_medium=api&utm_source=b9c24709; Luxury Mortgage|https://www.adzuna.com/details/5728942020?utm_medium=api&utm_source=b9c24709; Management Recruiters of Spokane|https://www.adzuna.com/details/5726646673?utm_medium=api&utm_source=b9c24709; Rockland Trust|https://www.adzuna.com/details/5730571851?utm_medium=api&utm_source=b9c24709; Santander US|https://www.adzuna.com/details/5726300412?utm_medium=api&utm_source=b9c24709; Schaumburg, IL|https://www.adzuna.com/details/5722286927?utm_medium=api&utm_source=b9c24709; TEKsystems|https://www.adzuna.com/land/ad/5732028320?se=rABxb4dS8RGaSMrHo-8O-Q&utm_medium=api&utm_source=b9c24709&v=D85FD312B9755FA780064A043FE5E0E9F879FF79; United Community Bank|https://www.adzuna.com/details/5729050055?utm_medium=api&utm_source=b9c24709; WSFS Bank|https://www.adzuna.com/details/5732279311?utm_medium=api&utm_source=b9c24709","Accenture; Ag Jobs; Amerant Bank; Amerantbank; AmeriServ Financial Bank; American Pacific Mortgage; Atlantic Coast Mortgage; Atlantic Union Bank Careers; Axos Bank; Banc of California; Banco Santander; Banesco Usa; Bank of America; Bank of Clarke; BankPlus; Banner Bank; Bridgewater Bank; Buffalo, NY; Bundoran Group; Busey Bank; Byline Bank; C&F Bank; CBI Bank & Trust; CCU; CalPrivate Bank; Cathay Bank; Centennial Bank; City National Bank; Coastal States Bank; Cognizant; Columbia Bank; ConnectOne Bank; Connexus Credit Union; Coral Gables, FL; Cornerstone Capital Bank; Customers Bank; DX Foundation; Dickinson Financial Corporation; Dieterich Bank; Earthmover Credit Union; Eastern Bank; Elwood Staffing; Extractable; FAIRWINDS Credit Union; FNBO; Farm Bureau Bank; Farm Credit Mid-America; Fifth Third Bank; First Financial Bank; First Horizon; First Internet Bank; First National Bank Of Bastrop; First National Bank Of Pennsylvania; First National Bank of Omaha; Five Star Bank, Ca; Flagstar Bank; Fortis Bank; Fulton Bank; GalaxEsystems; Genesis Capital; Georgia's Own Credit Union; German American Bancorp; Greenfield Savings; Hancock Whitney Bank; Hills Bank; Insight Global; Investar Bank National As; JBA International; KeyBank; Lead; Leader Bank; Lighthouse Technology Services; LoanPro; Low Income Investment Fund; Lower; Luxury Mortgage; M&T Bank; MDMS Recruiting; MMC Group; Management Recruiters of Spokane; ManpowerGroup; Mission Bancorp; Mld Mortgage; Municipal Credit Union; NTT America, Inc.; Nashua, NH; National Cooperative Bank. N.A.; National Mortgage Staffing; New York, NY; Northern Bank; Origin Bank; Peoples Bank; Perseus Group; Photon Group; Platinum Bank; Rado Bank; Regions Bank; Rockland Trust; S&T Bank; S3; Santander US; Sauk Valley Bank; Sb Financial Group Inc.; Schaumburg, IL; Servisfirst Bank; Shore United Bank; Signal Financial Federal Credit Union; South Shore Bank Roles; Southern Trust Mortgage; Southstate Bank; Sunflower Bank, N.A.; TD Bank; TEKsystems; Tempe, AZ; Texas First Bank; The Paducah Bank And Trust Company; The Symicor Group; Tri Counties Bank; Truist; Trustmark National Bank; U.S. Bank; United Community Bank; Unknown, NC; VDart Inc; WSFS Bank; Wells Fargo; West Monroe; Wintrust; Woodforest National Bank; Zennify; Zing! Recruiting; Zions Bancorporation"
2026-05-18,JFrog,us,292,268,24,127,20,"Broadridge|https://www.adzuna.com/details/5731328525?utm_medium=api&utm_source=b9c24709; CGI|https://www.adzuna.com/land/ad/5732862857?se=BNNgc4dS8RGiJchPzKRtww&utm_medium=api&utm_source=b9c24709&v=17A2E3F12998FF1BB8B9DA7D42D4E49069E0AB20; CYNET SYSTEMS|https://www.adzuna.com/details/5730855877?utm_medium=api&utm_source=b9c24709; Charlotte, NC|https://www.adzuna.com/details/5731946290?utm_medium=api&utm_source=b9c24709; Collins Aerospace|https://www.adzuna.com/land/ad/5731577674?se=9LT0cYdS8RGSd5NsRr6gkA&utm_medium=api&utm_source=b9c24709&v=39EAF5507FCC832FC8C6D733A7067FCAF57048EF; Fast Switch|https://www.adzuna.com/details/5727613844?utm_medium=api&utm_source=b9c24709; Harvey Nash|https://www.adzuna.com/land/ad/5732882429?se=MjFKcYdS8RGJaKDLmFww9Q&utm_medium=api&utm_source=b9c24709&v=E522B0807FC4D8C983B4B32F051D2BBCDF15D72C; ITCE Services|https://www.adzuna.com/details/5726496300?utm_medium=api&utm_source=b9c24709; Innova software Services Inc|https://www.adzuna.com/details/5727434169?utm_medium=api&utm_source=b9c24709; Insight IT|https://www.adzuna.com/details/5730066277?utm_medium=api&utm_source=b9c24709; Invesco|https://www.adzuna.com/details/5728820906?utm_medium=api&utm_source=b9c24709; Medline Industries - Transportation & Operations|https://www.adzuna.com/land/ad/5731501114?se=9LT0cYdS8RGSd5NsRr6gkA&utm_medium=api&utm_source=b9c24709&v=361738039F8D91706CE441D5161210267FCA12DE; Pantheon Inc|https://www.adzuna.com/details/5728585528?utm_medium=api&utm_source=b9c24709; Recru|https://www.adzuna.com/details/5726562294?utm_medium=api&utm_source=b9c24709; Sailboat Talent Group|https://www.adzuna.com/details/5726561396?utm_medium=api&utm_source=b9c24709; Soft source inc|https://www.adzuna.com/details/5731918302?utm_medium=api&utm_source=b9c24709; TetraScience|https://www.adzuna.com/details/5727049960?utm_medium=api&utm_source=b9c24709; TrueHire|https://www.adzuna.com/details/5727435859?utm_medium=api&utm_source=b9c24709; Truveta|https://www.adzuna.com/details/5730155052?utm_medium=api&utm_source=b9c24709; Tyler Technologies|https://www.adzuna.com/details/5732274424?utm_medium=api&utm_source=b9c24709","ADP; ASRC Federal; AT&T; Akaasa Technologies; Alkami; Alkermes; Amatriot Group; Amentum; American Credit Acceptance; American Express; Anduril; Aquila Technology; Arch Capital Group; BAE Systems; Bank of America; Beyond SOF; Biamp; Broadridge; Butlr; By Light HQ; CACI; CGI; CNA; CVS Health; CYNET SYSTEMS; Cadence Systems; Canoo Technologies; Capstone; Charlotte, NC; Collins Aerospace; Comcast; CoreWeave; CrowdStrike; DFO Referrals; DORLECO; Dayforce; Dearborn, MI; DeepSight Technology; Detroit, MI; DevSelect; Diagrid; Digital Technology Solutions; Duetto Research; Engine; Entrust; Eversource Energy; Fast Switch; Ford Motor; Fresenius Kabi; Guild Talent; Harvey Nash; Heads Up Technologies; Highmark Health; HubSync; IPS Technology Services; ITCE Services; Impinj; Index Analytics; Infosys; Innova software Services Inc; Inrix; Insight Global; Insight IT; Intercontinental Exchange; Invesco; Iridium Satellite; Istari Digital; JLL; JPMorgan Chase; JPMorganChase; K2 Space; LCG; LVT; LexisNexis Risk Solutions; Lockheed Martin; M&T Bank; M. C. Dean; MAG; ManpowerGroup; Mastercard; McDonald's; Medline Industries - Transportation & Operations; Merlin Labs; Morgan Stanley; NTT America, Inc.; NTT Data Americas, Inc.; NVIDIA; National Life Insurance Company; New York Life Insurance Co; New York, NY; Northrop Grumman; Pantheon Inc; Paysafe Group; Peyton Resource Group; Quanta Search; Quantum Default Brand; RELX; REsurety, Inc.; RTX; Recru; Redolent; Relativity Space; Resmed; Rockwell Automation; S3; Sailboat Talent Group; SciTec; Skrill; Snap; Soft source inc; Sonatus; Sonatype; State Street; TEKsystems; TetraScience; ThinKom Solutions; True Anomaly; TrueHire; Truist; Truveta; Tyler Technologies; US Tech Solutions; UnitedHealth Group; V2Soft; Valinor Enterprises; Veeam Software; Voya Financial"
2026-05-18,Guidewire,us,1000,962,38,80,12,Ascension|https://www.adzuna.com/land/ad/5726313583?se=Lip0dYdS8RGaSMrHo-8O-Q&utm_medium=api&utm_source=b9c24709&v=66C5AB417F03EE6FBE55A305822D1B58EA032638; Blue Cross Blue Shield of Michigan|https://www.adzuna.com/details/5731315829?utm_medium=api&utm_source=b9c24709; Bright Vision Technologies|https://www.adzuna.com/details/5732824247?utm_medium=api&utm_source=b9c24709; Carman Solutions Group|https://www.adzuna.com/details/5729851206?utm_medium=api&utm_source=b9c24709; HDI Global Insurance Company|https://www.adzuna.com/details/5727785744?utm_medium=api&utm_source=b9c24709; Nexiva Inc|https://www.adzuna.com/details/5730857030?utm_medium=api&utm_source=b9c24709; Presbyterian Healthcare Services|https://www.adzuna.com/land/ad/5712065487?se=dsd2fodS8RGHWdcNS6Fj3A&utm_medium=api&utm_source=b9c24709&v=999EA5A28BC4AEA8152B1919EDDA7FC6F09B7701; Realtech Services|https://www.adzuna.com/details/5730856978?utm_medium=api&utm_source=b9c24709; Saransh Inc|https://www.adzuna.com/details/5731916499?utm_medium=api&utm_source=b9c24709; State Farm|https://www.adzuna.com/land/ad/5732340694?se=ZiwAfYdS8RGSd5NsRr6gkA&utm_medium=api&utm_source=b9c24709&v=96B02325BE28B5BDDFE3BC96C57955896EB92013; Tata Consultancy Services|https://www.adzuna.com/details/5726713911?utm_medium=api&utm_source=b9c24709; Wipfli|https://www.adzuna.com/details/5726630019?utm_medium=api&utm_source=b9c24709,"AAA; American Traveler; Ascension; Assurant; Atlanta, GA; Bamboo Insurance; Berkley; Beta-Search, Inc; Blue Cross Blue Shield of Michigan; Bright Vision Technologies; CCC Intelligent Solutions; CNA; CYNET SYSTEMS; Canal Insurance Company; Capgemini; Carle Health; Carman Solutions Group; Cloudious LLC; Cognizant; Columbus, OH; Conch Technologies Inc; Cordova; Cynet Health; Dallas, TX; Deloitte; Derex Technologies Inc; ECCLESIASTES INC; EY; Edison, NJ; Express Employment; FCCI; Frankenmuth Insurance; Fusion Medical Staffing; Greater New York Mutual Insurance Company; HDI Global Insurance Company; HTC Global Services Inc; Heraeus Incorporated; Heritage Mga Llc; Hermitage Infotech; Hirekeyz Inc; Insight Global; JBA International; Kemper; Levi, Ray & Shoup, Inc.; Levi, Ray, & Shoup, Inc.; Liberty Mutual; Los Angeles, CA; Lumiere Systems; ManpowerGroup; Mercury Insurance Services, LLC; Mercy; Merit Medical Systems; Nashville, TN; National Indemnity Company; New York, NY; Nexiva Inc; OhioHealth; Openkyber; Plano, TX; Presbyterian Healthcare Services; PricewaterhouseCoopers; Professional Search Group; PwC; Realtech Services; San Antonio, TX; Saransh Inc; Shelter Mutual Insurance Company; Sprocket Staffing Services; State Farm; TEKsystems; Tata Consultancy Services; Troy, MI; UFG Career; USAA; United Auto Insurance; ValueMomentum; Western Reserve Group; Wipfli; i3; nexus IT group"
2026-05-18,Agilysys,us,72,72,0,50,6,Agilysis|https://www.adzuna.com/land/ad/5728811987?se=QEXeg4dS8RGSd5NsRr6gkA&utm_medium=api&utm_source=b9c24709&v=589FF86E014C68ED8E64EECD458304FB25004F10; Fortune Bay Resort Casino|https://www.adzuna.com/details/5731259688?utm_medium=api&utm_source=b9c24709; Inn of the Mountain Gods|https://www.adzuna.com/details/5730081116?utm_medium=api&utm_source=b9c24709; Kaweah Delta Health Care District|https://www.adzuna.com/details/5730233362?utm_medium=api&utm_source=b9c24709; Smoky Mountain Resorts|https://www.adzuna.com/details/5727610524?utm_medium=api&utm_source=b9c24709; Spooky Nook Sports|https://www.adzuna.com/details/5731159649?utm_medium=api&utm_source=b9c24709,"7 Cedars Resort; Agilysis; Bluewater Casino & Resort; Boar's Head Resort; Casino and; Catawba Two Kings Casino; Coeur d'Alene Casino Resort Hotel; Compass Group, North America; Crescent Careers; Dream Golf; Firebrand; Fort Mcdowell Golf Club; Fortune Bay Resort Casino; Gaming Enterprise; Grand Lake Casino; Halekulani Hotel; Highgate Hotels; Hilton Grand Vacations; Houstonian; Inn of the Mountain Gods; Island Hospitality Management; Ithaka Hospitality Partners; Kaweah Delta Health Care District; Kiawah Resort; Kimpton Hotels & Restaurants; LV Search Partners; Lake Lawn Resort; Las Vegas, NV; Link Technologies; Lucky Eagle Casino; Maverick Colorado; Ocean Casino Resort; Ojo Caliente Holdings; Otesaga Hotel.; Photon Group; Pinehurst; Prairie Meadows; Property Management; Pure Events Lp; Pyramid AZB Management; Q Casino + Resort; Salamander Palm Beach Employer; Sand Valley; Shore Lodge Whitetail; Smoky Mountain Resorts; Spooky Nook Sports; Squaxin Island Gaming Enterprise; Table Mountain Casino Resort; The Boca Raton; ilani Casino Resort"
2026-05-18,Qualys,us,563,539,24,268,48,"ADP|https://www.adzuna.com/land/ad/5728707540?se=DEumhYdS8RGDG5vPCWh_KA&utm_medium=api&utm_source=b9c24709&v=E41D92C79CFEAD794BDBEAE4FBB51CF93510E61A; Advisors Asset Management|https://www.adzuna.com/details/5728981288?utm_medium=api&utm_source=b9c24709; American Red Cross|https://www.adzuna.com/details/5732200937?utm_medium=api&utm_source=b9c24709; Amgen|https://www.adzuna.com/land/ad/5726392531?se=zgkDhYdS8RGiJchPzKRtww&utm_medium=api&utm_source=b9c24709&v=84E0691A6F431A7771DBA9E6970A3CB85C48DAC2; Apache Behavioral Health Services|https://www.adzuna.com/details/5730061720?utm_medium=api&utm_source=b9c24709; AspenView Technology Partners|https://www.adzuna.com/details/5727953987?utm_medium=api&utm_source=b9c24709; Azuria Water Solutions|https://www.adzuna.com/details/5729088001?utm_medium=api&utm_source=b9c24709; Barnstable Public Schools|https://www.adzuna.com/details/5732259195?utm_medium=api&utm_source=b9c24709; City of Atlanta|https://www.adzuna.com/land/ad/5730144621?se=lgzFiYdS8RGHWdcNS6Fj3A&utm_medium=api&utm_source=b9c24709&v=8D63FEE62F0EC95C0791CFD90E7CA28424B2E5DC; City of Cathedral City|https://www.adzuna.com/details/5726567243?utm_medium=api&utm_source=b9c24709; City of Sunnyvale|https://www.adzuna.com/details/5726733317?utm_medium=api&utm_source=b9c24709; Cloudspace LLC|https://www.adzuna.com/details/5726296193?utm_medium=api&utm_source=b9c24709; Dyopath|https://www.adzuna.com/details/5729991621?utm_medium=api&utm_source=b9c24709; Evolver Federal|https://www.adzuna.com/details/5718780892?utm_medium=api&utm_source=b9c24709; Federal Reserve Board|https://www.adzuna.com/details/5731315356?utm_medium=api&utm_source=b9c24709; Fixity Technologies LLC|https://www.adzuna.com/details/5731920539?utm_medium=api&utm_source=b9c24709; Google|https://www.adzuna.com/land/ad/5729951596?se=kBeFiIdS8RGiJchPzKRtww&utm_medium=api&utm_source=b9c24709&v=4864BBDE6B593A888A77611D0FD6A59CDE175758; Hazelwood School District|https://www.adzuna.com/details/5727811138?utm_medium=api&utm_source=b9c24709; Holland & Knight|https://www.adzuna.com/details/5729087448?utm_medium=api&utm_source=b9c24709; Hospice Of The South Plains|https://www.adzuna.com/details/5730122711?utm_medium=api&utm_source=b9c24709; Jose Merciline|https://www.adzuna.com/details/5726544832?utm_medium=api&utm_source=b9c24709; Jostens|https://www.adzuna.com/details/5727679016?utm_medium=api&utm_source=b9c24709; Lambdanets Services LLC|https://www.adzuna.com/details/5726298274?utm_medium=api&utm_source=b9c24709; Lenz Therapeutics|https://www.adzuna.com/details/5730261305?utm_medium=api&utm_source=b9c24709; Muleshoe ISD|https://www.adzuna.com/details/5730214124?utm_medium=api&utm_source=b9c24709; NEW TREW Site|https://www.adzuna.com/details/5727806759?utm_medium=api&utm_source=b9c24709; Nanite|https://www.adzuna.com/details/5731042844?utm_medium=api&utm_source=b9c24709; New York, NY|https://www.adzuna.com/details/5728603397?utm_medium=api&utm_source=b9c24709; NewVison|https://www.adzuna.com/details/5732285835?utm_medium=api&utm_source=b9c24709; Pitney Bowes|https://www.adzuna.com/land/ad/5727540379?se=1nwch4dS8RGDG5vPCWh_KA&utm_medium=api&utm_source=b9c24709&v=CC39D9E75EA38AC3A811E15882A442B8C0991157; Qualis Flow Limited|https://www.adzuna.com/land/ad/5729981688?se=PkLVjIdS8RGDG5vPCWh_KA&utm_medium=api&utm_source=b9c24709&v=DF486733D63178E36ED1563D3A01A76F0F0978F3; Redesign|https://www.adzuna.com/details/5730077926?utm_medium=api&utm_source=b9c24709; Saint Xavier University|https://www.adzuna.com/details/5726760258?utm_medium=api&utm_source=b9c24709; Salt Lake Community College|https://www.adzuna.com/details/5726403059?utm_medium=api&utm_source=b9c24709; Samsung SDS America|https://www.adzuna.com/details/5672113468?utm_medium=api&utm_source=b9c24709; San Francisco, CA|https://www.adzuna.com/details/5729874080?utm_medium=api&utm_source=b9c24709; Sandhills Community College|https://www.adzuna.com/details/5726396063?utm_medium=api&utm_source=b9c24709; Sequoia Connect|https://www.adzuna.com/land/ad/5731318480?se=kBeFiIdS8RGiJchPzKRtww&utm_medium=api&utm_source=b9c24709&v=16DF18C9346B922B9763C35B25101C8D88036E67; Southern Utah University|https://www.adzuna.com/details/5726530201?utm_medium=api&utm_source=b9c24709; Telnet Inc|https://www.adzuna.com/details/5727433411?utm_medium=api&utm_source=b9c24709; The OCC|https://www.adzuna.com/details/5732199942?utm_medium=api&utm_source=b9c24709; Three Saints Bay|https://www.adzuna.com/details/5731925688?utm_medium=api&utm_source=b9c24709; Vultr|https://www.adzuna.com/details/5732171738?utm_medium=api&utm_source=b9c24709; Wakefield Public Schools|https://www.adzuna.com/details/5731177785?utm_medium=api&utm_source=b9c24709; i360technologies|https://www.adzuna.com/details/5727674065?utm_medium=api&utm_source=b9c24709; mSupply|https://www.adzuna.com/details/5727691490?utm_medium=api&utm_source=b9c24709; nLeague|https://www.adzuna.com/land/ad/5727970576?se=zgkDhYdS8RGiJchPzKRtww&utm_medium=api&utm_source=b9c24709&v=1D9685EB342B82B3020803CC5F6A1AC3862916A0; restor3d|https://www.adzuna.com/details/5732263890?utm_medium=api&utm_source=b9c24709","ADP; ADPMN INC; AECOM; AHEAD; ASM Research, An Accenture Federal Services Company; Abbott; Acrisure; Advatix, Inc.; Advisors Asset Management; Ag Jobs; Air Apps; Aledade; Alkami; All County Home Health and Hospice; American Heart Association; American Red Cross; Amgen; Analog Devices; Apache Behavioral Health Services; Aretec Open Opportunites; Armison Tech; Artera; Ascensus; Aspen Dental; AspenView Technology Partners; Avint; Azuria Water Solutions; BNY Mellon; Bank of America; Barclays; Barnstable Public Schools; Batesville Tool & Die; Beyond SOF; Bismarck Public Schools; Booz Allen Hamilton; Boston Public Schools; Brightli; Bristol Bay Native Corportation; Bristol Myers Squibb; CACI; CIM Group; Capital One; Carnival Corporation; Carnival Cruise Line; Carrier; Catawba Two Kings Casino; Cerity Partners; Cetera Financial Group; Charles Schwab; Citizens; City of Atlanta; City of Cathedral City; City of Sunnyvale; Cloudspace LLC; Club Car Llc; Columbia, SC; CommonSpirit Health; Compass Group, North America; ComplyAuto; CompuCom; Conifer Health Solutions; Construction Resources; Core Specialty Insurance Services; Corient; DTCC; Deloitte; Deluxe; Digital Technology Solutions; Drawbridge Partners; Dublin City Schools; Dyopath; ECG Management Consultants; ERG; EXOS; EY; Early Warning Services; Educational Service Center of Central Ohio; Elbit America; Electrosoft; Emanuel Medical Ctr; Empire State Realty Trust; Enterris Associates; Envelop Group; Evolver Federal; Falmouth Public Schools; Federal Reserve Board; First American Payments Systems; Fixity Technologies LLC; Forescout Technologies; Fortinet; Freedom Technology Solutions Group; Fujitsu; GBOE; GM Financial; Gainwell Technologies LLC; Generac; Genesis Capital; Global Iid Parent Llc; Google; GovCIO; Gowanda Electronics.; Grandview; Greenboard; Guidehouse; HP; Hazelwood School District; Herron High School; Hexagon US Federal; Higgins Group, Inc.; HireRight; Holland & Knight; Holtec International; Honeywell; Hospice Of The South Plains; Hyperproof; INPO External; INTECH Process Automation; InquisIT; Insight Global; Integra LifeSciences; Island Finance; Ivalua; J5 Consulting; JPMorgan Chase; JPMorganChase; Jbs Usa; Jose Merciline; Jostens; KPMG; Katapult Group; Kelly Services; Koniag Government Services; Lambdanets Services LLC; Leading Path Consulting; Leidos; Lenz Therapeutics; LexisNexis; Lightning AI; Little Rock School District; Lockheed Martin; Lumin Digital; M. C. Dean; Maze; Medtronic; Mercantile Bank; Miami, FL; Milbank LLP; Ministere Interieur; Mitsubishi UFJ Financial Group; Mount Vernon School District 320; Mountain View Hospital; Muleshoe ISD; NEW TREW Site; NTT America, Inc.; NTT Data Americas, Inc.; NV5; Nanite; Navitas Business Consulting; Nenni and Associates; NeoSystems Careers; New York Life Insurance Co; New York, NY; NewVison; Nidec; Noblesoft Technologies; Northern Light; Northrop Grumman; Office Depot; Ogden City Corporation; Okta; OneMain Financial; OpenFX; OpenRouter; Operation Breakthrough; Origin Bank; Ovation Healthcare; Partnership HealthPlan of California; PepsiCo; Persistent Systems; Pitney Bowes; Point72; PowerPlan, Inc; Prairie City Monroe Community School District; Princeton Independent School District; Prudential Financial; QGenda; QualiTech; Qualis Flow Limited; Quest Diagnostics; RELX INC; RSM; Redesign; Resolutions Hospice Austin; Restaurant Brands International; Reston, VA; Rhodian Group; Roane County Schools; Robert Half; SUNSHINE ENTERPRISE USA LLC; SailPoint; Saint Xavier University; Salt Lake Community College; Samsung SDS America; San Francisco, CA; Sandhills Community College; Sentara Hospitals; Sequoia Connect; Sherpa 6; Siemens Healthineers; Signature Consultants; Solana Technology; Sony; Southern Utah University; Southwest Research Institute; Spring Grove Area School District; Springs Fabrication Master; Stanford University; Staples; Sunrun; Superior Support Resources; Symbii Home Health and Hospice South; SysLogic, Inc.; T. Rowe Price; TCC Toyota Motor Credit Corporation Company; TE Connectivity; TRC Talent Solutions; Take-Two Interactive Software; Tampa, FL; Technologent; Telnet Inc; Tenet North Cal; The Giant Bullseye; The Jeffcoat Firm Injury & Accident Lawyers PA; The MITRE Corporation; The OCC; The ODP Corporation; The Timberline Group; The Vanguard Group; The Weather Company; Three Saints Bay; Trailboss Enterprises; TransCore; True Anomaly; Truist; Two95 International Inc.; Tyler Technologies; UO HR Website; UltraViolet Cyber; University of California San Francisco; University of New Mexico; University of Rochester; Utilities Service, LLC; VDart Inc; VHC Health; Verizon; Versa Networks; Versiti; Virtuoso, Ltd.; Vultr; Wakefield Public Schools; Williams International; Zermount; cFocus Software Incorporated; cFocus Softwareorporated; i360technologies; mSupply; nLeague; restor3d"
2026-05-25,Varonis,us,461,408,53,56,12,"Apex Systems|https://www.adzuna.com/land/ad/5735315255?se=CJeWBgpY8RGTDdJK-7cL6w&utm_medium=api&utm_source=b9c24709&v=D77D2B622D420257AF8C91DD7D8934A1C48D269A; Be The Match|https://www.adzuna.com/details/5736718669?utm_medium=api&utm_source=b9c24709; CAQH|https://www.adzuna.com/details/5734651481?utm_medium=api&utm_source=b9c24709; HAYS|https://www.adzuna.com/land/ad/5730844233?se=CJeWBgpY8RGTDdJK-7cL6w&utm_medium=api&utm_source=b9c24709&v=F3492AF9F36796787E1C4E8564FF75C92AF31334; INSPYR Solutions|https://www.adzuna.com/land/ad/5730842727?se=CJeWBgpY8RGTDdJK-7cL6w&utm_medium=api&utm_source=b9c24709&v=01AD7F70FDF97C25EDDD2D671D53C86295194B70; NMDP|https://www.adzuna.com/details/5736334040?utm_medium=api&utm_source=b9c24709; NTT America, Inc.|https://www.adzuna.com/land/ad/5737115505?se=RCOyCQpY8RGNLcf39U_NzQ&utm_medium=api&utm_source=b9c24709&v=0114A255D619DA8FD50CD1270BAF82131A8E3E3F; Regeneron Pharmaceuticals|https://www.adzuna.com/land/ad/5734676248?se=CJeWBgpY8RGTDdJK-7cL6w&utm_medium=api&utm_source=b9c24709&v=191C03D5DAEA7EA6ECC9AB579DF69719E5A392E3; Robert Half|https://www.adzuna.com/land/ad/5736192382?se=CJeWBgpY8RGTDdJK-7cL6w&utm_medium=api&utm_source=b9c24709&v=12F4543353888B5210C9A40963F9BA27A236F5D8; Upstart|https://www.adzuna.com/land/ad/5735319704?se=RCOyCQpY8RGNLcf39U_NzQ&utm_medium=api&utm_source=b9c24709&v=FC3794112855DECCECE0D8A1FC8CB2AC891387B2; VDart Inc|https://www.adzuna.com/details/5735672859?utm_medium=api&utm_source=b9c24709; Zillion Technologies|https://www.adzuna.com/land/ad/5730843863?se=CJeWBgpY8RGTDdJK-7cL6w&utm_medium=api&utm_source=b9c24709&v=425FA029AA3C32E73B7BB0148258688921D94E43","AE Business Solutions; American Institutes for Research; Apex Systems; Axiom Path; Be The Match; Bloomberg; Booz Allen Hamilton; Brandon Consulting Associates, Inc.; Brown Investment Advisory & Trust; CAQH; CC Pace Systems; Cinch Careers Page- External; Con Edison; Deloitte; Dinsmore; EXOS; East West Bank; FAIRWINDS Credit Union; Genesis10; GuidePoint Security; Guild Mortgage; HAYS; HD Supply; Huntington National Bank; INSPYR Solutions; Insight Global; Kentro; MSP Hire; Mohegan; Morgan Stanley; NMDP; NTT America, Inc.; Nth Generation; Openkyber; PSFCU Careers; RGA; Red River; Regeneron Pharmaceuticals; Regent University; Robert Half; SAIC; SHI; SMBC; SPHERE Technology Solutions; SPS Consulting; SourcePro Search; Stellent IT LLC; System One; TE Connectivity; Teramind; Upstart; VDart Inc; Velocity Search Group Inc.; Verathon, Inc.; VeridianTech; Zillion Technologies"
2026-05-25,Dynatrace,us,1000,944,56,347,81,"Aditi Consulting|https://www.adzuna.com/land/ad/5738183563?se=vCl2DQpY8RGTDdJK-7cL6w&utm_medium=api&utm_source=b9c24709&v=BC455E404A465B6A58C378325590BAC680D51A60; Alchemy Software Solutions LLC|https://www.adzuna.com/land/ad/5730841434?se=HLDfDQpY8RGvjPD20Sc1wQ&utm_medium=api&utm_source=b9c24709&v=4E320C597F0CD57E7240D07B0CF4CD3ADBBF6909; American Builders and Contractors Supply Co|https://www.adzuna.com/details/5737282838?utm_medium=api&utm_source=b9c24709; Amtex System Inc.|https://www.adzuna.com/land/ad/5736686424?se=FiZlDgpY8RGWQvEe2bTbLw&utm_medium=api&utm_source=b9c24709&v=41DD357134053AFC619EEE67EFE95DC0545E7D3C; Apidel Technologies|https://www.adzuna.com/details/5737806054?utm_medium=api&utm_source=b9c24709; Arohak Inc|https://www.adzuna.com/land/ad/5736198591?se=vCl2DQpY8RGTDdJK-7cL6w&utm_medium=api&utm_source=b9c24709&v=5EF14C02AE3436B2FFB3AD515B1BC9493C6726CC; Astreya|https://www.adzuna.com/details/5739624642?utm_medium=api&utm_source=b9c24709; Atika Tech|https://www.adzuna.com/land/ad/5736557747?se=LC1WDwpY8RGWQvEe2bTbLw&utm_medium=api&utm_source=b9c24709&v=D726E11CC5821A1E5C823C529248909CC1AA446F; Atinfo Technology Inc|https://www.adzuna.com/land/ad/5736193848?se=FiZlDgpY8RGWQvEe2bTbLw&utm_medium=api&utm_source=b9c24709&v=C8AD36CA4803278FB553A31D3EE8A8A0DD128E9F; Avenue Code, LLC|https://www.adzuna.com/land/ad/5737806484?se=DPE7EgpY8RGvjPD20Sc1wQ&utm_medium=api&utm_source=b9c24709&v=4FAD3B552B0020E28217D43BF475DE0E75886246; BC Forward|https://www.adzuna.com/land/ad/5737508279?se=vCl2DQpY8RGTDdJK-7cL6w&utm_medium=api&utm_source=b9c24709&v=45BC7C307E53CB794D3AFD8F93FAA3A14E258C9D; Be The Match|https://www.adzuna.com/details/5735384989?utm_medium=api&utm_source=b9c24709; Bitsoft International, Inc.|https://www.adzuna.com/land/ad/5737728844?se=LC1WDwpY8RGWQvEe2bTbLw&utm_medium=api&utm_source=b9c24709&v=C08092CB80A7097EB7D1C3C21DE3CC59C9E121D5; CME Group|https://www.adzuna.com/land/ad/5726315744?se=ttC6EwpY8RGWQvEe2bTbLw&utm_medium=api&utm_source=b9c24709&v=D821C05696BAB4AE8FE3563216ECA970B4F8C54F; Cardinal Integrated Technologies Inc|https://www.adzuna.com/land/ad/5735318640?se=vCl2DQpY8RGTDdJK-7cL6w&utm_medium=api&utm_source=b9c24709&v=3D8F74B51B57E7A11C80FA62BDDEC0239724593B; Carlin Shayn Inc|https://www.adzuna.com/land/ad/5737728448?se=FiZlDgpY8RGWQvEe2bTbLw&utm_medium=api&utm_source=b9c24709&v=396495166C2EB574A832E86E070CC118B7A14D3A; Connexions Data Inc|https://www.adzuna.com/land/ad/5730843358?se=esYXDApY8RGvjPD20Sc1wQ&utm_medium=api&utm_source=b9c24709&v=A1D301DBBD90891E6FA57734F048A51E321D1A0D; DCode Talent|https://www.adzuna.com/land/ad/5736195199?se=esYXDApY8RGvjPD20Sc1wQ&utm_medium=api&utm_source=b9c24709&v=7E8013E0E31ECAF5B38A1F9CD16B38D13F40F6C9; Dew Softech Inc|https://www.adzuna.com/land/ad/5735314103?se=LC1WDwpY8RGWQvEe2bTbLw&utm_medium=api&utm_source=b9c24709&v=42E31661833F92406814A1D38107DDAC98B139B8; Elista Global LLC|https://www.adzuna.com/land/ad/5735314988?se=XkzTDgpY8RGvjPD20Sc1wQ&utm_medium=api&utm_source=b9c24709&v=A6350D504E522057BB71AA29A45F22AF341ACC3B; Endava|https://www.adzuna.com/details/5733801012?utm_medium=api&utm_source=b9c24709; FEDRUS GLOBAL LLC|https://www.adzuna.com/land/ad/5740196026?se=esYXDApY8RGvjPD20Sc1wQ&utm_medium=api&utm_source=b9c24709&v=842FCF0907963970F9209D405CFF19177E71D07C; Fervorly|https://www.adzuna.com/land/ad/5735318890?se=XkzTDgpY8RGvjPD20Sc1wQ&utm_medium=api&utm_source=b9c24709&v=89BBAA16765A1F605501481AF6385B811EFEAE66; Fixity Technologies|https://www.adzuna.com/land/ad/5736199675?se=XkzTDgpY8RGvjPD20Sc1wQ&utm_medium=api&utm_source=b9c24709&v=3855F92C4C2FC6A8598636C4EED4F26F795647EE; FreshDirect|https://www.adzuna.com/land/ad/5726977376?se=vCl2DQpY8RGTDdJK-7cL6w&utm_medium=api&utm_source=b9c24709&v=71CF052F4CEA5B0BB9AF81A9D6F37465D13EFBFA; General Motors|https://www.adzuna.com/land/ad/5730840880?se=BtA4FApY8RGWQvEe2bTbLw&utm_medium=api&utm_source=b9c24709&v=C103373837F794C20D2F25382039DBC67E8EBD19; Georgia IT|https://www.adzuna.com/land/ad/5736557551?se=esYXDApY8RGvjPD20Sc1wQ&utm_medium=api&utm_source=b9c24709&v=9C2A35B10A1849A88DFE927AC109694E3D7D6450; HCLTech|https://www.adzuna.com/land/ad/5735314994?se=DPE7EgpY8RGvjPD20Sc1wQ&utm_medium=api&utm_source=b9c24709&v=5B1FA08EDCDF95681253EA18CBCB2DF90B188931; Hermitage Info Tech, LLC.|https://www.adzuna.com/land/ad/5727405770?se=LC1WDwpY8RGWQvEe2bTbLw&utm_medium=api&utm_source=b9c24709&v=88CFB8BAEF06595D0A1C58775988065AB70D0F2B; HigherEchelon|https://www.adzuna.com/land/ad/5728869763?se=esYXDApY8RGvjPD20Sc1wQ&utm_medium=api&utm_source=b9c24709&v=9D29025EA75698FE23610C34B76A62A7FF3D90AD; Hyundai Capital|https://www.adzuna.com/details/5737184272?utm_medium=api&utm_source=b9c24709; IBM|https://www.adzuna.com/land/ad/5737109203?se=aPX6FQpY8RGTDdJK-7cL6w&utm_medium=api&utm_source=b9c24709&v=AA532CD920457EF79EC261695330B00DCD79F8F5; IT Associates, Inc.|https://www.adzuna.com/land/ad/5735315183?se=vCl2DQpY8RGTDdJK-7cL6w&utm_medium=api&utm_source=b9c24709&v=EF680323F295D263588CD34653734C5F494C0849; IT EBusiness Consulting Services, Inc|https://www.adzuna.com/details/5737041439?utm_medium=api&utm_source=b9c24709; ITECS|https://www.adzuna.com/land/ad/5736557276?se=esYXDApY8RGvjPD20Sc1wQ&utm_medium=api&utm_source=b9c24709&v=14AA0D7606F5B646694E6CCAEAA2C484FF3F828C; Infomerica, Inc|https://www.adzuna.com/land/ad/5730842623?se=2MOdDApY8RGNLcf39U_NzQ&utm_medium=api&utm_source=b9c24709&v=DD9E1D33BB01E6D1B8F2FE2E4035A9E199607345; Jobot|https://www.adzuna.com/details/5721705444?utm_medium=api&utm_source=b9c24709; KSN Technologies, Inc.|https://www.adzuna.com/land/ad/5737727786?se=3O-LFgpY8RGvjPD20Sc1wQ&utm_medium=api&utm_source=b9c24709&v=31212411500E0230804B7E92803A35E448611F69; Kaizen Technologies|https://www.adzuna.com/land/ad/5735316450?se=LC1WDwpY8RGWQvEe2bTbLw&utm_medium=api&utm_source=b9c24709&v=AC162DADBC6DDBD7820936246C889D595D78FBBA; Keylent|https://www.adzuna.com/land/ad/5735314501?se=FiZlDgpY8RGWQvEe2bTbLw&utm_medium=api&utm_source=b9c24709&v=D75EA46ABC4D47432C3ECC4DD3CE4457047F4194; Kutir Inc|https://www.adzuna.com/land/ad/5730845125?se=HLDfDQpY8RGvjPD20Sc1wQ&utm_medium=api&utm_source=b9c24709&v=CBB8D14D358833D885D6C81BA3884D522486A20F; LPL Financial|https://www.adzuna.com/details/5739609037?utm_medium=api&utm_source=b9c24709; LTS|https://www.adzuna.com/land/ad/5730841107?se=XkzTDgpY8RGvjPD20Sc1wQ&utm_medium=api&utm_source=b9c24709&v=48BD015BC6B70B30149E9098D2B7B6FBA816E7E4; Marvel Infotech|https://www.adzuna.com/details/5734569823?utm_medium=api&utm_source=b9c24709; Menzo|https://www.adzuna.com/land/ad/5730843334?se=HLDfDQpY8RGvjPD20Sc1wQ&utm_medium=api&utm_source=b9c24709&v=4B86A12246910936A8CDE2A6C275FE1C27FC7285; Mindlance|https://www.adzuna.com/land/ad/5736683444?se=vCl2DQpY8RGTDdJK-7cL6w&utm_medium=api&utm_source=b9c24709&v=4F7D73241091F5841B7E08DEA743025D9F42F552; NTT America, Inc.|https://www.adzuna.com/land/ad/5734661672?se=aPX6FQpY8RGTDdJK-7cL6w&utm_medium=api&utm_source=b9c24709&v=664571FC009C6B55D8583EA2F441BF3B6AEAB09B; NTT DATA Americas, Inc|https://www.adzuna.com/land/ad/5735318758?se=DPE7EgpY8RGvjPD20Sc1wQ&utm_medium=api&utm_source=b9c24709&v=998757F2F882865FB31A25BE052AE436A324E261; New York, NY|https://www.adzuna.com/details/5738205127?utm_medium=api&utm_source=b9c24709; Optimal Inc.|https://www.adzuna.com/details/5739107384?utm_medium=api&utm_source=b9c24709; PRIMUS Global Services Inc.|https://www.adzuna.com/land/ad/5736985379?se=vCl2DQpY8RGTDdJK-7cL6w&utm_medium=api&utm_source=b9c24709&v=7B9488629982B4A14ACA3C446AB77D60C4310EAF; PY DATA, INC.|https://www.adzuna.com/land/ad/5735317996?se=vCl2DQpY8RGTDdJK-7cL6w&utm_medium=api&utm_source=b9c24709&v=265535D79E19B0C4A7152B555D124108070A77B4; Performix Business Services, LLC|https://www.adzuna.com/land/ad/5737849190?se=FiZlDgpY8RGWQvEe2bTbLw&utm_medium=api&utm_source=b9c24709&v=5A19E3B9012BBA0A868D5F1E655D22A58C998266; Primary Talent Partners|https://www.adzuna.com/land/ad/5736661068?se=LC1WDwpY8RGWQvEe2bTbLw&utm_medium=api&utm_source=b9c24709&v=1CC2D2786C919B499E57FF05622B2A468B120A58; Prutech Solutions|https://www.adzuna.com/land/ad/5735316861?se=2MOdDApY8RGNLcf39U_NzQ&utm_medium=api&utm_source=b9c24709&v=D01721AE85A5949DCD936729DD6D3FDF24D426BC; Purple Hires|https://www.adzuna.com/land/ad/5735320640?se=XkzTDgpY8RGvjPD20Sc1wQ&utm_medium=api&utm_source=b9c24709&v=3774A67C391C9AE3F62E1A39C82800FFDFD4A9EC; QTech|https://www.adzuna.com/details/5733556670?utm_medium=api&utm_source=b9c24709; Radiant System, Inc|https://www.adzuna.com/land/ad/5737850454?se=FiZlDgpY8RGWQvEe2bTbLw&utm_medium=api&utm_source=b9c24709&v=1064BAC5861310254427F81AF30CDBD0CC0525A6; Richmond, VA|https://www.adzuna.com/details/5734589401?utm_medium=api&utm_source=b9c24709; SSV Technologies Inc|https://www.adzuna.com/land/ad/5730841346?se=HLDfDQpY8RGvjPD20Sc1wQ&utm_medium=api&utm_source=b9c24709&v=46D08EF5804677002B4273E1D6F90398483F7D91; Select Source International|https://www.adzuna.com/details/5738191175?utm_medium=api&utm_source=b9c24709; Staffingine LLC|https://www.adzuna.com/details/5737043410?utm_medium=api&utm_source=b9c24709; Stanley David and Associates|https://www.adzuna.com/land/ad/5738184046?se=XkzTDgpY8RGvjPD20Sc1wQ&utm_medium=api&utm_source=b9c24709&v=B9C93F02015A26DD228610C8E74F58C11E855781; StoneGate-Technologies LLC|https://www.adzuna.com/land/ad/5736199106?se=2MOdDApY8RGNLcf39U_NzQ&utm_medium=api&utm_source=b9c24709&v=A2E4D409BCFB85BEFA6B7287BA4F0146E72A2872; Strongsville, OH|https://www.adzuna.com/details/5734588126?utm_medium=api&utm_source=b9c24709; SysTech International|https://www.adzuna.com/land/ad/5735318529?se=LC1WDwpY8RGWQvEe2bTbLw&utm_medium=api&utm_source=b9c24709&v=595410F5245DB131D9F85996A3811B7CF07336CB; Sysazzle|https://www.adzuna.com/land/ad/5735318877?se=LC1WDwpY8RGWQvEe2bTbLw&utm_medium=api&utm_source=b9c24709&v=DC851DDCF83A612654EF40CEFBDA98E173D22FA0; TSQ Systems Inc|https://www.adzuna.com/land/ad/5735317661?se=HLDfDQpY8RGvjPD20Sc1wQ&utm_medium=api&utm_source=b9c24709&v=357399DB4CD25D66A9C5D437BFBD6593FD61DE05; Talent Software Services|https://www.adzuna.com/land/ad/5728876432?se=HLDfDQpY8RGvjPD20Sc1wQ&utm_medium=api&utm_source=b9c24709&v=4B5D49D450DF8F6078C67BB07454D27F40110CF9; Techwizens LLC|https://www.adzuna.com/land/ad/5735322126?se=FiZlDgpY8RGWQvEe2bTbLw&utm_medium=api&utm_source=b9c24709&v=5F358F5AEDDA017730D9F964BD9790939B692441; TriCom Technical Services|https://www.adzuna.com/land/ad/5736660871?se=HLDfDQpY8RGvjPD20Sc1wQ&utm_medium=api&utm_source=b9c24709&v=F4A4EBDCB80283FB11979485846225131C7F1AD9; Turing IT Labs|https://www.adzuna.com/land/ad/5726975489?se=vCl2DQpY8RGTDdJK-7cL6w&utm_medium=api&utm_source=b9c24709&v=8035E03366C72CF9155F9DF4A0F1112620233372; Tymon Global|https://www.adzuna.com/land/ad/5728160966?se=XkzTDgpY8RGvjPD20Sc1wQ&utm_medium=api&utm_source=b9c24709&v=7469DFE5D81F966ED508953B88937D00989F5CEA; VRDM TECHNOLOGIES INC.|https://www.adzuna.com/land/ad/5736660886?se=HLDfDQpY8RGvjPD20Sc1wQ&utm_medium=api&utm_source=b9c24709&v=9280984B9ACC6E30AC9A47EA0AE362C45F9F4231; Value Spectrum Technologies LLC|https://www.adzuna.com/land/ad/5736683606?se=iPSyEQpY8RGWQvEe2bTbLw&utm_medium=api&utm_source=b9c24709&v=F4B6260C30D00E80C1D6A5EF6EA8CE387CFDDB3D; Vkore Solutions|https://www.adzuna.com/details/5735675447?utm_medium=api&utm_source=b9c24709; Voto Consulting LLC|https://www.adzuna.com/land/ad/5730840771?se=HLDfDQpY8RGvjPD20Sc1wQ&utm_medium=api&utm_source=b9c24709&v=E86E01E4436BA605685A56F03C4F56E35797E5B2; W3Global|https://www.adzuna.com/land/ad/5727048639?se=esYXDApY8RGvjPD20Sc1wQ&utm_medium=api&utm_source=b9c24709&v=41CC1E5B4AB753D02E1BD3D16C09788C2012D237; WorkNovas LLC|https://www.adzuna.com/details/5734572189?utm_medium=api&utm_source=b9c24709; Yoh - A Day & Zimmerman Company|https://www.adzuna.com/land/ad/5736662556?se=iPSyEQpY8RGWQvEe2bTbLw&utm_medium=api&utm_source=b9c24709&v=F30ED94EF5EDEC16BD87D0692E7F3AC05F133D88; r2 Technologies, Inc.|https://www.adzuna.com/land/ad/5733657419?se=HLDfDQpY8RGvjPD20Sc1wQ&utm_medium=api&utm_source=b9c24709&v=FF799AB92479A18E52F11BA1128990950F9E28DA","247Hire; 3Core Systems, Inc; A-Line Staffing Solutions LLC; A1C Partners, LLC; ACI Infotech; ADPMN INC; ADT; AP Recruiters; ARK Infotech Spectrum; ARK Solutions Inc; ASCENDING; Ab Ovo Inc; Accenture; Aditi Consulting; Advanced Tech Placement; Ahead; Akaasa Technologies; Alchemy Software Solutions LLC; Amatriot Group; America First Credit Union; American Builders and Contractors Supply Co; American Electric Power; American Express; American Technology Consulting; Ampcus Inc; Amtex System Inc.; ApTask; Apex 2000; Apex Systems; Apexon; Apidel Technologies; Appex Innovation; Apple; Apptad Inc; Arohak Inc; Arrowminds inc; Astreya; Atika Tech; Atinfo Technology Inc; Atlanta, GA; Autozone; Avco consulting Inc; Avenue Code, LLC; BC Forward; BCforward; Baltimore, MD; Bank of America; Bansar Technologies Inc.; Be The Match; Berkley; Bitsoft International, Inc.; Blue Shield of California; Bolingbrook, IL; Brooksource; ByteBridge Technologies, Inc; C4 Technical Services; CGI; CME Group; CSS Tec; CVS Health; CYNET SYSTEMS; Calabitek; Camping World; Canoo Technologies; Capgemini; Cardinal Health; Cardinal Integrated Technologies Inc; Carlin Shayn Inc; Case Interactive; Cayuse Holdings; ChaTeck Incorporated; Chandler, AZ; Chase; Chicago, IL; Citigroup; ClearBridge Technology Group; ClifyX; Cloudious LLC; Cognizant; Collabera LLC; Columbia, MD; ComTec Information Systems; Connexions Data Inc; Converge; Corpay; CrewBloom; Cystems Logic; DB Orlando- NJ; DCode Talent; DTCC; DXC Technology; Dallas, TX; DataEdge Consulting, Inc.; Daten Technology Solutions; Dearborn, MI; Description AutoZone; DevApps IT; Dew Softech Inc; Digital Technology Solutions; Dminds Solutions Inc.; ESRhealthcare and EXEC STAFF RECRUITERS; EVEREST CONSULTING GROUP, INC; EchoStar; Eliassen Group; Elista Global LLC; Endava; Essel; Everest Global Solutions; Exatech Inc; FEDRUS GLOBAL LLC; FIS Capital Markets; FM; Fast Switch; Federal Reserve Bank; Fervorly; First Horizon; Fiserv; Fixity Technologies; Ford Motor; Fort Worth, TX; Foundation Software; FreedomPay; FreshDirect; GRT Corporation; General Motors; Genesis10; Genius Road; Genuine Parts Company; Georgia IT; Glint Tech Solutions LLC; Globalchannelmanagement; Goldenpick Technologies; Gov Services Hub; GovCIO; Government Systems Technologies Inc.; H R PUNDITS INC; HAYS; HCLTech; HCSC; HERS Advisors; HPTech Inc.; HTC Global Services Inc; Hagerty Insurance; Healthfirst Corporation; Hermitage Info Tech, LLC.; Herndon, VA; Hexaware; Highbrow; HigherEchelon; Home Depot; Huntington National Bank; Hyundai Capital; IBM; INSPYR Solutions; IT Associates, Inc.; IT EBusiness Consulting Services, Inc; IT First Source; ITECS; Idexcel Inc.; Ikon Software Services; Incedo Inc; Infinite Computer Solutions; InfoVision, Inc.; Infodyne Solutions; Infomerica, Inc; Innova Solutions, Inc; Insight Global; Intercontinental Exchange; JBA International; JC Corporations Inc; JPMorgan Chase; JPMorganChase; Javen Technologies, Inc; Jobot; Judge Group, Inc.; KAISER; KPG 99 Inc.; KSN Technologies, Inc.; Kaizen Technologies; Kanor Systems; Keylent; Kforce Technology Staffing; Kutir Inc; LPL Financial; LTIMindtree; LTS; Litmus7 Systems Consulting Inc.; Lumen Solutions Group Inc.; Luminare Health Benefits; M&T Bank; Macpower Digital Assets Edge; Maintec Technologies Inc; ManpowerGroup; Marriott; Marvel Infotech; Mastech Digital; MasterCard; Menzo; Merican Inc; Mindlance; Minneapolis, MN; NIKE; NTT America, Inc.; NTT DATA Americas, Inc; Nashville, TN; New Age Software Services Corporation; New York, NY; Nobl Q, LLC.; Noblis; Obsidian Solutions Group; Okaya Inc; Ontada; Openkyber; Optimal Inc.; Otter Base; PNC; PRIMUS Global Services Inc.; PTR Global; PY DATA, INC.; Parts Town; Payactiv; Penske Truck Leasing; PeopleNTech; Performix Business Services, LLC; Photon; Pittsburgh, PA; Plexus Worldwide; Prabhav Services Inc; Primary Talent Partners; Prutech Solutions; Purple Hires; QTech; Quest Diagnostics; RAKS Group LLC; RaceTrac; Radiant System, Inc; Randstad Digital; Raymond James Financial, Inc.; Redolent; ResolveTech Solutions Inc.; Reveille Technologies; Richmond, VA; Robert Half; S3; SAIC; SANS; SOFT Inc.; SS&C; SSV Technologies Inc; Sambasafety; San Leandro, CA; Santander US; Saransh Inc; Scalable Systems; Scottsdale, AZ; Seattle, WA; Select Source International; Sensiple Inc.; Software Guidance & Assistance; Solugenix Corp; South Geeks; South Jordan, UT; Staffingagencyrecruitment; Staffingine LLC; Staffxpert LLC; Stanley David and Associates; State Street; Stefanini; StoneGate-Technologies LLC; Strongsville, OH; Sunrise Systems, Inc.; SysMind, LLC; SysTech International; Sysazzle; System One; Systems Engineering Solutions Corporation; Systems Integration Solutions, Inc.; T. Rowe Price; TCC Toyota Motor Credit Corporation Company; TDK Technologies; TECH Tammina; TEKsystems c/o Allegis Group; TSQ Systems Inc; Talent Software Services; Talentrupt; Techstra Solutions; Techwizens LLC; TekisHub Consulting Services; The AES Group; The Cigna Group; The Custom Group of Companies; The Davey Tree Expert Company; The Hartford; The Timberline Group; Thin Technologies; Tixy Services LLC; Toyota Motor North America; TriCom Technical Services; Trilux Tech LLC; Trinite Consulting Group; Truist; Turing IT Labs; Two95 International Inc.; Tymon Global; US Tech Solutions; Uline; Unissant; UnitedHealth Group; Uniti; Universal Music; Unknown, IL; Unknown, TX; V-Soft Consulting Group, Inc; V2Soft; VCS Digital LLC; VDart Inc; VRDM TECHNOLOGIES INC.; Vaarida Technologies llc; Vaco by Highspring; Value Spectrum Technologies LLC; Ventechsoft Inc; Venusgeo; VeridianTech; Verisk Analytics; Vinsari LLC; Vivint; Vkore Solutions; Voto Consulting LLC; W3Global; WALGREENS; Washington, DC; Western Alliance Bank; Widescope Consulting and Contracting Services; Windward Consulting; WorkNovas LLC; Worldwide Insurance Services; Xoriant Corporation; Yoh - A Day & Zimmerman Company; York Solutions, LLC; Zealogics; Zen & Art; Zenox Global, LLC; Zillion Technologies; r2 Technologies, Inc.; rockITdata; shrikon; thehivecareers.co"
2026-05-25,LiveRamp,us,318,177,141,53,5,"Citigroup|https://www.adzuna.com/land/ad/5739338073?se=qmBJGgpY8RGWQvEe2bTbLw&utm_medium=api&utm_source=b9c24709&v=D4D338E8CCB98BC04D5673DE065839F259935B99; Fluent, LLC|https://www.adzuna.com/details/5735290574?utm_medium=api&utm_source=b9c24709; KORTX|https://www.adzuna.com/details/5736656160?utm_medium=api&utm_source=b9c24709; NCM Careers|https://www.adzuna.com/details/5735065779?utm_medium=api&utm_source=b9c24709; UnitedHealth Group|https://www.adzuna.com/land/ad/5738263742?se=qmBJGgpY8RGWQvEe2bTbLw&utm_medium=api&utm_source=b9c24709&v=423B80636E94BE8ABD4998C1C06B1787AD9EA638","247Hire; AEG Presents; AEG Worldwide; Accenture; Acnovate Corporation; Affinity Solutions; Albertsons; American Cancer Society; Arbital Health; Attain; BranchLab; CVS Health; Capgemini; Cascadia Search; Citigroup; Colgate-Palmolive; Comulate; Dollar General; EDO; EchoStar; Etsy; Fluent, LLC; Gartner; Gilead Sciences; Instacart; KORTX; Lundbeck; Marriott; McAfee, Inc.; NBC Universal; NCM Careers; Proxima; Publicis Groupe Holdings B.V; Rational 360; Redi-Mail / RediData; Regeneron Pharmaceuticals; Resonate; Roku; Samba; Samsung; Sanofi; Shaper Capital; Snowflake; Take-Two Interactive Software; The New York Times; The Walt Disney Company; Tinuiti; Uber; UnitedHealth Group; Universal Orlando; dentsu; eBay; iSpot"
2026-05-25,nCino,us,638,618,20,136,12,American AgCredit|https://www.adzuna.com/details/5738541844?utm_medium=api&utm_source=b9c24709; CGI|https://www.adzuna.com/land/ad/5738506538?se=Auv-IgpY8RGjzvjlo3DZDw&utm_medium=api&utm_source=b9c24709&v=AE2022951BCA827808210797C488E76606D7509E; Farm Credit Florida|https://www.adzuna.com/details/5737077648?utm_medium=api&utm_source=b9c24709; Farm Credit of Florida|https://www.adzuna.com/details/5738236663?utm_medium=api&utm_source=b9c24709; Laiba Technologies LLC|https://www.adzuna.com/land/ad/5736199235?se=-EsbHgpY8RGTDdJK-7cL6w&utm_medium=api&utm_source=b9c24709&v=DFABD05F6BC2DFAE3FBA469BC6615000A8ACD694; Live Oak Banking|https://www.adzuna.com/details/5731267223?utm_medium=api&utm_source=b9c24709; Navy Federal|https://www.adzuna.com/details/5738624127?utm_medium=api&utm_source=b9c24709; Noblesoft Technologies|https://www.adzuna.com/details/5735674931?utm_medium=api&utm_source=b9c24709; North State Bank|https://www.adzuna.com/details/5738625179?utm_medium=api&utm_source=b9c24709; Robert Half|https://www.adzuna.com/land/ad/5735750352?se=PNALHwpY8RGvjPD20Sc1wQ&utm_medium=api&utm_source=b9c24709&v=6738B70895E464FA234F41855CBF6A1F20A7ED15; Strategic Staffing Solutions|https://www.adzuna.com/land/ad/5736201068?se=-EsbHgpY8RGTDdJK-7cL6w&utm_medium=api&utm_source=b9c24709&v=29795A702A8CE1FE99B67E158FE4D91A63AF27FD; Summit Bank|https://www.adzuna.com/land/ad/5738457052?se=Auv-IgpY8RGjzvjlo3DZDw&utm_medium=api&utm_source=b9c24709&v=FE665409C4C24C9F82666A3BC2A625AD4B5E5F28,"Accenture; Amerant Bank; Amerantbank; AmeriServ Financial Bank; American AgCredit; American Pacific Mortgage; Atlantic Coast Mortgage; Atlantic Union Bank Careers; Axos Bank; Banc of California; Banco Santander; Banesco Usa; Bank of America; Bank of Clarke; BankPlus; Buffalo, NY; Bundoran Group; Busey Bank; Byline Bank; C&F Bank; CBI Bank & Trust; CGI; CalPrivate Bank; Cathay Bank; Centennial Bank; Charlotte, NC; City National Bank of Florida; Cloudious; Coastal States Bank; Columbia Bank; ConnectOne Bank; Connexus Credit Union; Cornerstone Capital Bank; Customers Bank; DX Foundation; Dickinson Financial Corporation; Dieterich Bank; Earthmover Credit Union; Eastern Bank; Elwood Staffing; Extractable; FAIRWINDS Credit Union; FNBO; Farm Bureau Bank; Farm Credit Florida; Farm Credit Mid-America; Farm Credit of Florida; Fifth Third Bank; First Financial Bank; First Horizon; First Internet Bank; First National Bank Of Bastrop; First National Bank Of Pennsylvania; First National Bank of Omaha; Five Star Bank, Ca; Flagstar Bank; Fortis Bank; Fulton Bank; GalaxEsystems; Genesis Capital; German American Bancorp; Greenfield Savings; Hancock Whitney Bank; Hills Bank; Insight Global; Investar Bank National As; JBA International; Judge Group, Inc.; KeyBank; Kforce Technology Staffing; Laiba Technologies LLC; Lead; Leader Bank; Lighthouse Technology Services; Live Oak Banking; LoanPro; Low Income Investment Fund; Lower; Luxury Mortgage; M&T Bank; MDMS Recruiting; MMC Group; Management Recruiters of Spokane; Mld Mortgage; MoFi; Municipal Credit Union; NTT America, Inc.; Nashua, NH; National Cooperative Bank. N.A.; National Mortgage Staffing; Navy Federal; New York, NY; Noblesoft Technologies; North State Bank; Northern Bank; Peoples Bank; Perseus Group; Photon Group; Platinum Bank; Rado Bank; Regions Bank; Robert Half; Rockland Trust Company; S&T Bank; S3; Santander US; Sauk Valley Bank; Sb Financial Group Inc.; Servisfirst Bank; Shore United Bank; Signal Financial Federal Credit Union; Sincera Technologies, Inc.; South Shore Bank Roles; Southern Trust Mortgage; Southstate Bank; Strategic Staffing Solutions; Summit Bank; Sunflower Bank, N.A.; TD Bank; Tempe, AZ; The Paducah Bank And Trust Company; The Symicor Group; Tri Counties Bank; Truist; Trustmark National Bank; U.S. Bank; United Community Bank; VDart Inc; WSFS Bank; WaFd Bank; Wells Fargo; West Monroe; Wintrust; Woodforest National Bank; Zennify; Zions Bancorporation"
2026-05-25,JFrog,us,482,458,24,157,21,"Aditi Consulting|https://www.adzuna.com/land/ad/5738183563?se=KIE4KApY8RGjzvjlo3DZDw&utm_medium=api&utm_source=b9c24709&v=BC455E404A465B6A58C378325590BAC680D51A60; Apidel Technologies|https://www.adzuna.com/details/5737806054?utm_medium=api&utm_source=b9c24709; Bright Mind Solutions LLC|https://www.adzuna.com/details/5737043243?utm_medium=api&utm_source=b9c24709; ConglomerateIT|https://www.adzuna.com/land/ad/5738183719?se=KIE4KApY8RGjzvjlo3DZDw&utm_medium=api&utm_source=b9c24709&v=0D0217D68B9C12705D36EFA6A9EF779881DD93D4; Esvee Technologies Inc|https://www.adzuna.com/land/ad/5737728501?se=NtM2JApY8RGTDdJK-7cL6w&utm_medium=api&utm_source=b9c24709&v=5881308710A01E7C9E5C75FB535B9BADE057CFAB; Floga technologies|https://www.adzuna.com/land/ad/5735314029?se=NtM2JApY8RGTDdJK-7cL6w&utm_medium=api&utm_source=b9c24709&v=90F52BACEB2690F2B7B1462C980819160F379576; HubSync Co|https://www.adzuna.com/land/ad/5711893862?se=NtM2JApY8RGTDdJK-7cL6w&utm_medium=api&utm_source=b9c24709&v=058175CDADB07EC2C75C7F7F0CFF84912C2E71D8; Hudson Manpower|https://www.adzuna.com/details/5739523656?utm_medium=api&utm_source=b9c24709; IFLOWSOFT Solutions Inc.|https://www.adzuna.com/land/ad/5730845183?se=KIE4KApY8RGjzvjlo3DZDw&utm_medium=api&utm_source=b9c24709&v=DB7281441C8E23EBAF01510BACAAB339CDC59E15; Infomatics Corp|https://www.adzuna.com/land/ad/5730840406?se=NtM2JApY8RGTDdJK-7cL6w&utm_medium=api&utm_source=b9c24709&v=4911939372F5BA6B7831573B637EF873710A1F38; Innovative Information Technologies, Inc|https://www.adzuna.com/land/ad/5737689597?se=LFw1KQpY8RGWQvEe2bTbLw&utm_medium=api&utm_source=b9c24709&v=12842315A3A3D421D2D9B7F19D58E4F1FF78FBBC; Maximus|https://www.adzuna.com/land/ad/5737097675?se=xi-9JApY8RGjzvjlo3DZDw&utm_medium=api&utm_source=b9c24709&v=003A7877C91B8180744ED27EC8A07D725E5BD197; Northramp LLC|https://www.adzuna.com/details/5737780065?utm_medium=api&utm_source=b9c24709; Panasonic Avionics Corporation|https://www.adzuna.com/land/ad/5739228437?se=IGaFKwpY8RGTDdJK-7cL6w&utm_medium=api&utm_source=b9c24709&v=81B3D89B1976B5D70470D5CA8E39B6142C044596; Parmesoft Inc.|https://www.adzuna.com/land/ad/5736986606?se=KIE4KApY8RGjzvjlo3DZDw&utm_medium=api&utm_source=b9c24709&v=C602130C57C33839A43C58446AAE6B5E8CFE8068; Rapsys Technologies|https://www.adzuna.com/land/ad/5735314011?se=NtM2JApY8RGTDdJK-7cL6w&utm_medium=api&utm_source=b9c24709&v=2C30A77C3C4898F678E5C248A61152F9CE1EBE84; Siri Infosolutions Inc|https://www.adzuna.com/land/ad/5736985282?se=NtM2JApY8RGTDdJK-7cL6w&utm_medium=api&utm_source=b9c24709&v=A9B83BEE61DA6357FC72A82E7D5FD5201117FC1B; Stanley David and Associates|https://www.adzuna.com/land/ad/5735321777?se=NtM2JApY8RGTDdJK-7cL6w&utm_medium=api&utm_source=b9c24709&v=B4DF8BA5D39A097644FBF47ACED0186A39FF3089; Strategic Resources International|https://www.adzuna.com/land/ad/5727038951?se=NtM2JApY8RGTDdJK-7cL6w&utm_medium=api&utm_source=b9c24709&v=F4868B99178F33E6C9A36B9CFFCA74B55C97C1BD; Tata Consultancy Services|https://www.adzuna.com/land/ad/5739652035?se=NtM2JApY8RGTDdJK-7cL6w&utm_medium=api&utm_source=b9c24709&v=3ADFA70BFE89B5B41F31AB3017AB4347DE4B2FDD; Thinkbyte Consulting, Inc.|https://www.adzuna.com/land/ad/5728642511?se=NtM2JApY8RGTDdJK-7cL6w&utm_medium=api&utm_source=b9c24709&v=FA6E8075E463C653FD3083042CF857EDA232A7AE","ADP; ASRC Federal; AT&T; Aditi Consulting; Akaasa Technologies; Alkami; Alkermes; Amatriot Group; Amentum; American Credit Acceptance; American Express; Anduril Industries; Apex Systems; Apidel Technologies; BAE Systems; BDR Solutions LLC; Bank of America; Beyond SOF; Biamp; Booz Allen Hamilton; Bright Mind Solutions LLC; Broadridge; Butlr; By Light HQ; By Light Professional IT Services; CGI; CNA; CVS Health; Cadence Systems; Canoo Technologies; Capstone; Cedar Rapids, IA; Chandler, AZ; Collins Aerospace; Comcast; ConglomerateIT; Connexion Systems and Engineering, Inc.; CoreWeave; CrowdStrike; DATAMAXIS, Inc; DFO Referrals; DeepSight Technology; Detroit, MI; DevSelect; Diagrid; Digital Technology Solutions; Duetto Research; Engine; Entrust; Esvee Technologies Inc; Eversource Energy; Fast Switch; Floga technologies; Ford Motor Company; Fresenius Kabi; Genesis10; GreyCell Labs, Inc; Guild Talent; Heads Up Technologies; Hewlett Packard Enterprise; Highmark Health; HubSync Co; Hudson Manpower; IFLOWSOFT Solutions Inc.; IPS Technology Services; ITCE Services; ITECS; Impinj; Index Analytics; InfoVision, Inc.; Infomatics Corp; Infosys; Innovative Information Technologies, Inc; Insight Global; Insight IT; Intercontinental Exchange; Iridium Satellite; Isoftech Inc; Istari Digital; JLL; JPMorgan Chase; JPMorganChase; K2 Space; Knowledge Builders; LCG; LVT; LexisNexis Risk Solutions; Lockheed Martin; M&T Bank; M. C. Dean; MAG; ManpowerGroup; Mastercard; Maximus; McDonald's; Mindlance; Morgan Stanley; Motion Recruitment Partners, LLC; NTT America, Inc.; NTT Data Americas, Inc.; NVIDIA; National Life Insurance Company; New York Life Insurance Co; New York, NY; Nisum; Northramp LLC; Northrop Grumman; Panasonic Avionics Corporation; Pantheon; Parmesoft Inc.; Paysafe Group; Peyton Resource Group; Quanta Search; Quantum Default Brand; RELX; REsurety, Inc.; RTX; Rapsys Technologies; Recru; Redolent; Relativity Space; Request Technology, LLC; Resmed; Rockwell Automation; S3; SAP; Sailboat Talent Group; Saransh Inc; SciTec; Scientific Research Corporation; Siri Infosolutions Inc; Skrill; Sligo Software Solutions; Snap; Sonatus; Sonatype; Stanley David and Associates; State Street; Stellent IT LLC; Strategic Resources International; System Edge  L.L.C.; Tata Consultancy Services; TekLeaders, Inc; TetraScience; Thinkbyte Consulting, Inc.; Torc Robotics; True Anomaly; Truist; Truveta; US Tech Solutions; UnitedHealth Group; Unknown, NH; V2Soft; Valinor Enterprises; Veeam Software; Voya Financial; Wayve"
2026-05-25,Guidewire,us,1000,964,36,148,26,"Accellor|https://www.adzuna.com/details/5733525120?utm_medium=api&utm_source=b9c24709; Aptino|https://www.adzuna.com/land/ad/5735318969?se=ir3-LApY8RGjzvjlo3DZDw&utm_medium=api&utm_source=b9c24709&v=76ACF3A8ABB3E8DBD1BC3184D81B2BD31EB18483; Axiom Global Technologies, Inc.|https://www.adzuna.com/land/ad/5735315443?se=ir3-LApY8RGjzvjlo3DZDw&utm_medium=api&utm_source=b9c24709&v=F17CEB81D68F69C255B99F4F8904FCA116D2A541; BP&C|https://www.adzuna.com/details/5709067888?utm_medium=api&utm_source=b9c24709; Buaut|https://www.adzuna.com/land/ad/5736557354?se=XlhvNApY8RGvjPD20Sc1wQ&utm_medium=api&utm_source=b9c24709&v=597A7163BDEC09FE96A8D3A40E11C89ACD98AB06; Catholic Medical Center|https://www.adzuna.com/land/ad/5736421644?se=KOryNgpY8RGjzvjlo3DZDw&utm_medium=api&utm_source=b9c24709&v=E5F0C364EBA214B6E15AEC731810E88A0606FF9A; Cloudpaths|https://www.adzuna.com/land/ad/5730844764?se=ir3-LApY8RGjzvjlo3DZDw&utm_medium=api&utm_source=b9c24709&v=CE04D4E97FC00F914AC75C89AD17C537F1A5591A; Datum Software, Inc.|https://www.adzuna.com/land/ad/5725920685?se=ir3-LApY8RGjzvjlo3DZDw&utm_medium=api&utm_source=b9c24709&v=6151F358E114BA8A7623965D4EC3DA9F669B533D; Esvee Technologies Inc|https://www.adzuna.com/land/ad/5736556186?se=ir3-LApY8RGjzvjlo3DZDw&utm_medium=api&utm_source=b9c24709&v=16046F92554C365193600F89768A7CDE3B70D1DC; GG Tech Global|https://www.adzuna.com/land/ad/5728954047?se=DFl2LgpY8RGvjPD20Sc1wQ&utm_medium=api&utm_source=b9c24709&v=C17D75A770EB03493F63BA111830F5E6264BCA41; GHR Healthcare|https://www.adzuna.com/land/ad/5733577025?se=mHerNQpY8RGTDdJK-7cL6w&utm_medium=api&utm_source=b9c24709&v=5018EE69C0CB1B899201F7EE481435964E40CC91; Intone Networks Inc|https://www.adzuna.com/details/5733552325?utm_medium=api&utm_source=b9c24709; Jean Martin, Inc|https://www.adzuna.com/land/ad/5735314774?se=ir3-LApY8RGjzvjlo3DZDw&utm_medium=api&utm_source=b9c24709&v=789FD1A91546A750B8F1D8C39EEAB18FDF969151; Legacy Health|https://www.adzuna.com/land/ad/5735868189?se=mg8-NgpY8RGTDdJK-7cL6w&utm_medium=api&utm_source=b9c24709&v=DC0C8C2ED45BD4A01E869BA8EC3CDA3B8BBC02D1; Medical Solutions|https://www.adzuna.com/land/ad/5727411970?se=5kECOgpY8RGTDdJK-7cL6w&utm_medium=api&utm_source=b9c24709&v=9ED83124B239CFF28C6A728FF5CD21A5C67E7D81; RealTek Consulting|https://www.adzuna.com/land/ad/5736194208?se=ir3-LApY8RGjzvjlo3DZDw&utm_medium=api&utm_source=b9c24709&v=BD4F61C7478BBF64F4C9D2150ABBEF1ED39DF02A; Rivago infotech inc|https://www.adzuna.com/land/ad/5730841727?se=mg8-NgpY8RGTDdJK-7cL6w&utm_medium=api&utm_source=b9c24709&v=FF8B7BAFDEF05680C2B64742BDCBA222C01FE9A4; Strategic Staffing Solutions|https://www.adzuna.com/land/ad/5732310365?se=dJRVOApY8RGvjPD20Sc1wQ&utm_medium=api&utm_source=b9c24709&v=060CFE9A1A252FEC5EAC83C23F0A2B946D2698FA; Talent Search PRO|https://www.adzuna.com/land/ad/5739390132?se=mg8-NgpY8RGTDdJK-7cL6w&utm_medium=api&utm_source=b9c24709&v=5E86B3C2A26B8F281D198B34EB495C194269C89E; TekDallas|https://www.adzuna.com/land/ad/5735317695?se=DFl2LgpY8RGvjPD20Sc1wQ&utm_medium=api&utm_source=b9c24709&v=17C7805F440F179D46910762194156707CD34A7B; USG, Inc.|https://www.adzuna.com/land/ad/5728491535?se=DFl2LgpY8RGvjPD20Sc1wQ&utm_medium=api&utm_source=b9c24709&v=669E4E39679E0D2CDB320A2433DC4F6C89D5BA7F; VCS Digital LLC|https://www.adzuna.com/land/ad/5738314148?se=DFl2LgpY8RGvjPD20Sc1wQ&utm_medium=api&utm_source=b9c24709&v=6875B0B0CA235AF584CF89ABD7058646273EECDB; VSG Business Solutions LLC|https://www.adzuna.com/details/5738190012?utm_medium=api&utm_source=b9c24709; Xcutives.com Inc|https://www.adzuna.com/land/ad/5726977352?se=NmHFLwpY8RGjzvjlo3DZDw&utm_medium=api&utm_source=b9c24709&v=3B7CF8153D981238CD76C434F8F94658A102FB33; Zenotis Technologies INC|https://www.adzuna.com/land/ad/5736200618?se=ir3-LApY8RGjzvjlo3DZDw&utm_medium=api&utm_source=b9c24709&v=26048D52ED7D9562BDC490D2902C241247457A3F; technumen|https://www.adzuna.com/details/5729107863?utm_medium=api&utm_source=b9c24709","AAA; APN Consulting Inc; Accellor; Aerotek; American Traveler; Aptino; Ascension; Assurant; Astra North Infoteck Inc.; Atlanta, GA; Axiom Global Technologies, Inc.; BP&C; Bamboo Insurance; Berkley; Beth Israel Lahey Health; Blue Cross Blue Shield of Michigan; Boston, MA; Bright Vision Technologies; Buaut; CBTS; CCC Intelligent Solutions; CNA; Canal Insurance Company; Capgemini; Catholic Medical Center; Charter Global, Inc.; ClifyX; Cloudious; Cloudpaths; Cognizant; Collaborate Solutions, Inc.; Columbia Insurance; Columbus, OH; Conch Technologies Inc; Cordova; Cynet Systems; DMS Vision Inc; Dallas, TX; Datum Software, Inc.; Decision Six Inc.; Deloitte; ECCLESIASTES INC; EY; Edison, NJ; Elite Technical; Erie Insurance Group; Esvee Technologies Inc; Excelon Solutions LLC; Express Employment; FCCI; Farmers Mutual Insurance Company Of Nebraska; Fixity Technologies; Frankenmuth Insurance; Fusion Medical Staffing-Cath Lab; GG Tech Global; GHR Healthcare; Genesis NGN Inc.; Great American Insurance Company; Greater New York Mutual Insurance Company; HDI Global Insurance Company; HTC Global Services; Heritage Mga Llc; Hermitage Infotech; Infinity Tech Group Inc; Innovise IT LLC; Insight Global; Intone Networks Inc; JBA International; Jean Martin, Inc; Judge Group, Inc.; K-Tek Resourcing LLC; K2 Insurance Services, LLC; Kemper; Key2Source INC; Kforce Technology Staffing; Last Word Consulting; Legacy Health; Levi, Ray & Shoup; Liberty Mutual; Lorven Technologies, Inc.; Los Angeles, CA; Lumiere Systems; MMT; Mango Analytics; ManpowerGroup; Medical Solutions; Mercury Insurance Services, LLC; Mercy; Merit Medical Systems; Methodist Health System; Millennium Software, Inc.; National Indemnity Company; New York Technology Partners; New York, NY; Next Level Business Services, Inc.; Novant Health; OhioHealth; Piedmont Healthcare; PricewaterhouseCoopers; Professional Search Group; Prudent Technologies and Consulting; PwC; Pyramid Technology Solutions, Inc.; RBGlobal; Raas Infotek LLC; RealTek Consulting; Rivago infotech inc; Robert Half; S3; SANS; SMART CALIBER TECHNOLOGY; San Antonio, TX; Spear Staffing; Sprocket Staffing Services; State Farm; Stellent IT LLC; Strategic Staffing Solutions; SysMind, LLC; TEKsystems c/o Allegis Group; Talent Search PRO; Taras Technology LLC; Tata Consultancy Services; TekDallas; TriCom Technical Services; Troy, MI; UFG Career; USAA; USG, Inc.; United Auto Insurance; VCS Digital LLC; VDart Inc; VSG Business Solutions LLC; Vaarida Technologies llc; ValueMomentum; Virtual Networx; Western Reserve Group; Williamson Health; Wipfli; Xcutives.com Inc; Xenter; Yochana IT Solutions; Zenotis Technologies INC; Zodiac Solutions Inc.; eSense Incorporated; i3; iBridge Techsoft LLC; technumen; thehivecareers.co"
2026-05-25,Agilysys,us,65,65,0,54,6,AZUL Hospitality|https://www.adzuna.com/details/5737276345?utm_medium=api&utm_source=b9c24709; Chicken Ranch Casino|https://www.adzuna.com/details/5738615847?utm_medium=api&utm_source=b9c24709; Desert Mountain Club|https://www.adzuna.com/details/5734302267?utm_medium=api&utm_source=b9c24709; Life Time|https://www.adzuna.com/details/5739710930?utm_medium=api&utm_source=b9c24709; Paloma Legacy|https://www.adzuna.com/details/5732919356?utm_medium=api&utm_source=b9c24709; Santa Clara Development Corporation|https://www.adzuna.com/details/5733743196?utm_medium=api&utm_source=b9c24709,"7 Cedars Resort; AZUL Hospitality; Agilysis; Bluewater Casino & Resort; Boar's Head Resort; Casino and; Catawba Two Kings Casino; Chicken Ranch Casino; Coeur d'Alene Casino Resort Hotel; Compass Group, North America; Crescent Careers; Desert Mountain Club; Dream Golf; Firebrand; Fort Mcdowell Golf Club; Fortune Bay Resort Casino; Gaming Enterprise; Grand Lake Casino; Halekulani Hotel; Hilton Grand Vacations; Houstonian; Inn of the Mountain Gods; Island Hospitality Management; Ithaka Hospitality Partners; Kiawah Resort; LV Search Partners; Lake Lawn Resort; Life Time; Link Technologies; Lucky Eagle Casino; Maverick Colorado; Ocean Casino Resort; Ojo Caliente Holdings; Otesaga Hotel.; Paloma Legacy; Photon Group; Pinehurst; Prairie Meadows; Property Management; Pure Events Lp; Q Casino + Resort; Salamander Palm Beach Employer; Sand Valley; Santa Clara Development Corporation; Seneca Gaming Corporation; Shore Lodge Whitetail; Smoky Mountain Resorts; Spooky Nook Sports; Squaxin Island Gaming Enterprise; Table Mountain Casino Resort; The Boca Raton; The Las Olas Company / Riverside Hotel; Treetops Resort; ilani Casino Resort"
2026-05-25,Qualys,us,634,604,30,287,33,"APN Consulting Inc|https://www.adzuna.com/land/ad/5727327970?se=tKD7OwpY8RGWQvEe2bTbLw&utm_medium=api&utm_source=b9c24709&v=AE23BFF1555B459CCEC9C119D7CEEA4BCF519530; Akaasa Technologies|https://www.adzuna.com/details/5733553618?utm_medium=api&utm_source=b9c24709; AllSTEM Connections|https://www.adzuna.com/details/5728488525?utm_medium=api&utm_source=b9c24709; AlphaSense|https://www.adzuna.com/details/5736086792?utm_medium=api&utm_source=b9c24709; BBVA|https://www.adzuna.com/details/5739390319?utm_medium=api&utm_source=b9c24709; Belcan, LLC|https://www.adzuna.com/land/ad/5735320020?se=boKRPApY8RGvjPD20Sc1wQ&utm_medium=api&utm_source=b9c24709&v=9956F2C1958F3C477EF5AE4979850A08EF51A156; Berkeley County Schools|https://www.adzuna.com/details/5737373585?utm_medium=api&utm_source=b9c24709; CGI|https://www.adzuna.com/land/ad/5738657787?se=DsCmPwpY8RGWQvEe2bTbLw&utm_medium=api&utm_source=b9c24709&v=25467E1A196007B1FD37FAB572F059CED5C0C50F; Celonis|https://www.adzuna.com/details/5737254434?utm_medium=api&utm_source=b9c24709; Deriva Energy|https://www.adzuna.com/details/5736063135?utm_medium=api&utm_source=b9c24709; Entarian|https://www.adzuna.com/details/5738622474?utm_medium=api&utm_source=b9c24709; Florida Department of Financial Services|https://www.adzuna.com/land/ad/5736193692?se=vo9-PQpY8RGWQvEe2bTbLw&utm_medium=api&utm_source=b9c24709&v=C86A82410663CF30E8C4411E40FA8E23DE789E6D; Forcepoint|https://www.adzuna.com/details/5738352401?utm_medium=api&utm_source=b9c24709; HCA Healthcare|https://www.adzuna.com/land/ad/5733631661?se=tKD7OwpY8RGWQvEe2bTbLw&utm_medium=api&utm_source=b9c24709&v=9224F1D297F7F241B69B3EE93A8C8D9BF101B43A; Innosoft Corporation|https://www.adzuna.com/land/ad/5730843302?se=boKRPApY8RGvjPD20Sc1wQ&utm_medium=api&utm_source=b9c24709&v=788B88A7251EC7D1BFE31F7A703E0A1115E79A55; Innova|https://www.adzuna.com/land/ad/5737849050?se=vo9-PQpY8RGWQvEe2bTbLw&utm_medium=api&utm_source=b9c24709&v=CA75693505B8A590E2A4DF0A1E172F236376B844; Jackson-Madison County|https://www.adzuna.com/details/5734746047?utm_medium=api&utm_source=b9c24709; NewVision Software & Consultancy Pvt. Ltd|https://www.adzuna.com/land/ad/5735314098?se=tKD7OwpY8RGWQvEe2bTbLw&utm_medium=api&utm_source=b9c24709&v=696CE1C537BE62E95A533F0E07CAD0EE52551366; Northramp LLC|https://www.adzuna.com/details/5737780074?utm_medium=api&utm_source=b9c24709; Phreesia|https://www.adzuna.com/details/5739609007?utm_medium=api&utm_source=b9c24709; Programming.com|https://www.adzuna.com/land/ad/5738512218?se=tKD7OwpY8RGWQvEe2bTbLw&utm_medium=api&utm_source=b9c24709&v=30035404CBBE00902697953101164AC1F36B6824; Quantinuum|https://www.adzuna.com/details/5737119113?utm_medium=api&utm_source=b9c24709; Quantum World Technologies Inc.|https://www.adzuna.com/land/ad/5730841335?se=boKRPApY8RGvjPD20Sc1wQ&utm_medium=api&utm_source=b9c24709&v=ED407533313C31994C7E0A3292DB539939AD0D32; Renu Energy Solutions|https://www.adzuna.com/details/5734791474?utm_medium=api&utm_source=b9c24709; Ruri Software Technologies LLC|https://www.adzuna.com/land/ad/5727326154?se=tKD7OwpY8RGWQvEe2bTbLw&utm_medium=api&utm_source=b9c24709&v=8C0E8E2D5E4B71BF1657666DCB031B1AF90FD73F; Sikich|https://www.adzuna.com/details/5740267443?utm_medium=api&utm_source=b9c24709; SkyePoint Decisions|https://www.adzuna.com/land/ad/5739476105?se=LNgcPgpY8RGNLcf39U_NzQ&utm_medium=api&utm_source=b9c24709&v=E827C8C62EEDD257D89951D061F31EC8C36ED9F3; Stillwater Sciences|https://www.adzuna.com/details/5737205997?utm_medium=api&utm_source=b9c24709; Techximius|https://www.adzuna.com/details/5735927715?utm_medium=api&utm_source=b9c24709; Three Rivers/Josephine County Sd|https://www.adzuna.com/details/5738639458?utm_medium=api&utm_source=b9c24709; V2X|https://www.adzuna.com/details/5734581182?utm_medium=api&utm_source=b9c24709; Volto USA|https://www.adzuna.com/details/5737042503?utm_medium=api&utm_source=b9c24709; Yondr Group|https://www.adzuna.com/details/5735057868?utm_medium=api&utm_source=b9c24709","ADP; ADPMN INC; AECOM; APN Consulting Inc; ASM Research, An Accenture Federal Services Company; Abbott; Advatix, Inc.; Advisors Asset Management; Ag Jobs; AgreeYa Solutions; Ahead; Air Apps; Akaasa Technologies; Aledade; Alkami; All County Home Health and Hospice; AllSTEM Connections; AlphaSense; American Heart Association; Analog Devices; Apache Behavioral Health Services; Apex Systems; Aretec Open Opportunites; Armison Tech; Artera; Ascensus; Aspen Dental; AspenView Technology Partners; BBVA; BNY Mellon; Bank of America; Barclays; Barnstable Public Schools; Batesville Tool & Die; Belcan, LLC; Berkeley County Schools; Beyond SOF; Bismarck Public Schools; Booz Allen Hamilton; Boston Public Schools; Brightli; Bristol Bay Native Corportation; Bristol Myers Squibb; CACI; CGI; CIM Group; COLSA Corporation; Capgemini; Capital One; Carnival Corporation; Carrier; Catawba Two Kings Casino; Celonis; Cetera Financial Group; Champion Home Builders Inc.; Citizens; City of Atlanta; City of Cathedral City; City of Sunnyvale; Club Car Llc; Columbia, SC; Comcast; CommonSpirit Health; Compass Group, North America; ComplyAuto; CompuCom; Conifer Health Solutions; Construction Resources; Core Specialty Insurance Services; Corient; DTCC; Datasoft Technologies, Inc.; Deloitte; Deluxe; Deriva Energy; Dew Softech Inc; Digital Technology Solutions; Drawbridge Partners; Dublin City Schools; Dyopath; ECG Management Consultants; ERG; EXOS; EY; Early Warning Services, LLC; Educational Service Center of Central Ohio; Elbit America; Electrosoft; Emanuel Medical Ctr; Empire State Realty Trust; Entarian; Enterris Associates; Envelop Group; Evolver; Falmouth Public Schools; Federal Reserve Board; First American Payments Systems; Fixity Technologies; Florida Department of Financial Services; Forcepoint; Forescout Technologies; Fortinet; Freedom Technology Solutions Group; Fujitsu; GBOE; GM Financial; Gainwell Technologies LLC; Genesis Capital; Google; Gowanda Electronics.; Grandview; Greenboard; Guidehouse; HAYS; HCA Healthcare; HP; Hazelwood School District; Herron High School; Hexagon US Federal; Higgins Group, Inc.; Holland & Knight; Holtec International; Honeywell; Hyperproof; INPO External; INSPYR Solutions; INTECH Process Automation; Innosoft Corporation; Innova; InquisIT; Insight Global; Island Finance; Ivalua; J5 Consulting; JPMorgan Chase & Co.; Jackson-Madison County; Jbs Usa; Jose Merciline; Jostens; Judge Group, Inc.; KPMG; Kelly Services; Kforce Technology Staffing; Koniag Government Services; Leading Path Consulting; Leidos; Lenz Therapeutics; LexisNexis; Lightning AI; Lockheed Martin; Lumin Digital; M. C. Dean; Maze; Merck; Metropolitan Transportation Authority; Miami, FL; Milbank LLP; Ministere Interieur; Mitsubishi UFJ Financial Group; Motion Recruitment Partners, LLC; Muleshoe ISD; NEW TREW Site; NTT America, Inc.; NV5; Nanite; Nenni and Associates; NeoSystems Careers; New York, NY; NewVision Software & Consultancy Pvt. Ltd; NewVison; Nidec; Northern Light; Northramp LLC; Northrop Grumman; Office Depot; Ogden City Corporation; Okta; OneMain Financial; OpenRouter; Openkyber; Operation Breakthrough; Origin Bank; Ovation Healthcare; PROLIM Global Corporation; Partnership HealthPlan of California; PepsiCo; Persistent Systems; Phreesia; Pitney Bowes; Point72; PowerPlan, Inc; Prairie City Monroe Community School District; Princeton Independent School District; Programming.com; Prudential Financial; QGenda; QualiTech; Qualis Flow Limited; Quantinuum; Quantum World Technologies Inc.; Quest Diagnostics; RELX INC; RSM; Redesign; Renu Energy Solutions; Resolutions Hospice Austin; Restaurant Brands International; Reston, VA; Rhodian Group; Rishabh Software Pvt. Ltd; Roane County Schools; Robert Half; Ruri Software Technologies LLC; SailPoint; Saint Xavier University; Salt Lake Community College; Samsung SDS America; San Francisco, CA; Sandhills Community College; Sentara Hospitals; Sequoia Connect; Sherpa 6; Siemens Healthineers; Sikich; SkyePoint Decisions; Solana Technology; Southern Utah University; Southwest Research Institute; Spring Grove Area School District; Springs Fabrication Master; Stanford University; Stillwater Sciences; Sunrun; Superior Support Resources; SysLogic, Inc.; T. Rowe Price; TCC Toyota Motor Credit Corporation Company; TE Connectivity; TEKsystems c/o Allegis Group; Take-Two Interactive Software; Tampa, FL; Techximius; The Giant Bullseye; The Jeffcoat Firm Injury & Accident Lawyers PA; The MITRE Corporation; The OCC; The ODP Corporation; The Search Solutions, LLC; The Timberline Group; The Vanguard Group; The Weather Company; Three Rivers/Josephine County Sd; Toyota Motor North America; Trailboss Enterprises; TransCore; True Anomaly; Truist; Two95 International Inc.; UO HR Website; UltraViolet Cyber; University of California San Francisco; University of New Mexico; University of Rochester; Utilities Service, LLC; Utilitra; V-CENTRIX-US LLC; V2X; VDart Inc; VHC Health; Verizon; Versa Networks; Virtuoso, Ltd.; Volto USA; Vultr; Wakefield Public Schools; West Advanced Technologies, Inc.; Williams International; Yondr Group; Zapcom Group; Zermount; cFocus Software Incorporated; cFocus Softwareorporated; i360technologies; kjohn@samrusystems.com; mSupply; nLeague; restor3d"
2026-06-01,Varonis,us,518,461,57,52,5,"Match Point Solutions|https://www.adzuna.com/details/5745041943?utm_medium=api&utm_source=b9c24709; NSD International, Inc.|https://www.adzuna.com/land/ad/5742435498?se=xk0FYJVd8RGUJNJexxfy6Q&utm_medium=api&utm_source=b9c24709&v=96230241A681AF8CB6EB53101EEDA55CDC23967D; Nominal|https://www.adzuna.com/details/5741118768?utm_medium=api&utm_source=b9c24709; Proofpoint|https://www.adzuna.com/land/ad/5737015350?se=xDx7ZpVd8RGUJNJexxfy6Q&utm_medium=api&utm_source=b9c24709&v=61CECB9CFBA828C91EB0FFB2C205CFBD8D0F167B; US Offices & Unit|https://www.adzuna.com/details/5746237634?utm_medium=api&utm_source=b9c24709","AE Business Solutions; American Institutes for Research; Apex Systems; Axiom Path; Bloomberg; Booz Allen Hamilton; Brown Investment Advisory & Trust; CAQH; CC Pace Systems; Cinch Careers Page- External; Con Edison; Deloitte; Dinsmore; EXOS; East West Bank; FAIRWINDS Credit Union; GuidePoint Security; Guild Mortgage; HAYS; HD Supply; IBM; INSPYR Solutions; Insight Global; Keaki Technologies; Kentro; MSP Hire; Match Point Solutions; Mohegan; Morgan Stanley; NMDP; NSD International, Inc.; NTT America, Inc.; Nominal; Nth Generation; PSFCU Careers; Proofpoint; RGA; Red River; Regeneron Pharmaceuticals; Regent University; Robert Half; SHI; SMBC; SPHERE Technology Solutions; SPS Consulting; SourcePro Search; System One; Teramind; US Offices & Unit; Upstart; Verathon, Inc.; VeridianTech"
2026-06-01,Dynatrace,us,1000,952,48,359,56,"7N USA, Inc.|https://www.adzuna.com/land/ad/5744013868?se=bgHYaJVd8RGbGvW-bcCcHA&utm_medium=api&utm_source=b9c24709&v=8F9980C5D27BEEA741CA5E2D157A24D4FFD29FC4; @Orchard|https://www.adzuna.com/land/ad/5742321515?se=3LtVbZVd8RGbGvW-bcCcHA&utm_medium=api&utm_source=b9c24709&v=F35EF7E62ED92C403452D743BA8F26EB842C884C; American IT Systems|https://www.adzuna.com/land/ad/5743565206?se=3LtVbZVd8RGbGvW-bcCcHA&utm_medium=api&utm_source=b9c24709&v=10E3C762C3718D8B49F4A69237A720DCA190BF0E; Anveta Inc|https://www.adzuna.com/land/ad/5742440674?se=dHF-apVd8RGUJNJexxfy6Q&utm_medium=api&utm_source=b9c24709&v=C16EDE884EFB058FA108E0DF5B798EFF142D1D19; BNY Mellon|https://www.adzuna.com/details/5746341227?utm_medium=api&utm_source=b9c24709; Belk|https://www.adzuna.com/details/5744395451?utm_medium=api&utm_source=b9c24709; Bizoforce Inc|https://www.adzuna.com/land/ad/5683624544?se=EneXbJVd8RGibqjoNFhLbg&utm_medium=api&utm_source=b9c24709&v=0B046A1D12621511CE114BD757AEDDC8C2139CC5; Boston Associate Software Systems|https://www.adzuna.com/land/ad/5741298344?se=dHF-apVd8RGUJNJexxfy6Q&utm_medium=api&utm_source=b9c24709&v=EA65D3F5F9855A55E7924970E3A9F5697B03E2AB; Cengage Group|https://www.adzuna.com/land/ad/5738246289?se=Irlhc5Vd8RGUJNJexxfy6Q&utm_medium=api&utm_source=b9c24709&v=27253AAAE753317DA9F0C1CEA5BBF1F8CE0ED7FE; Computer World Services Corp|https://www.adzuna.com/land/ad/5740511577?se=UFYHcZVd8RG1g60cORqbZQ&utm_medium=api&utm_source=b9c24709&v=28B694994986D7725123DD4C6E9C9BFCF320D8B6; Crypto.com|https://www.adzuna.com/details/5739335149?utm_medium=api&utm_source=b9c24709; DTEL Engineering & Consultants Inc|https://www.adzuna.com/land/ad/5742435525?se=bgHYaJVd8RGbGvW-bcCcHA&utm_medium=api&utm_source=b9c24709&v=FD27C3AC3B5CABB51BAD9726F91929ADB258B66F; Deloitte|https://www.adzuna.com/land/ad/5746073069?se=YLnIbpVd8RGUJNJexxfy6Q&utm_medium=api&utm_source=b9c24709&v=67D8109135F2EBAF2A80D6AF8B08E3093B75C47F; Dexian DISYS|https://www.adzuna.com/land/ad/5741707152?se=UFYHcZVd8RG1g60cORqbZQ&utm_medium=api&utm_source=b9c24709&v=B35C40B4E8030C67C998117D18C250F588661A1C; Dexperts Inc|https://www.adzuna.com/land/ad/5744745174?se=dHF-apVd8RGUJNJexxfy6Q&utm_medium=api&utm_source=b9c24709&v=3D032FF81E177683BBE52C1FB3886B6AE282E8E3; Donato Technologies Inc|https://www.adzuna.com/land/ad/5743635339?se=3LtVbZVd8RGbGvW-bcCcHA&utm_medium=api&utm_source=b9c24709&v=FE821E53227BEB027FDC84ACF828825E543EDB94; Excellere IT Services|https://www.adzuna.com/land/ad/5742335915?se=bgHYaJVd8RGbGvW-bcCcHA&utm_medium=api&utm_source=b9c24709&v=2802C79C2085138693E18AD84EFAD7A2C47D537C; Experian|https://www.adzuna.com/land/ad/5743380265?se=UFYHcZVd8RG1g60cORqbZQ&utm_medium=api&utm_source=b9c24709&v=EA85C621215B750CA0F8507D8B8818BAAF0770EA; Flexton Inc|https://www.adzuna.com/land/ad/5741393487?se=dHF-apVd8RGUJNJexxfy6Q&utm_medium=api&utm_source=b9c24709&v=BB8D49A5EB158A02D521BF09AD040742E16EFC84; GAC Solutions Inc.|https://www.adzuna.com/land/ad/5745070562?se=hA4ra5Vd8RG1g60cORqbZQ&utm_medium=api&utm_source=b9c24709&v=12B3A4881BC5CFAB4E7D78E5DEDC37DE3F108A31; Herbalife|https://www.adzuna.com/details/5745458098?utm_medium=api&utm_source=b9c24709; Highmark Health|https://www.adzuna.com/land/ad/5548125095?se=Irlhc5Vd8RGUJNJexxfy6Q&utm_medium=api&utm_source=b9c24709&v=060C3B1A028C21BC0E17CA59C3DA8A4368360F18; ITRS|https://www.adzuna.com/details/5744553771?utm_medium=api&utm_source=b9c24709; Innovative Information Technologies, Inc|https://www.adzuna.com/land/ad/5744957494?se=NNitaZVd8RGibqjoNFhLbg&utm_medium=api&utm_source=b9c24709&v=03E902224A5C908CE88B2DF8BB8D5ED5CBF669A3; JTEC-Consulting|https://www.adzuna.com/land/ad/5741324609?se=hA4ra5Vd8RG1g60cORqbZQ&utm_medium=api&utm_source=b9c24709&v=546FB7380A292281499F24B3A699A1EB4BA3B8EC; K-Tek Resourcing LLC|https://www.adzuna.com/land/ad/5742700978?se=hA4ra5Vd8RG1g60cORqbZQ&utm_medium=api&utm_source=b9c24709&v=91404B36DCC178AF35E56BECE4272843932E2494; KeyBank|https://www.adzuna.com/details/5746200644?utm_medium=api&utm_source=b9c24709; Koniag Government Services|https://www.adzuna.com/land/ad/5740520626?se=zP6-cZVd8RGibqjoNFhLbg&utm_medium=api&utm_source=b9c24709&v=9ABF7DC2BDC370876C0E276CD9404E73B317EF30; Maxima Technologies, LLC|https://www.adzuna.com/land/ad/5743708748?se=EneXbJVd8RGibqjoNFhLbg&utm_medium=api&utm_source=b9c24709&v=558698FC81CFA283A0E576781FC4295B8B178042; Mondo|https://www.adzuna.com/land/ad/5746413257?se=dHF-apVd8RGUJNJexxfy6Q&utm_medium=api&utm_source=b9c24709&v=A3EE9DDA6586C3764BACDE59C0A876F4E378E9DF; NJTECH INC.|https://www.adzuna.com/land/ad/5735319139?se=EneXbJVd8RGibqjoNFhLbg&utm_medium=api&utm_source=b9c24709&v=A38FD3DA6CCABFD31EAC2DD68FC7F73DC4A5D7C4; Navy Federal|https://www.adzuna.com/details/5743161768?utm_medium=api&utm_source=b9c24709; Perficient|https://www.adzuna.com/details/5744533138?utm_medium=api&utm_source=b9c24709; Performix|https://www.adzuna.com/details/5742045555?utm_medium=api&utm_source=b9c24709; Peyton Resource Group|https://www.adzuna.com/details/5745397405?utm_medium=api&utm_source=b9c24709; Pilvi Systems|https://www.adzuna.com/land/ad/5743637847?se=jOUMbpVd8RG1g60cORqbZQ&utm_medium=api&utm_source=b9c24709&v=F93831CFC26177A62C2BA10B52A7AE4F0410F6B2; Procal Technologies|https://www.adzuna.com/land/ad/5741512315?se=dHF-apVd8RGUJNJexxfy6Q&utm_medium=api&utm_source=b9c24709&v=AF15E179C2DEAF9BB69AE3C92E01D64923445108; Pyramid Technology Solutions, Inc.|https://www.adzuna.com/land/ad/5743637909?se=dHF-apVd8RGUJNJexxfy6Q&utm_medium=api&utm_source=b9c24709&v=6CF35429DA0F879836D1C458CEFCFACC68827F67; QTech US Inc|https://www.adzuna.com/land/ad/5735315099?se=fiPaa5Vd8RGUJNJexxfy6Q&utm_medium=api&utm_source=b9c24709&v=CE334994FA728AB61073A83E754AC5923CBC07DB; RANDYS Worldwide|https://www.adzuna.com/land/ad/5742342440?se=WMdNcJVd8RGbGvW-bcCcHA&utm_medium=api&utm_source=b9c24709&v=35765B8C4CBFCD37E7E076FD57002927470D8665; RNR IT Solutions, Inc.|https://www.adzuna.com/land/ad/5736986057?se=WMdNcJVd8RGbGvW-bcCcHA&utm_medium=api&utm_source=b9c24709&v=1829EAAC8C9418CDAE674595B0FECAE08D8CB65E; Resource Management Concepts, Inc. - Rmc, Inc.|https://www.adzuna.com/land/ad/5742773214?se=YLnIbpVd8RGUJNJexxfy6Q&utm_medium=api&utm_source=b9c24709&v=7BD5C91E6C5025B9089CB21EB185D93DD545687C; Sage IT Inc|https://www.adzuna.com/land/ad/5742825978?se=UFYHcZVd8RG1g60cORqbZQ&utm_medium=api&utm_source=b9c24709&v=D9A80E7507B43BA96553E220D9843FD5B29122D2; Sallie Mae|https://www.adzuna.com/land/ad/5744105339?se=zP6-cZVd8RGibqjoNFhLbg&utm_medium=api&utm_source=b9c24709&v=1F5F447807A404F92A58BAD111D47F3812D70DC2; Select Jarvis.com|https://www.adzuna.com/land/ad/5741330873?se=dHF-apVd8RGUJNJexxfy6Q&utm_medium=api&utm_source=b9c24709&v=5AFEAF238CFE1F6569DF01C78E873E3480A92E49; Staffing Agency Recruitment|https://www.adzuna.com/details/5742023023?utm_medium=api&utm_source=b9c24709; The Church of Jesus Christ of Latter-day Saints|https://www.adzuna.com/details/5730995673?utm_medium=api&utm_source=b9c24709; Travelers Insurance Company|https://www.adzuna.com/land/ad/5735883289?se=sj62cpVd8RG1g60cORqbZQ&utm_medium=api&utm_source=b9c24709&v=38A9A9F90D4DAEAC031C8B7166690DFA33E1A542; UniqueHire Consulting LLC|https://www.adzuna.com/land/ad/5744743576?se=hA4ra5Vd8RG1g60cORqbZQ&utm_medium=api&utm_source=b9c24709&v=1E2E2191C3ADDB20D917324DD228BD0F0EE01F9B; United Wholesale Mortgage|https://www.adzuna.com/land/ad/5746399608?se=jOUMbpVd8RG1g60cORqbZQ&utm_medium=api&utm_source=b9c24709&v=1AE6E13835800A7228AA6BDCBF053CCF2A18BC8F; Up2date Technologies|https://www.adzuna.com/land/ad/5741324839?se=fiPaa5Vd8RGUJNJexxfy6Q&utm_medium=api&utm_source=b9c24709&v=430000511048E3B6715EECAB39BA7DB94189704F; Varite|https://www.adzuna.com/details/5742131892?utm_medium=api&utm_source=b9c24709; Vytwo|https://www.adzuna.com/land/ad/5742341028?se=NNitaZVd8RGibqjoNFhLbg&utm_medium=api&utm_source=b9c24709&v=900F73C6409C7B6376F180D1E0AF88A2059355DA; Zenosys|https://www.adzuna.com/land/ad/5745021114?se=jOUMbpVd8RG1g60cORqbZQ&utm_medium=api&utm_source=b9c24709&v=C40F0B991FC43355FA6565CC3C53078054548799; head-huntress.com|https://www.adzuna.com/land/ad/5743383574?se=bgHYaJVd8RGbGvW-bcCcHA&utm_medium=api&utm_source=b9c24709&v=5C2502BA556C43CA5B2D24BF26C4EF79F6D90ACE; vaaridatech|https://www.adzuna.com/details/5747258849?utm_medium=api&utm_source=b9c24709","7N USA, Inc.; @Orchard; A1C Partners; ACI Infotech; ADPMN INC; ADT; AP Recruiters; ARK Infotech Spectrum; ARK Solutions Inc; ASCENDING; Ab Ovo Inc; Accenture; Aditi Consulting; Ahead; Akaasa Technologies; Alchemy Software Solutions LLC; Amatriot Group; America First Credit Union; American Airlines; American Builders and Contractors Supply Co; American Electric Power; American Express; American IT Systems; American Technology Consulting; Ampcus Inc; Amtex System Inc.; Anveta Inc; ApTask; Apex 2000; Apex Systems; Apexon; Apidel Technologies; Appex Innovation; Apple; Apptad Inc; Aptino; Arohak Inc; Arrowminds inc; Atika Tech; Atlanta, GA; AutoZone, Inc.; Autodesk; Avco consulting Inc; Avenue Code, LLC; BAE Systems; BCforward; BNY Mellon; Baltimore, MD; Bank of America; Bansar Technologies Inc.; Belk; Berkley; Bitsoft International, Inc.; Bizoforce Inc; Blue Ribbon Global Technologies; Blue Shield of California; Boston Associate Software Systems; Brooksource; C4 Technical Services; CGI; CME Group; CSS Tec; CVS Health; Calabitek; Camping World; Canoo Technologies; Cardinal Integrated Technologies Inc; Case Interactive; Cayuse Holdings; Cengage Group; Chandler, AZ; Chicago, IL; Citigroup; ClearBridge Technology Group; ClifyX; Cognizant; Collabera LLC; Columbia, MD; ComTec Information Systems; Computer World Services Corp; Conch Technologies Inc; Converge; Corpay; CrewBloom; Crypto.com; Cynet Systems; Cystems Logic; DB Orlando- NJ; DCode Talent; DTCC; DTEL Engineering & Consultants Inc; DXC Technology; Dallas, TX; DataEdge Consulting, Inc.; Daten Technology Solutions; Dearborn, MI; Deloitte; Description AutoZone; DevApps IT; Dexian DISYS; Dexperts Inc; Digital Technology Solutions; Dminds Solutions Inc.; Donato Technologies Inc; Dunhill Professional Search; EVEREST CONSULTING GROUP, INC; EchoStar; EdgeVerve Systems Limited; Edward Jones; Eliassen Group; Endava; Essel; Eversource Energy; Exatech Inc; Excellere IT Services; Experian; FEDRUS GLOBAL LLC; FIS Capital Markets; Fast Switch; Fervorly; First Horizon Bank; Fiserv; Flexton Inc; Ford Motor; Foundation Software; FreedomPay; FreshDirect; Fusion HCR; GAC Solutions Inc.; GRT Corporation; General Motors; Genesis10; Genius Road; Genuine Parts Company; Georgia IT; Glint Tech Solutions LLC; Globalchannelmanagement; Gov Services Hub; GovCIO; Government Systems Technologies Inc.; H R PUNDITS INC; HCLTech; HCSC; HERS Advisors; HPTech Inc.; Hagerty Insurance; Healthfirst Corporation; Herbalife; Hermitage Info Tech, LLC.; Herndon, VA; Hexaware; HigherEchelon; Highmark Health; Home Depot; Huntington National Bank; Hyundai Capital; IBM; INSPYR Solutions; IT Associates, Inc.; IT First Source; ITRS; Idexcel Inc.; Infinite Computer Solutions; Info Dinamica Inc; InfoVision, Inc.; Infomerica, Inc; Innovative Information Technologies, Inc; Insight Global; Intercontinental Exchange; JBA International; JC CORPORATIONS; JPMorgan Chase; JPMorganChase; JTEC-Consulting; Javen Technologies, Inc; Judge Group, Inc.; K-Tek Resourcing LLC; KPG 99 Inc.; Kaizen Technologies; Kanor Systems; KeyBank; Keylent; Kforce Technology Staffing; Koniag Government Services; LPL Financial; LTIMindtree; LTS; Las Vegas, NV; Link Technologies; Litmus7 Systems Consulting Inc.; Lockheed Martin; Lorven Technologies, Inc.; Lumen Solutions Group Inc.; Luminare Health Benefits; M&T Bank; Macpower Digital Assets Edge; Maintec Technologies Inc; ManpowerGroup; Marriott; Mastech Digital; Mastercard; Maxima Technologies, LLC; Menzo; Merican Inc; Mindlance; Mitsubishi UFJ Financial Group; Mondo; Motion Recruitment Partners, LLC; NJTECH INC.; NTT America, Inc.; NTT DATA Americas, Inc; Nashville, TN; Navy Federal; New Age Software Services Corporation; New York, NY; Nike; Nisum; Nobl Q, LLC.; Noblesoft Technologies; Noblis; Obsidian Solutions Group; Okaya Inc; Ontada; Openkyber; Optimal Inc.; Otter Base; PNC; PTR Global; Parts Town; Payactiv; Penske Truck Leasing; PeopleNTech; Perficient; Performix; Peyton Resource Group; Photon; Pilvi Systems; Pittsburgh, PA; Plexus Worldwide; Prabhav Services Inc; Primary Talent Partners; Prism, Inc.; Procal Technologies; Procession Systems; Prutech Solutions; Pyramid Technology Solutions, Inc.; QTech US Inc; Quest Diagnostics; RANDYS Worldwide; RNR IT Solutions, Inc.; RaceTrac; Radiant System, Inc; Randstad Digital; Raymond James Financial, Inc.; Redolent; ResolveTech Solutions Inc.; Resource Management Concepts, Inc. - Rmc, Inc.; Reveille Technologies; Richmond, VA; Riptide Technology; Robert Half; S3; SAIC; SANS; SHI; SS&C; SSV Technologies Inc; Sage IT Inc; Sallie Mae; Sambasafety; San Leandro, CA; Santander US; Scalable Systems; Scottsdale, AZ; Select Jarvis.com; Sensiple Inc.; Software Guidance & Assistance; Solugenix Corp; South Geeks; Staffing Agency Recruitment; Staffingagencyrecruitment; Staffxpert LLC; State Street; Stefanini; Strongsville, OH; Sunrise Systems, Inc.; SysMind, LLC; Sysazzle; System One; Systems Engineering Solutions Corporation; Systems Integration Solutions, Inc.; T. Rowe Price; TDK Technologies; TEKsystems; TSQ Systems Inc; Tech Tammina; Tech3pillars Technologies; Techstra Solutions; Techwizens LLC; TekCommands Inc; TekisHub Consulting Services; The Church of Jesus Christ of Latter-day Saints; The Cigna Group; The Custom Group of Companies; The Davey Tree Expert Company; The Hartford; The Timberline Group; Thin Technologies; Tixy Services LLC; Toyota Motor North America; Travelers Insurance Company; Trilux Tech LLC; Trinite Consulting Group; Truist; Two95 International Inc.; Tymon Global; US Tech Solutions; Uline; UniqueHire Consulting LLC; Unissant; United Airlines; United Wholesale Mortgage; UnitedHealth Group; Uniti; Unknown, IL; Unknown, TX; Up2date Technologies; V-Soft Consulting Group, Inc; V2Soft; VCS Digital LLC; VDart Inc; Value Spectrum Technologies LLC; Varite; Vega Consulting Solutions; Venusgeo; VeridianTech; Verisk Analytics; Vertical Relevance; Vivint; Voto Consulting LLC; Vytwo; W3Global; WALGREENS; Washington, DC; Wells Fargo; Western Alliance Bank; Windward Consulting; Worldwide Insurance Services; Xoriant Corporation; Zealogics; Zen & Art; Zenosys; Zillion Technologies; eStaffLLC; head-huntress.com; r2 Technologies, Inc.; rockITdata; shrikon; vaaridatech"
2026-06-01,LiveRamp,us,331,185,146,52,2,Advance Local|https://www.adzuna.com/land/ad/5742851450?se=BOWDepVd8RGbGvW-bcCcHA&utm_medium=api&utm_source=b9c24709&v=F44623D6F524D5754156EB710CD0E40CBB2DC2C2; Kepler Group|https://www.adzuna.com/details/5746159525?utm_medium=api&utm_source=b9c24709,"AEG Presents; AEG Worldwide; Accenture; Advance Local; Affinity Solutions; Albertsons; American Cancer Society; Arbital Health; Attain; BranchLab; CVS Health; Capgemini; Cascadia Search; Citigroup; Colgate-Palmolive; Comulate; Concentrix; Dollar General; EDO; EchoStar; Etsy; Fluent, LLC; Gartner; Gilead Sciences; Instacart; KORTX; Kepler Group; Lundbeck; Marriott; McAfee, Inc.; NBC Universal; NCM Careers; Proxima; Publicis Groupe Holdings B.V; Rational 360; Redi-Mail / RediData; Regeneron Pharmaceuticals; Resonate; Roku; Samba; Samsung; Sanofi; Shaper Capital; Snowflake; Take-Two Interactive Software; The New York Times; The Walt Disney Company; Tinuiti; UnitedHealth Group; Universal Orlando; dentsu; eBay"
2026-06-01,nCino,us,633,610,23,143,17,"Artifact Global Corporation|https://www.adzuna.com/details/5745043513?utm_medium=api&utm_source=b9c24709; CGI Technologies and Solutions, Inc.|https://www.adzuna.com/land/ad/5737109647?se=ZHmbh5Vd8RGibqjoNFhLbg&utm_medium=api&utm_source=b9c24709&v=2DB96B8FCDC8F51433F9F254677AD407A56A2F58; Checkr|https://www.adzuna.com/land/ad/5745444857?se=-Nu_hZVd8RGbGvW-bcCcHA&utm_medium=api&utm_source=b9c24709&v=775D538CC7B3B8A06E1F4A4BCD59795EA62DCC9A; Cornerstone Bank|https://www.adzuna.com/details/5744315150?utm_medium=api&utm_source=b9c24709; Econosoft|https://www.adzuna.com/land/ad/5741511498?se=WAnvgpVd8RGbGvW-bcCcHA&utm_medium=api&utm_source=b9c24709&v=3F391DE9AD1D51ACDFE41B1D377F4F8C0E624BB9; First Community Mortgage|https://www.adzuna.com/details/5745489692?utm_medium=api&utm_source=b9c24709; Five Star Bank|https://www.adzuna.com/details/5741119772?utm_medium=api&utm_source=b9c24709; HTD Resources, LLC|https://www.adzuna.com/land/ad/5745022518?se=WAnvgpVd8RGbGvW-bcCcHA&utm_medium=api&utm_source=b9c24709&v=7FECCF69CE2AA9CC09A597D189B516AF7E8837E5; HUNT Mortgage Corporation|https://www.adzuna.com/details/5743187948?utm_medium=api&utm_source=b9c24709; Keylent Inc|https://www.adzuna.com/details/5742905433?utm_medium=api&utm_source=b9c24709; Member Business Financial Services|https://www.adzuna.com/details/5746639552?utm_medium=api&utm_source=b9c24709; Midwest Bank Centre|https://www.adzuna.com/details/5743272654?utm_medium=api&utm_source=b9c24709; Monstro|https://www.adzuna.com/details/5743231000?utm_medium=api&utm_source=b9c24709; QTech US Inc|https://www.adzuna.com/land/ad/5745068423?se=WAnvgpVd8RGbGvW-bcCcHA&utm_medium=api&utm_source=b9c24709&v=DB66D88E39A7D12DDAA47DE3C39FA5AC885D7631; Renasant|https://www.adzuna.com/details/5746402409?utm_medium=api&utm_source=b9c24709; Southside Bank|https://www.adzuna.com/details/5746231973?utm_medium=api&utm_source=b9c24709; Syntricate Technologies|https://www.adzuna.com/details/5742131583?utm_medium=api&utm_source=b9c24709","Accenture; Amerant Bank; Amerantbank; AmeriServ Financial Bank; American AgCredit; American Pacific Mortgage; Artifact Global Corporation; Atlantic Coast Mortgage; Atlantic Union Bank Careers; Axos Bank; Banc of California; Banco Santander; Banesco Usa; Bank of America; Bank of Clarke; Buffalo, NY; Bundoran Group; Busey Bank; Byline Bank; C&F Bank; CBI Bank & Trust; CGI Technologies and Solutions, Inc.; CalPrivate Bank; Cathay Bank; Centennial Bank; Charlotte, NC; Checkr; Cloudious LLC; Coastal States Bank; Cognizant; Columbia Bank; ConnectOne Bank; Connexus Credit Union; Cornerstone Bank; Customers Bank; DX Foundation; Dickinson Financial Corporation; Dieterich Bank; Earthmover Credit Union; Eastern Bank; Econosoft; EmployVision; Extractable; FAIRWINDS Credit Union; FNBO; Farm Bureau Bank; Farm Credit Florida; Farm Credit Mid-America; Farm Credit of Florida; Fifth Third Bank, N.A.; First Community Mortgage; First Financial Bank; First Horizon; First Internet Bank; First National Bank Of Bastrop; First National Bank Of Pennsylvania; First National Bank of Omaha; Five Star Bank; Flagstar Bank; Fortis Bank; Fulton Bank; GalaxEsystems; Genesis Capital; German American Bancorp; Greenfield Savings; HTD Resources, LLC; HUNT Mortgage Corporation; Hancock Whitney Bank; Hills Bank; Insight Global; Investar Bank National As; JBA International; Judge Group, Inc.; KeyBank; Keylent Inc; Laiba Technologies LLC; Lead; Leader Bank; Lighthouse Technology Services; Live Oak Banking; LoanPro; Low Income Investment Fund; Luxury Mortgage; M&T Bank; MDMS Recruiting; MMC Group; Management Recruiters of Spokane; Member Business Financial Services; Midwest Bank Centre; Mld Mortgage; MoFi; Monstro; Municipal Credit Union; NTT America, Inc.; Nashua, NH; National Cooperative Bank. N.A.; National Mortgage Staffing; New York, NY; North State Bank; Northern Bank; Origin Bank; Peoples Bank; Perseus Group; Photon Group; Platinum Bank; QTech US Inc; Regions Bank; Renasant; Robert Half; Rockland Trust Company; S&T Bank; Santander US; Sauk Valley Bank; Sb Financial Group Inc.; Servisfirst Bank; Shore United Bank; Signal Financial Federal Credit Union; South Shore Bank Roles; Southern Trust Mortgage; Southside Bank; Southstate Bank; Strategic Staffing Solutions; Summit Bank; Sunflower Bank, N.A.; Syntricate Technologies; TD Bank; Tempe, AZ; The Paducah Bank And Trust Company; The Symicor Group; Tri Counties Bank; Truist; Trustmark National Bank; U.S. Bank; United Community Bank; Valley Bank; WSFS Bank; WaFd Bank; Wells Fargo; West Monroe; Wintrust; Woodforest National Bank; Zennify; Zions Bancorporation"
2026-06-01,JFrog,us,500,471,29,152,18,"3BEES TECHNOLOGIES INC|https://www.adzuna.com/land/ad/5741740189?se=aLHgjZVd8RGUJNJexxfy6Q&utm_medium=api&utm_source=b9c24709&v=FC00C397A26EE434955B9641F377FBF14A31E4CF; 4P Consulting|https://www.adzuna.com/details/5745345567?utm_medium=api&utm_source=b9c24709; Atlanta, GA|https://www.adzuna.com/details/5746828972?utm_medium=api&utm_source=b9c24709; Empresent Global, LLC|https://www.adzuna.com/land/ad/5741324900?se=-JANjZVd8RGUJNJexxfy6Q&utm_medium=api&utm_source=b9c24709&v=63EBE2686C31DB8057CA33913E201D25F386AAB6; General Dynamics Information Technology|https://www.adzuna.com/land/ad/5743998193?se=MgJPjJVd8RG1g60cORqbZQ&utm_medium=api&utm_source=b9c24709&v=E998898D1B95386CF222E642D4B92A17E99A5F2E; Hexaware Technologies, Inc|https://www.adzuna.com/land/ad/5741300095?se=5DeakJVd8RGUJNJexxfy6Q&utm_medium=api&utm_source=b9c24709&v=F1A45F095A0298B24C877B71C6FBBECF9230A514; Kforce Technology Staffing|https://www.adzuna.com/land/ad/5741752136?se=aLHgjZVd8RGUJNJexxfy6Q&utm_medium=api&utm_source=b9c24709&v=96D5011265B76681FF0EB38F2317055BCB8A9FA2; Magnus Technology Solutions|https://www.adzuna.com/land/ad/5743134723?se=MgJPjJVd8RG1g60cORqbZQ&utm_medium=api&utm_source=b9c24709&v=33904D1892B1A9CC2F7435F44AB93B1DC91CFAB8; Medline Industries|https://www.adzuna.com/details/5747258362?utm_medium=api&utm_source=b9c24709; NS2 Mission|https://www.adzuna.com/land/ad/5745177714?se=MgJPjJVd8RG1g60cORqbZQ&utm_medium=api&utm_source=b9c24709&v=F67F5281C137616FF5D0B9362F7E21E27F2D8DCF; NexTurn, Inc.|https://www.adzuna.com/land/ad/5744181236?se=-JANjZVd8RGUJNJexxfy6Q&utm_medium=api&utm_source=b9c24709&v=3916A8738384E79C68A1E4AE0C4FE9E1C53A67DA; OSTTRA|https://www.adzuna.com/details/5740938854?utm_medium=api&utm_source=b9c24709; Purple Drive|https://www.adzuna.com/details/5741119420?utm_medium=api&utm_source=b9c24709; S&P Global|https://www.adzuna.com/land/ad/5740870078?se=FJpCkpVd8RG1g60cORqbZQ&utm_medium=api&utm_source=b9c24709&v=5BDA6A2380F538968BBE43BD12BE6B8541B47397; SSTech LLC|https://www.adzuna.com/land/ad/5744962345?se=-JANjZVd8RGUJNJexxfy6Q&utm_medium=api&utm_source=b9c24709&v=0314AD82EC4EB17793E50AE52E6468A9C4F423C8; Sage IT Inc|https://www.adzuna.com/land/ad/5742825978?se=aLHgjZVd8RGUJNJexxfy6Q&utm_medium=api&utm_source=b9c24709&v=D9A80E7507B43BA96553E220D9843FD5B29122D2; SageCor Solutions|https://www.adzuna.com/details/5746144195?utm_medium=api&utm_source=b9c24709; TekCommands Inc|https://www.adzuna.com/details/5744037799?utm_medium=api&utm_source=b9c24709","3BEES TECHNOLOGIES INC; 4P Consulting; 6947-SHOCKWAVE MEDICAL Legal Entity; ADP; ASRC Federal; AT&T; Aditi Consulting; Alkami; Alkermes; Amatriot Group; Amentum; Anduril; Apex Systems; Apidel Technologies; Atlanta, GA; BAE Systems; Bank of America; Beyond SOF; Biamp; Booz Allen Hamilton; Broadridge; Butlr; By Light HQ; By Light Professional IT Services; CGI; CNA; CVS Health; Cadence Systems; Canoo Technologies; Capstone; Cedar Rapids, IA; Chandler, AZ; ConglomerateIT; Connexion Systems and Engineering, Inc.; CoreWeave; CrowdStrike; DATAMAXIS, Inc; DFO Referrals; Dayforce; DeepSight Technology; DevSelect; Diagrid; Digital Technology Solutions; Duetto Research; ENTRUST; EY; Empresent Global, LLC; Encode; Engine; Eversource Energy; Fast Switch; Ford Motor Company; Fresenius Kabi; General Dynamics Information Technology; Genesis10; GreyCell Labs, Inc; Guild Talent; Heads Up Technologies; Hewlett Packard Enterprise; Hexaware Technologies, Inc; Highmark Health; HubSync Co; Hudson Manpower; IFLOWSOFT Solutions Inc.; ITCE Services; Impinj; InfoVision, Inc.; Infomatics Corp; Infosys; Innovative Defense Technologies; Innovative Information Technologies, Inc; Insight Global; Intercontinental Exchange; Iridium Satellite; Istari Digital; J&J Family of Companies; JLL; JPMorgan Chase; JPMorganChase; K2 Space; Kforce Technology Staffing; Knowledge Builders; Kratos Defense and Security Solutions; LCG; LVT; Lockheed Martin; M&T Bank; M. C. Dean; MAG; Magnus Technology Solutions; ManpowerGroup; Mastercard; Maximus; McDonald's; Medline Industries; Motion Recruitment Partners, LLC; NS2 Mission; NTT America, Inc.; NTT Data Americas, Inc.; NVIDIA; National Life Insurance Company; New York Life Insurance Co; NexTurn, Inc.; Nisum; Northramp LLC; Northrop Grumman; OSTTRA; Openkyber; Parmesoft Inc.; Paysafe Group; Peraton; Purple Drive; Quanta Search; Quantum Default Brand; RELX; REsurety, Inc.; RTX; Recru; Redolent; Relativity Space; Request Technology, LLC; Resmed; Rockwell Automation; S&P Global; S3; SAP; SSTech LLC; Sage IT Inc; SageCor Solutions; Sailboat Talent Group; SciTec; Scientific Research Corporation; Skrill; Snap; Sonatus; State Street; Tata Consultancy Services; TekCommands Inc; TekLeaders, Inc; Thinkbyte Consulting, Inc.; Torc Robotics; True Anomaly; Truist; Truveta; US Tech Solutions; UnitedHealth Group; Unknown, NH; V2Soft; Veeam Software; Voya Financial; Walmart; Wayve"
2026-06-01,Guidewire,us,1000,964,36,127,14,AGILITYARC TECH SOLUTIONS INC.|https://www.adzuna.com/details/5745042239?utm_medium=api&utm_source=b9c24709; American Family Mutual Insurance Company|https://www.adzuna.com/details/5746315385?utm_medium=api&utm_source=b9c24709; ConglomerateIT|https://www.adzuna.com/land/ad/5744697420?se=gPMTl5Vd8RGbGvW-bcCcHA&utm_medium=api&utm_source=b9c24709&v=306EFBDE8A935DF9C48561570F958203432FEF56; Fourth Yuga Tech LLC|https://www.adzuna.com/land/ad/5740636955?se=nO1JlpVd8RGbGvW-bcCcHA&utm_medium=api&utm_source=b9c24709&v=C0CCD4C0F393D4086C5D3FB3344362065557570E; Fusion Life Sciences|https://www.adzuna.com/details/5746023143?utm_medium=api&utm_source=b9c24709; LumiJobs|https://www.adzuna.com/details/5710863421?utm_medium=api&utm_source=b9c24709; New Age Software Services Corporation|https://www.adzuna.com/details/5744273321?utm_medium=api&utm_source=b9c24709; Pekin Insurance Careers|https://www.adzuna.com/details/5746385185?utm_medium=api&utm_source=b9c24709; Purple Hires|https://www.adzuna.com/land/ad/5745021201?se=6iLNlJVd8RG1g60cORqbZQ&utm_medium=api&utm_source=b9c24709&v=56A30ABF75EEA85E84279FA6ACC4AF71314C4489; Source Code Technologies LLC|https://www.adzuna.com/land/ad/5743707298?se=VowKpZVd8RGbGvW-bcCcHA&utm_medium=api&utm_source=b9c24709&v=6150D4F4730C775027C88C6D069A0F6580A1BA8B; TekCommands Inc|https://www.adzuna.com/details/5744037803?utm_medium=api&utm_source=b9c24709; Vega Intellisoft Inc.|https://www.adzuna.com/land/ad/5744694407?se=nO1JlpVd8RGbGvW-bcCcHA&utm_medium=api&utm_source=b9c24709&v=F3C5F307F002DDA9AFD0661C28D088B4C485DFFA; Vertical Falls LLC|https://www.adzuna.com/land/ad/5743709002?se=gPMTl5Vd8RGbGvW-bcCcHA&utm_medium=api&utm_source=b9c24709&v=27F1BCFEE707ED4748D3CC902813C20515A6E605; head-huntress.com|https://www.adzuna.com/details/5740490707?utm_medium=api&utm_source=b9c24709,"AAA; AGILITYARC TECH SOLUTIONS INC.; Accellor; Akaasa Technologies; American Family Mutual Insurance Company; American Traveler; Apptad Inc; Aptino; Aroha Technologies; Assurant; Astra North Infoteck Inc.; Axiom Global Technologies, Inc.; BP&C; Berkley; Beth Israel Lahey Health; Blue Cross Blue Shield of Michigan; Bright Vision Technologies; Buaut; CCC Intelligent Solutions; CYNET SYSTEMS; Canal Insurance Company; Capgemini; Catholic Medical Center; Charter Global, Inc.; ClifyX; Cloudious; Cloudpaths; Cognizant; Collaborate Solutions, Inc.; Columbia Insurance; Columbus, OH; ConglomerateIT; Cordova; Dallas, TX; Datum Software, Inc.; Decision Six Inc.; Deloitte; ECCLESIASTES INC; EY; Edison, NJ; Elite Technical; Erie Insurance Group; Excelon Solutions LLC; FCCI; Farmers Mutual Insurance Company Of Nebraska; Fixity Technologies; Fourth Yuga Tech LLC; Frankenmuth Insurance; Fusion Life Sciences; Fusion Medical Staffing-Cath Lab; Genesis NGN Inc.; Great American Insurance Company; Greater New York Mutual Insurance Company; HDI Global Insurance Company; HTC Global Services; Heritage Mga Llc; Hermitage Infotech; Inclined; Infinity Tech Group Inc; Inherent Technologies; Innovise IT LLC; Insight Global; JBA International; Jean Martin, Inc; Judge Group, Inc.; K-Tek Resourcing LLC; K2 Insurance Services, LLC; Kemper; Key2Source; Keylent Inc; Last Word Consulting; Legacy Health; Levi, Ray & Shoup; Liberty Mutual; Lorven Technologies, Inc.; LumiJobs; Medical Solutions; Mercury Insurance Services, LLC; Methodist Health System; National Indemnity Company; New Age Software Services Corporation; New York Technology Partners; New York, NY; Next Level Business Services, Inc.; Openkyber; Pekin Insurance Careers; PricewaterhouseCoopers; Professional Search Group; Prudent Technologies and Consulting; Purple Hires; PwC; Pyramid Technology Solutions, Inc.; RBGlobal; Robert Half; S3; San Antonio, TX; Sharpedge Solutions; Shrive Technologies LLC; Source Code Technologies LLC; Sprocket Staffing Services; Stellent IT LLC; SysMind, LLC; TEKsystems c/o Allegis Group; Talent Search PRO; Tata Consultancy Services; TekCommands Inc; TekDallas; UFG Career; USAA; USG, Inc.; United Auto Insurance; VCS Digital LLC; Vega Intellisoft Inc.; Vertical Falls LLC; Virtual Networx; Western Reserve Group; Williamson Health; Wipfli; Xcutives.com Inc; Xenter; Yochana IT Solutions; Zenotis Technologies INC; Zodiac Solutions Inc.; eSense Incorporated; head-huntress.com; i3; iBridge Techsoft LLC"
2026-06-01,Agilysys,us,66,66,0,57,6,"Amherst College|https://www.adzuna.com/land/ad/5746305323?se=Gg_SpZVd8RGbGvW-bcCcHA&utm_medium=api&utm_source=b9c24709&v=BCC3FF5A4BD5006648D75B787F142E91E8D3AD5C; Diverse Concepts, LLC|https://www.adzuna.com/details/5746095815?utm_medium=api&utm_source=b9c24709; Miccosukee Resort & Gaming|https://www.adzuna.com/details/5746153077?utm_medium=api&utm_source=b9c24709; Mohawk Casino|https://www.adzuna.com/details/5745453578?utm_medium=api&utm_source=b9c24709; Six Flags|https://www.adzuna.com/land/ad/5744105459?se=Gg_SpZVd8RGbGvW-bcCcHA&utm_medium=api&utm_source=b9c24709&v=3105DEBC3346537238F6D6E1ABEA66DFD9E97515; The Otesaga Resort Hotel|https://www.adzuna.com/land/ad/5746993264?se=Gg_SpZVd8RGbGvW-bcCcHA&utm_medium=api&utm_source=b9c24709&v=5F16A87E1C77D0AA0904B1DD861735D7CF664B0C","7 Cedars Resort; AZUL Hospitality; Amherst College; Bluewater Casino & Resort; Casino and; Catawba Two Kings Casino; Chicken Ranch Casino; Coeur d'Alene Casino Resort Hotel; Compass Group, North America; Crescent Careers; Diverse Concepts, LLC; Dream Golf; Firebrand; Fort Mcdowell Golf Club; Gaming Enterprise; Grand Lake Casino; Halekulani Hotel; Hilton Grand Vacations; Houstonian; Inn of the Mountain Gods; Ithaka Hospitality Partners; Kaweah Delta Health Care District; Kiawah Resort; LV Search Partners; Lake Lawn Resort; Las Vegas, NV; Life Time; Link Technologies; Lucky Eagle Casino; Maverick Colorado; Miccosukee Resort & Gaming; Mohawk Casino; Ocean Casino Resort; Ojo Caliente Holdings; Otesaga Hotel.; Paloma Legacy; Photon Group; Prairie Meadows; Property Management; Pure Events Lp; Q Casino + Resort; Salamander Palm Beach Employer; Sand Valley; Santa Clara Development Corporation; Seneca Gaming Corporation; Shore Lodge Whitetail; Six Flags; Smoky Mountain Resorts; Spooky Nook Sports; Squaxin Island Gaming Enterprise; Star Casino; Table Mountain Casino Resort; The Boca Raton; The Las Olas Company / Riverside Hotel; The Otesaga Resort Hotel; Treetops Resort; ilani Casino Resort"
2026-06-01,Qualys,us,762,730,32,320,56,"1 Point System|https://www.adzuna.com/land/ad/5741607070?se=yHEGp5Vd8RGUJNJexxfy6Q&utm_medium=api&utm_source=b9c24709&v=D5949393231C0F5252713F037F25228CC7B1F74C; ATL Professional Services|https://www.adzuna.com/land/ad/5744188793?se=durKrJVd8RGUJNJexxfy6Q&utm_medium=api&utm_source=b9c24709&v=3B3C3B641316812A349B9AE6D0371FE2ECF48014; AllSTEM Connections Careers|https://www.adzuna.com/land/ad/5746448883?se=HCQ_qZVd8RG1g60cORqbZQ&utm_medium=api&utm_source=b9c24709&v=5B6C7E58990ECEC802438F6F01278ACFD6C381CA; American Credit Acceptance|https://www.adzuna.com/details/5743004408?utm_medium=api&utm_source=b9c24709; American IT Systems|https://www.adzuna.com/land/ad/5743565206?se=FrG-p5Vd8RGbGvW-bcCcHA&utm_medium=api&utm_source=b9c24709&v=10E3C762C3718D8B49F4A69237A720DCA190BF0E; Apetan Consulting|https://www.adzuna.com/land/ad/5742823300?se=yHEGp5Vd8RGUJNJexxfy6Q&utm_medium=api&utm_source=b9c24709&v=8F38EEACD0AB16FB71C63BDDED046170E1D791A5; Armis|https://www.adzuna.com/land/ad/5743351046?se=gF99qJVd8RG1g60cORqbZQ&utm_medium=api&utm_source=b9c24709&v=C7F6A799BEB60D9C2573299D32E7E5ECA9E0D162; Ascension|https://www.adzuna.com/details/5671698904?utm_medium=api&utm_source=b9c24709; Brilliant Infotech Inc|https://www.adzuna.com/details/5742798798?utm_medium=api&utm_source=b9c24709; CVS Health|https://www.adzuna.com/land/ad/5745096145?se=yHEGp5Vd8RGUJNJexxfy6Q&utm_medium=api&utm_source=b9c24709&v=7207D34A58E44C5F2857DB073ED8CF6BBECB59AF; Cambridge Public Schools|https://www.adzuna.com/land/ad/5742134434?se=smWVrZVd8RGUJNJexxfy6Q&utm_medium=api&utm_source=b9c24709&v=02988F65B2B52354C3E122C5A103C61AC4DE298A; Capricor Therapeutics|https://www.adzuna.com/details/5736106508?utm_medium=api&utm_source=b9c24709; Christian Care Ministry|https://www.adzuna.com/details/5743005872?utm_medium=api&utm_source=b9c24709; Conch Technologies Inc|https://www.adzuna.com/details/5741730032?utm_medium=api&utm_source=b9c24709; DLH|https://www.adzuna.com/details/5744192295?utm_medium=api&utm_source=b9c24709; DRW|https://www.adzuna.com/details/5742921625?utm_medium=api&utm_source=b9c24709; DivIHN Integration Inc|https://www.adzuna.com/details/5741729153?utm_medium=api&utm_source=b9c24709; Epic Charter School|https://www.adzuna.com/details/5744438169?utm_medium=api&utm_source=b9c24709; FCC Environmental Services|https://www.adzuna.com/details/5746310043?utm_medium=api&utm_source=b9c24709; Fidelity|https://www.adzuna.com/details/5745362505?utm_medium=api&utm_source=b9c24709; Focus Financial Partners|https://www.adzuna.com/details/5744314466?utm_medium=api&utm_source=b9c24709; Futran Tech Solutions Pvt. Ltd.|https://www.adzuna.com/details/5746401843?utm_medium=api&utm_source=b9c24709; Glocomms|https://www.adzuna.com/details/5741772954?utm_medium=api&utm_source=b9c24709; Grapevine-Colleyville ISD|https://www.adzuna.com/details/5744419908?utm_medium=api&utm_source=b9c24709; Hexaware Technologies, Inc|https://www.adzuna.com/land/ad/5743637852?se=yHEGp5Vd8RGUJNJexxfy6Q&utm_medium=api&utm_source=b9c24709&v=79174BBD4F28622BA04787692C9555497C6DD0D1; Honu Services|https://www.adzuna.com/land/ad/5744275323?se=yHEGp5Vd8RGUJNJexxfy6Q&utm_medium=api&utm_source=b9c24709&v=A32F37C02419CD7204778C377459733CB387D237; InfiCare Technologies|https://www.adzuna.com/land/ad/5744965103?se=FrG-p5Vd8RGbGvW-bcCcHA&utm_medium=api&utm_source=b9c24709&v=2470B8F3F8BA1CAC42BB9A4894A6EEC8478A6891; Investar Bank National As|https://www.adzuna.com/details/5745353310?utm_medium=api&utm_source=b9c24709; Johns Manville|https://www.adzuna.com/details/5745245936?utm_medium=api&utm_source=b9c24709; Jones College Inspiring Greatness|https://www.adzuna.com/details/5744401409?utm_medium=api&utm_source=b9c24709; Liquidity Services|https://www.adzuna.com/details/5741069241?utm_medium=api&utm_source=b9c24709; Lucrotec, LLC|https://www.adzuna.com/land/ad/5743637807?se=_rcXq5Vd8RGbGvW-bcCcHA&utm_medium=api&utm_source=b9c24709&v=611CF03717373F0FCB037B6A95F572319493115F; MITRE Corporation|https://www.adzuna.com/land/ad/5740527714?se=PuYEqpVd8RGibqjoNFhLbg&utm_medium=api&utm_source=b9c24709&v=7276F896977372E05A5700DE37CB85ECB9A768C9; ManTech International|https://www.adzuna.com/land/ad/5743409774?se=yHEGp5Vd8RGUJNJexxfy6Q&utm_medium=api&utm_source=b9c24709&v=D3FFC77BDF2B7A5F876819C0A9CD7513D32E6CDC; Montgomery County|https://www.adzuna.com/details/5743182512?utm_medium=api&utm_source=b9c24709; Nlets|https://www.adzuna.com/details/5745382425?utm_medium=api&utm_source=b9c24709; Old National Bank|https://www.adzuna.com/details/5745489442?utm_medium=api&utm_source=b9c24709; P3S Capital Holdings|https://www.adzuna.com/details/5743056919?utm_medium=api&utm_source=b9c24709; PTR Global|https://www.adzuna.com/land/ad/5744181435?se=FrG-p5Vd8RGbGvW-bcCcHA&utm_medium=api&utm_source=b9c24709&v=36B117E1D2731192BDB428DCBFFAC49FFE0AE8C0; Pinnacle Technical Resources|https://www.adzuna.com/details/5747264159?utm_medium=api&utm_source=b9c24709; Qualis LLC|https://www.adzuna.com/land/ad/5746406606?se=yHEGp5Vd8RGUJNJexxfy6Q&utm_medium=api&utm_source=b9c24709&v=CE85A43A8DCD73C90AE2048A12C72451F6B416E6; Recutify Inc.|https://www.adzuna.com/details/5745044118?utm_medium=api&utm_source=b9c24709; Select Minds LLC|https://www.adzuna.com/land/ad/5743352568?se=FrG-p5Vd8RGbGvW-bcCcHA&utm_medium=api&utm_source=b9c24709&v=04AE7C4C34E6156C448F06313555F7125B963A73; State of Florida|https://www.adzuna.com/details/5740829907?utm_medium=api&utm_source=b9c24709; Stellar IT Solutions|https://www.adzuna.com/land/ad/5744695950?se=yHEGp5Vd8RGUJNJexxfy6Q&utm_medium=api&utm_source=b9c24709&v=DE4C25F78243B54394114AB5C92BDFA9464145D3; TalAlly LLC|https://www.adzuna.com/land/ad/5741327258?se=FrG-p5Vd8RGbGvW-bcCcHA&utm_medium=api&utm_source=b9c24709&v=C5459C89A1A12E6511813BC0EA35058242D02195; Techgene Solutions LLC|https://www.adzuna.com/land/ad/5742701256?se=FrG-p5Vd8RGbGvW-bcCcHA&utm_medium=api&utm_source=b9c24709&v=2521B02014AAD845ED06AD6E0D48E341247920A9; The H and S Family of Bakeries|https://www.adzuna.com/details/5745113994?utm_medium=api&utm_source=b9c24709; TrellisWare Technologies|https://www.adzuna.com/details/5746359705?utm_medium=api&utm_source=b9c24709; Tri-Force Consulting Services Inc|https://www.adzuna.com/land/ad/5744640307?se=FrG-p5Vd8RGbGvW-bcCcHA&utm_medium=api&utm_source=b9c24709&v=DA82748D58BA186C93D6392F26EA7C31A5FD541A; University of Washington|https://www.adzuna.com/land/ad/5743059647?se=smWVrZVd8RGUJNJexxfy6Q&utm_medium=api&utm_source=b9c24709&v=2D3DA10EB777A17B71BD7BC0A86B51ABAEA0239A; WEP-USA LLC|https://www.adzuna.com/details/5741387163?utm_medium=api&utm_source=b9c24709; WorkInCryptoGlobal|https://www.adzuna.com/details/5743133095?utm_medium=api&utm_source=b9c24709; Workday|https://www.adzuna.com/details/5746228531?utm_medium=api&utm_source=b9c24709; Yoh - A Day & Zimmerman Company|https://www.adzuna.com/land/ad/5741512530?se=HCQ_qZVd8RG1g60cORqbZQ&utm_medium=api&utm_source=b9c24709&v=68CB8EAD15D109488394D134AA0330A2009C35A3; Zealogics.com|https://www.adzuna.com/details/5744025329?utm_medium=api&utm_source=b9c24709","1 Point System; ADP; ADPMN INC; AECOM; APN Consulting Inc; ASM Research, An Accenture Federal Services Company; ATL Professional Services; Abbott; Ag Jobs; AgreeYa Solutions; Ahead; Air Apps; Akaasa Technologies; Aledade; Alkami; All County Home Health and Hospice; AllSTEM Connections Careers; AlphaSense; American Credit Acceptance; American Heart Association; American IT Systems; Analog Devices; Apache Behavioral Health Services; Apetan Consulting; Apex Systems; Aretec Open Opportunites; Armis; Armison Tech; Ascension; Ascensus; Aspen Dental; AspenView Technology Partners; BBVA; BNY Mellon; BOAB Ventures; Bank of America; Barclays; Barnstable Public Schools; Batesville Tool & Die; Belcan, LLC; Beyond SOF; BigBear.ai; Bismarck Public Schools; Booz Allen Hamilton; Boston Government Services, LLC; Boston Public Schools; Brightli; Brilliant Infotech Inc; Bristol Bay Native Corportation; Bristol Myers Squibb; CACI; CGI; CIM Group; COLSA Corporation; CVS Health; Cambridge Public Schools; Capgemini; Capital One; Capricor Therapeutics; Carnival Corporation; Carrier; Catawba Two Kings Casino; Celonis; Cetera Financial Group; Champion Home Builders Inc.; Christian Care Ministry; Citizens; City of Atlanta; City of Cathedral City; City of Sunnyvale; Cognizant; Columbia, SC; Comcast; CommonSpirit Health; Compass Group, North America; Conch Technologies Inc; Conifer Health Solutions; Construction Resources; Core Specialty Insurance Services; Corient; DLH; DRW; DTCC; Deloitte; Deriva Energy; Dew Softech Inc; Digital Technology Solutions; DivIHN Integration Inc; Drawbridge Partners; Dublin City Schools; Dyopath; ECG Management Consultants; ERG; EXOS; EY; Early Warning Services, LLC; Educational Service Center of Central Ohio; Elbit America; Electrosoft; Emanuel Medical Ctr; Empire State Realty Trust; Entarian; Enterris Associates; Envelop Group; Epic Charter School; Evolver; FCC Environmental Services; Falmouth Public Schools; Fidelity; Florida Department of Financial Services; Focus Financial Partners; Forcepoint; Forescout Technologies; Fortinet; Freedom Technology Solutions Group; Fujitsu; Futran Tech Solutions Pvt. Ltd.; GBOE; GM Financial; Gainwell Technologies LLC; Genesis Capital; Glocomms; Godwins Gatorland; Goldbelt Inc; Google; GovCIO; Gowanda Electronics.; Grandview; Grapevine-Colleyville ISD; Greenboard; GuidePoint Security; Guidehouse; HP; Hazelwood School District; Herron High School; Hexagon US Federal; Hexaware Technologies, Inc; Holland & Knight; Holtec International; Honeywell; Honu Services; Hyperproof; INPO External; INSPYR Solutions; INTECH Process Automation; InfiCare Technologies; InquisIT; Insight Global; Investar Bank National As; Island Finance; Ivalua; J5 Consulting; Jbs Usa; Johns Manville; Jones College Inspiring Greatness; Jose Merciline; Judge Group, Inc.; KPMG; Kelly Services; Kforce Technology Staffing; Koniag Government Services; Leading Path Consulting; Leidos; Lenz Therapeutics; LexisNexis; Lightning AI; Liquidity Services; Lockheed Martin; Lucrotec, LLC; Lumin Digital; MITRE Corporation; ManTech International; Maze; Metropolitan Transportation Authority; Miami, FL; Microsoft Corporation; Milbank LLP; Mitsubishi UFJ Financial Group; Montgomery County; Motion Recruitment Partners, LLC; Muleshoe ISD; NEW TREW Site; NTT America, Inc.; Nanite; Nenni and Associates; NeoSystems Careers; New York Life Insurance Co; New York, NY; NewVision Software & Consultancy Pvt. Ltd; NewVison; Nidec; Nlets; Northern Light; Northramp LLC; Northrop Grumman; Office Depot; Ogden City Corporation; Okta; Old National Bank; OneMain Financial; OpenRouter; Openkyber; Operation Breakthrough; Origin Bank; P3S Capital Holdings; PTR Global; Persistent Systems; Phreesia; Pinnacle Technical Resources; Pitney Bowes; Point72; PowerPlan, Inc; Prairie City Monroe Community School District; Princeton Independent School District; Prudential Financial; QualiTech; Qualis LLC; Quantinuum; Quantum World Technologies Inc.; Quest Diagnostics; RELX INC; RSM; Randstad Digital; Recutify Inc.; Redesign; Renu Energy Solutions; Resolutions Hospice Austin; Restaurant Brands International; Reston, VA; Rhodian Group; Rishabh Software Pvt. Ltd; Roane County Schools; Robert Half; Ruri Software Technologies LLC; SAIC; SailPoint; Saint Xavier University; Salt Lake Community College; Samsung SDS America; San Francisco, CA; Sandhills Community College; Select Minds LLC; Sentara Hospitals; Sequoia Connect; Sherpa 6; Siemens Healthineers; Sikich; SkyePoint Decisions; Solana Technology; Southern Utah University; Spring Grove Area School District; Springs Fabrication Master; Stanford University; State of Florida; Stellar IT Solutions; Stellent IT LLC; Stillwater Sciences; Sunrun; Superior Support Resources; SysLogic, Inc.; T. Rowe Price; TCC Toyota Motor Credit Corporation Company; TE Connectivity; TRC Talent Solutions; Take-Two Interactive Software; TalAlly LLC; Tampa, FL; Techgene Solutions LLC; Techximius; The Giant Bullseye; The H and S Family of Bakeries; The Jeffcoat Firm Injury & Accident Lawyers PA; The MITRE Corporation; The OCC; The ODP Corporation; The Search Solutions, LLC; The Timberline Group; The Vanguard Group; The Weather Company; Three Rivers/Josephine County Sd; Toyota Motor North America; Trailboss Enterprises; TransCore; TrellisWare Technologies; Tri-Force Consulting Services Inc; True Anomaly; Two95 International Inc.; Tyler Technologies; UO HR Website; UltraViolet Cyber; University of New Mexico; University of Rochester; University of Washington; Utilities Service, LLC; Utilitra; V2X; VDart Inc; VHC Health; Verizon; Versa Networks; Virtuoso, Ltd.; Vultr; WEP-USA LLC; Wakefield Public Schools; West Advanced Technologies, Inc.; Williams International; WorkInCryptoGlobal; Workday; Yoh - A Day & Zimmerman Company; Yondr Group; Zachary Piper Solutions, LLC; Zapcom Group; Zealogics.com; Zermount; cFocus Software Incorporated; cFocus Softwareorporated; i360technologies; mSupply; nLeague; restor3d"
2026-06-08,Varonis,us,432,378,54,59,9,"AFL|https://www.adzuna.com/details/5752830445?utm_medium=api&utm_source=b9c24709; Addison Group|https://www.adzuna.com/land/ad/5755567639?se=4GkUNBJj8RGTyc16BXlIog&utm_medium=api&utm_source=b9c24709&v=126BD2540DA56176AF493907E38B1743063D75E8; Arkansas Blue Cross|https://www.adzuna.com/details/5750443531?utm_medium=api&utm_source=b9c24709; GD Information Technology|https://www.adzuna.com/land/ad/5754097466?se=IN9PORJj8RGTyc16BXlIog&utm_medium=api&utm_source=b9c24709&v=97F503667D06DA0197B8310C2F31539CF7DBB560; General Dynamics Information Technology|https://www.adzuna.com/land/ad/5753872622?se=HJo7NxJj8RGE9e3K275EOw&utm_medium=api&utm_source=b9c24709&v=4DA7D8888E9458BCCE3A88D64A8DDA8AB45D5A04; Idealforce|https://www.adzuna.com/land/ad/5748644825?se=cGabNBJj8RGHk5mrcEw0_Q&utm_medium=api&utm_source=b9c24709&v=5103C182972B06F1DE620765AA468F94D2F22580; NTT DATA Americas, Inc|https://www.adzuna.com/land/ad/5752238818?se=cGabNBJj8RGHk5mrcEw0_Q&utm_medium=api&utm_source=b9c24709&v=72F08B322CFEC671260FD626D1AC285EE4C35305; Pan American Health Organization|https://www.adzuna.com/details/5753001417?utm_medium=api&utm_source=b9c24709; Verito Solutions|https://www.adzuna.com/land/ad/5752478752?se=cGabNBJj8RGHk5mrcEw0_Q&utm_medium=api&utm_source=b9c24709&v=D59E10D824F94F645150BB30FA4561147BB49392","AE Business Solutions; AFL; Addison Group; American Institutes for Research; Apex Systems; Arkansas Blue Cross; Axiom Path; BOOZ, ALLEN & HAMILTON, INC.; Bloomberg; Booz Allen Hamilton; Brown Investment Advisory & Trust; CC Pace Systems; Cinch Careers Page- External; Con Edison; Deloitte; Dinsmore; East West Bank; FAIRWINDS Credit Union; GD Information Technology; General Dynamics Information Technology; GuidePoint Security; HAYS; HD Supply; IBM; INSPYR Solutions; Idealforce; Insight Global; Keaki Technologies; Kentro; MSP Hire; Mohegan; Morgan Stanley; NMDP; NSD International, Inc.; NTT America, Inc.; NTT DATA Americas, Inc; Nth Generation; Openkyber; PSFCU Careers; Pan American Health Organization; Proofpoint; RGA; Red River; Regeneron Pharmaceuticals; Regent University; Robert Half; SHI; SMBC; SPHERE Technology Solutions; SPS Consulting; SourcePro Search; System One; TEKsystems c/o Allegis Group; Teramind; US Offices & Unit; Upstart; Verathon, Inc.; VeridianTech; Verito Solutions"
2026-06-08,Dynatrace,us,1000,955,45,276,35,"Akshaya Inc|https://www.adzuna.com/land/ad/5753743031?se=QnlJPRJj8RGE9e3K275EOw&utm_medium=api&utm_source=b9c24709&v=735BB23BB46FB5819DFFC71EE268965B48EDF0FC; Bart & Associates, LLC|https://www.adzuna.com/land/ad/5753360155?se=_oBtQRJj8RGHk5mrcEw0_Q&utm_medium=api&utm_source=b9c24709&v=A90C2F5153DACEB3972D7D2434B3486C3A1C1A70; Bath & Body Works|https://www.adzuna.com/land/ad/5722343897?se=4jLwRhJj8RGHk5mrcEw0_Q&utm_medium=api&utm_source=b9c24709&v=1D790486331771A867926D52F3B1ED8278F18C32; Blackstone Talent Group|https://www.adzuna.com/land/ad/5750807248?se=RLgHQxJj8RGHk5mrcEw0_Q&utm_medium=api&utm_source=b9c24709&v=40A40D6B492750CD3BA23017B6F5CBEA890B868F; Brain Bolt Consulting|https://www.adzuna.com/land/ad/5750881318?se=tKflQRJj8RGHk5mrcEw0_Q&utm_medium=api&utm_source=b9c24709&v=656FF154891FACEB06E596ED3B32FF763A9457DD; Citizens|https://www.adzuna.com/land/ad/5751467409?se=SgKPQxJj8RGdRr_vX6Ex8g&utm_medium=api&utm_source=b9c24709&v=9BF99A90246EF39923A7BFB374D3C6648F8188DF; ClinDCast, LLC|https://www.adzuna.com/land/ad/5752145148?se=Bn8QPhJj8RGd6PqkGNYdIg&utm_medium=api&utm_source=b9c24709&v=2B28A2D711CCC8687F0939C2D59ABA9B942925A1; Conquest Consulting|https://www.adzuna.com/land/ad/5753362450?se=_oBtQRJj8RGHk5mrcEw0_Q&utm_medium=api&utm_source=b9c24709&v=93A264464663540F7306E90B5837FAA9F3468499; Dia Software Solutions|https://www.adzuna.com/land/ad/5753362587?se=bkfKRBJj8RGdRr_vX6Ex8g&utm_medium=api&utm_source=b9c24709&v=47BA27CE10FAA7E56C480DE13FA837E8061DEF1C; Direct Line Workforce Solutions|https://www.adzuna.com/details/5755177412?utm_medium=api&utm_source=b9c24709; Fifth Third Bank, N.A.|https://www.adzuna.com/land/ad/5704136818?se=PpfqRRJj8RGI27gKLue9KA&utm_medium=api&utm_source=b9c24709&v=3C284463A0A0B40FB051C8B7C3DDCFEDA9E0BAC8; GE Vernova|https://www.adzuna.com/land/ad/5749954859?se=bkfKRBJj8RGdRr_vX6Ex8g&utm_medium=api&utm_source=b9c24709&v=05EE96E06072BDE29EC9F28719649E5EE8D38D0E; Hexaware Technologies, Inc|https://www.adzuna.com/land/ad/5749464347?se=tKflQRJj8RGHk5mrcEw0_Q&utm_medium=api&utm_source=b9c24709&v=2FCE3A48E4FD4AD5098758C6283C93DB9C0812AE; Hicks Professional Group|https://www.adzuna.com/land/ad/5750751638?se=pCjcPhJj8RGE9e3K275EOw&utm_medium=api&utm_source=b9c24709&v=8B7388D26FE54C223F250D4151C73414C8D58FD6; Hudson Manpower|https://www.adzuna.com/details/5750169984?utm_medium=api&utm_source=b9c24709; INGENworks|https://www.adzuna.com/land/ad/5752238773?se=Bn8QPhJj8RGd6PqkGNYdIg&utm_medium=api&utm_source=b9c24709&v=2263DC526225C999161C76ACC069EE766FAD2730; J-RAM IT Consulting Inc.|https://www.adzuna.com/land/ad/5752101653?se=QnlJPRJj8RGE9e3K275EOw&utm_medium=api&utm_source=b9c24709&v=B2BF5C529717340EB5E988FC539AB5C2643BF8FC; Key2Source|https://www.adzuna.com/details/5748448104?utm_medium=api&utm_source=b9c24709; Learn Beyond Consulting LLC|https://www.adzuna.com/land/ad/5753362558?se=Bn8QPhJj8RGd6PqkGNYdIg&utm_medium=api&utm_source=b9c24709&v=9D9C2CF3933E45ADEC63D5AA01072FD1A542DC1B; Medline Industries|https://www.adzuna.com/land/ad/5755298764?se=_oBtQRJj8RGHk5mrcEw0_Q&utm_medium=api&utm_source=b9c24709&v=ED666E3C22F907297080516CEAAB02296EFCEBB1; Modern Agile Technologies, LLC|https://www.adzuna.com/land/ad/5752197880?se=tKflQRJj8RGHk5mrcEw0_Q&utm_medium=api&utm_source=b9c24709&v=C57607D001B91E7026B65F386D99CBF20E5B3F76; Nasscomm, Inc.|https://www.adzuna.com/land/ad/5747956679?se=pCjcPhJj8RGE9e3K275EOw&utm_medium=api&utm_source=b9c24709&v=E733ED274948B07ED6C49CCCB899BB591741BBA4; Neodym Technologies|https://www.adzuna.com/land/ad/5753646446?se=Bn8QPhJj8RGd6PqkGNYdIg&utm_medium=api&utm_source=b9c24709&v=49F7478DFC52322C4C5771B01E24AFF47BB685A1; Orpine.com|https://www.adzuna.com/land/ad/5751199393?se=5EzcORJj8RGE9e3K275EOw&utm_medium=api&utm_source=b9c24709&v=DE55542FB96BF6D2EB54429231AD9AC7D25F909A; PAYCO The Clearing House Payments Company|https://www.adzuna.com/land/ad/5750030277?se=tKflQRJj8RGHk5mrcEw0_Q&utm_medium=api&utm_source=b9c24709&v=643E0DFC29D25E69AF6125024093D78EB3BA8D85; PenFed Credit Union|https://www.adzuna.com/details/5751318638?utm_medium=api&utm_source=b9c24709; Pinnacle Technical Resources|https://www.adzuna.com/land/ad/5755308353?se=Bn8QPhJj8RGd6PqkGNYdIg&utm_medium=api&utm_source=b9c24709&v=FD7CD01A8A3E23B7E8C06F70F73B14F36BD4EF81; Powder River Industries, LLC|https://www.adzuna.com/land/ad/5752875561?se=pgdwQhJj8RGd6PqkGNYdIg&utm_medium=api&utm_source=b9c24709&v=4DAC616AF8B696C54743ACC7D6CE69CB45B2D9ED; Programmers.io|https://www.adzuna.com/details/5753754522?utm_medium=api&utm_source=b9c24709; Quadrant Technologies|https://www.adzuna.com/land/ad/5752571721?se=Bn8QPhJj8RGd6PqkGNYdIg&utm_medium=api&utm_source=b9c24709&v=DA26102AA7335E7ED6BBB48C469C347EBCB0B423; SATCON Inc|https://www.adzuna.com/land/ad/5747722584?se=_oBtQRJj8RGHk5mrcEw0_Q&utm_medium=api&utm_source=b9c24709&v=260FF5307FBF654C7A2FCDC9BD0E50D0A0CC816B; Spar Information Systems|https://www.adzuna.com/land/ad/5752150912?se=tKflQRJj8RGHk5mrcEw0_Q&utm_medium=api&utm_source=b9c24709&v=F5432D39C35889D8643565F08B92F96F917B7ABA; Sriven Systems Inc.|https://www.adzuna.com/land/ad/5753646430?se=pgdwQhJj8RGd6PqkGNYdIg&utm_medium=api&utm_source=b9c24709&v=D2E0106298B9979E9E0F99BEE166EF184B41E964; Techgene Solutions LLC|https://www.adzuna.com/land/ad/5750881403?se=tKflQRJj8RGHk5mrcEw0_Q&utm_medium=api&utm_source=b9c24709&v=3AEBB49CCCB67B0539FEFD2876E5C02B02297B36; Zortech Solutions|https://www.adzuna.com/land/ad/5754622208?se=oJqUOxJj8RGTyc16BXlIog&utm_medium=api&utm_source=b9c24709&v=AC9DAD1D0AEF0DFE7B40C77FA003A00C916F3276","7N USA, Inc.; A1C Partners; ACI Infotech; ADPMN INC; ASCENDING; ASM Research, An Accenture Federal Services Company; Accenture; Akaasa Technologies; Akshaya Inc; Algo Soft Solutions LLC; American Builders and Contractors Supply Co; American Electric Power; American IT Systems; American Technology Consulting; Ampcus Inc; Amtex System Inc.; Anveta Inc; Apex Systems; Apidel Technologies; Apple; Applied Thought Auditors & Consultants Inc.; Apptad Inc; Aptino; Arohak Inc; Atika Tech; AutoZone, Inc.; Autodesk; BCforward; Bank of America; Bansar Technologies Inc.; Bart & Associates, LLC; Bath & Body Works; Bitsoft International, Inc.; Bizoforce Inc; Blackstone Talent Group; Brain Bolt Consulting; Brooksource; Burlington; C4 Technical Services; CGI Technologies and Solutions, Inc.; COOLSOFT; CTC USA, LLC; CTG; CVS Health; Calabitek; Camping World; Cardinal Health; Cardinal Integrated Technologies Inc; Case Interactive; Cayuse Holdings; Chandra Technologies, Inc.; Citigroup; Citizens; ClearBridge Technology Group; ClifyX; ClinDCast, LLC; Cognizant; Computer World Services Corp; Conch Technologies Inc; Conquest Consulting; Corning Incorporated; Corpay; CrewBloom; Cystems Logic; DB Orlando- NJ; DCode Talent; DTCC; DTEL Engineering & Consultants Inc; DXC Technology; Daten Technology Solutions; Deloitte; Description AutoZone; DevApps IT; Dew Softech Inc; Dexian DISYS; Dexperts Inc; Dia Software Solutions; Digipulse Technologies, Inc; Direct Line Workforce Solutions; Dminds Solutions Inc.; Donato Technologies Inc; Dunhill Professional Search; EPAM Systems; EchoStar; Eclaro; Eliassen Group; Endava; Essel; Eversource Energy; Exatech Inc; FEDRUS GLOBAL LLC; FIS Capital Markets; Fast Switch; Fervorly; Fifth Third Bank, N.A.; First Horizon Bank; Fiserv; Flexton Inc; Ford Motor Company; FreshDirect; Futran Solutions; GE Vernova; GRT Corporation; Galent; Genesis10; Genius Road; Georgia IT; Glint Tech Solutions LLC; Globalchannelmanagement; GovCIO; Government Systems Technologies Inc.; HCLTech; HCSC; HERS Advisors; HTC Global Services; Healthfirst Corporation; Hermitage Info Tech, LLC.; Hexaware Technologies, Inc; Hicks Professional Group; HigherEchelon; Home Depot; Hudson Manpower; Huntington National Bank; IBM; INGENworks; INSPYR Solutions; IT Associates, Inc.; ITRS; Idexcel Inc.; Infinite Computer Solutions; InfoVision, Inc.; Infomerica, Inc; Innova Solutions, Inc; Insight Global; Intercontinental Exchange; J-RAM IT Consulting Inc.; JBA International; JC Corporations Inc; JPMorgan Chase; JPMorganChase; JTEC-Consulting; Jobot; Judge Group, Inc.; KPG 99 Inc.; Kanor Systems; Key2Source; Kforce Technology Staffing; Koniag Government Services; Kutir Inc; LPL Financial Holdings, Inc.; LTS; Learn Beyond Consulting LLC; Litmus7 Systems Consulting Inc.; Lumen Solutions Group Inc.; Luminare Health Benefits; Macpower Digital Assets Edge; Maintec Technologies Inc; ManpowerGroup; Marriott; Mastech Digital; Mastercard; Medline Industries; Menzo; Merican Inc; Modern Agile Technologies, LLC; Motion Recruitment Partners, LLC; NIKE; Nasscomm, Inc.; Neodym Technologies; New Age Software Services Corporation; Nisum; Nobl Q, LLC.; Noblis; Obsidian Solutions Group; Openkyber; Optimal Inc.; Orpine.com; Otter Base; PAYCO The Clearing House Payments Company; PNC; PTR Global; PenFed Credit Union; Perficient; Photon; Pilvi Systems; Pinnacle Technical Resources; Powder River Industries, LLC; Prabhav Services Inc; Prism, Inc.; Procession Systems; Programmers.io; Prutech Solutions; Pyramid Consulting, Inc.; Pyramid Technology Solutions, Inc.; QTech US Inc; Qode; Quadrant Technologies; Quest Diagnostics; RNR IT Solutions, Inc.; RaceTrac; Radiant System, Inc; Randstad Digital; Raymond James Financial, Inc.; ResolveTech Solutions Inc.; Resource Management Concepts, Inc. - Rmc, Inc.; Reveille Technologies; Riptide Technology; S3 Connections LLC; SAP; SATCON Inc; SHI; Sage IT Inc; Saic; Sallie Mae; Sambasafety; Saransh Inc; Software Guidance & Assistance; Solugenix Corporation; South Geeks; Spar Information Systems; Sriven Systems Inc.; Staffxpert LLC; State Street; Stefanini; Sun Technologies,Inc.; Sunrise Systems, Inc.; Sysazzle; System One; Systems Integration Solutions, Inc.; TECH Tammina; TEKsystems; TSQ Systems Inc; Tech3pillars Technologies; TechSpace Solutions Inc.; Techgene Solutions LLC; Techstra Solutions; Techwizens LLC; TekLeaders, Inc; TekisHub Consulting Services; The Cigna Group; The Custom Group of Companies; The Hartford; The Timberline Group; Thin Technologies; Tixy Services LLC; Toyota Motor North America; Tranzeal, Inc.; Travelers Insurance Company; Trilux Tech LLC; Trinite Consulting Group; Truist; Two95 International Inc.; Uline; UnitedHealth Group; Up2date Technologies; V-Soft Consulting Group, Inc; V2Soft; VAK Consulting LLC; VDart Inc; Value Spectrum Technologies LLC; VeridianTech; Verito Solutions; Voto Consulting LLC; W3Global; Wells Fargo; Widescope Consulting and Contracting Services; Windward Consulting; Xoriant Corporation; Zen & Art; Zillion Technologies; Zortech Solutions; eStaffLLC; head-huntress.com; r2 Technologies, Inc.; shrikon; vaaridatech"
2026-06-08,LiveRamp,us,298,131,167,51,2,Nexla|https://www.adzuna.com/details/5750148058?utm_medium=api&utm_source=b9c24709; SPECTRUM Careers|https://www.adzuna.com/land/ad/5753724134?se=mNAbShJj8RGHk5mrcEw0_Q&utm_medium=api&utm_source=b9c24709&v=DE13E2EDB2F692A126F807587DE1A42949B0C9FB,"AEG Presents; AEG Worldwide; Accenture; Advance Local; Affinity Solutions; Albertsons; Attain; CVS Health; Capgemini; Cascadia Search; Citigroup; Colgate-Palmolive; Comulate; Concentrix; Dollar General; EDO; EchoStar; Etsy; Fluent, LLC; Gartner; Gilead Sciences; Instacart; KORTX; Kepler Group; Lundbeck; Marriott; NBC Universal; NCM Careers; Nexla; Proxima; Publicis Groupe Holdings B.V; Rational 360; Redi-Mail / RediData; Resonate; Roku; SPECTRUM Careers; Samba; Samsung; Sanofi; Shaper Capital; Snowflake; Synchrony; Take-Two Interactive Software; The New York Times; The Walt Disney Company; Tinuiti; Uber; UnitedHealth Group; Universal Orlando; dentsu; eBay"
2026-06-08,nCino,us,632,615,17,139,14,"Academy Bank|https://www.adzuna.com/land/ad/5751933793?se=xpmEThJj8RGd6PqkGNYdIg&utm_medium=api&utm_source=b9c24709&v=D49F2F63710F7099CF12CCE2DF5B1426D00B73F9; Ameris Bank|https://www.adzuna.com/land/ad/5750442185?se=UEp9UhJj8RGHk5mrcEw0_Q&utm_medium=api&utm_source=b9c24709&v=F8A880666319573E5CA992BAC1FD1B427AC38AA6; Archon Resources|https://www.adzuna.com/land/ad/5749346592?se=DAySTBJj8RGdRr_vX6Ex8g&utm_medium=api&utm_source=b9c24709&v=DAA12041F11A6F54E7EB1105830BA261F5819F09; Byteware Inc.|https://www.adzuna.com/land/ad/5750888006?se=DAySTBJj8RGdRr_vX6Ex8g&utm_medium=api&utm_source=b9c24709&v=567EFE91DA0223673694D270E38FD4B303536B74; DP Professionals Inc|https://www.adzuna.com/land/ad/5750882570?se=Eu7pTRJj8RGTyc16BXlIog&utm_medium=api&utm_source=b9c24709&v=2907F65DB312C8E572F4AEF2B4BD167C2B0CC29C; Intone Networks Inc|https://www.adzuna.com/details/5748443576?utm_medium=api&utm_source=b9c24709; KēSTA I.T.|https://www.adzuna.com/details/5749980050?utm_medium=api&utm_source=b9c24709; Privacy Policy|https://www.adzuna.com/details/5750036481?utm_medium=api&utm_source=b9c24709; Service Federal Credit Union|https://www.adzuna.com/details/5752943087?utm_medium=api&utm_source=b9c24709; Sia|https://www.adzuna.com/details/5753778319?utm_medium=api&utm_source=b9c24709; Smith Johnson Tech|https://www.adzuna.com/land/ad/5750099422?se=tgtjTxJj8RGI27gKLue9KA&utm_medium=api&utm_source=b9c24709&v=73315F0FE36B9BA0C49D9818D95FDE2C7E4C4BF2; SysMind, LLC|https://www.adzuna.com/land/ad/5748323167?se=pK05TRJj8RGTyc16BXlIog&utm_medium=api&utm_source=b9c24709&v=F4BF8786CA6398119364B3521D7528F9CB21C3EB; Taleo Social Sourcing|https://www.adzuna.com/details/5755234263?utm_medium=api&utm_source=b9c24709; Vy Systems|https://www.adzuna.com/land/ad/5750814748?se=Eu7pTRJj8RGTyc16BXlIog&utm_medium=api&utm_source=b9c24709&v=F1B7A65BDFE30A691AF6C867F701E9723E089D83","Academy Bank; Accenture; Amerant Bank; Amerantbank; AmeriServ Financial Bank; American AgCredit; American Pacific Mortgage; Ameris Bank; Archon Resources; Atlantic Coast Mortgage; Atlantic Union Bank Careers; Axos Bank; Banc of California; Banesco Usa; Bank of America; Bundoran Group; Busey Bank; Byline Bank; Byteware Inc.; C&F Bank; CBI Bank & Trust; CGI; CalPrivate Bank; Cathay Bank; Centennial Bank; Checkr; Coastal States Bank; Cognizant; Columbia Bank; ConnectOne Bank; Connexus Credit Union; Cornerstone Capital Bank; Customers Bank; DP Professionals Inc; DX Foundation; Dickinson Financial Corporation; Dieterich Bank; Earthmover Credit Union; Eastern Bank; EmployVision; Enterprise Bank and Trust; Evergreen Openings; Extractable; FAIRWINDS Credit Union; FNBO; Farm Bureau Bank; Farm Credit Florida; Farm Credit Mid-America; Farm Credit of Florida; Fifth Third Bank, N.A.; First Financial Bank; First Horizon; First Internet Bank; First National Bank Of Bastrop; First National Bank Of Pennsylvania; First National Bank of Omaha; Five Star Bank; Flagstar Bank; Fortis Bank; Fulton Bank; GalaxEsystems; Genesis Capital; German American Bancorp; Greenfield Savings; HTD Resources, LLC; HUNT Mortgage Corporation; Hancock Whitney Bank; Hills Bank; Insight Global; Intone Networks Inc; Investar Bank National As; JBA International; Judge Group, Inc.; KeyBank; Keylent Inc; Kforce Technology Staffing; KēSTA I.T.; Lead; Leader Bank; Live Oak Banking; LoanPro; Low Income Investment Fund; Luxury Mortgage; M&T Bank; MDMS Recruiting; MMC Group; Management Recruiters of Spokane; Member Business Financial Services; Midwest Bank Centre; Mld Mortgage; Monstro; Municipal Credit Union; NTT America, Inc.; National Cooperative Bank. N.A.; National Mortgage Staffing; Northern Bank; Peoples Bank; Photon Group; Platinum Bank; Privacy Policy; QTech US Inc; Regions Bank; Robert Half; Rockland Trust; S&T Bank; Sauk Valley Bank; Sb Financial Group Inc.; Service Federal Credit Union; Servisfirst Bank; Shore United Bank; Sia; Signal Financial Federal Credit Union; Smith Johnson Tech; South Shore Bank Roles; Southern Trust Mortgage; Southside Bank; Southstate Bank; Summit Bank; Sunflower Bank, N.A.; SysMind, LLC; TEKsystems; Taleo Social Sourcing; The Paducah Bank And Trust Company; The Symicor Group; Tri Counties Bank; Truist; Trustmark National Bank; U.S. Bank; Valley Bank; Vy Systems; WSFS Bank; WaFd Bank; Wells Fargo; West Monroe; Wintrust; Woodforest National Bank; Yosemite Farm Credit; Zennify; Zions Bancorporation"
2026-06-08,JFrog,us,534,506,28,151,21,"Accenture|https://www.adzuna.com/land/ad/5752642660?se=UC-UVhJj8RGTyc16BXlIog&utm_medium=api&utm_source=b9c24709&v=CD45195748A6973E3A9F8FDB1BAC400F5A740DB2; Accord Technologies Inc.|https://www.adzuna.com/details/5749868523?utm_medium=api&utm_source=b9c24709; Banner Health Corporate|https://www.adzuna.com/details/5750205126?utm_medium=api&utm_source=b9c24709; C5MI Insight|https://www.adzuna.com/details/5750293636?utm_medium=api&utm_source=b9c24709; Early Warning Services, LLC|https://www.adzuna.com/land/ad/5751752742?se=_D08WBJj8RGE9e3K275EOw&utm_medium=api&utm_source=b9c24709&v=D3DB4A06DDDD02961FDD82567CAE378B2853B75E; HTD Resources, LLC|https://www.adzuna.com/land/ad/5750767052?se=0uKHVRJj8RGI27gKLue9KA&utm_medium=api&utm_source=b9c24709&v=EE0F943810877D7D8B45B27075BF99917DB6CE6D; IT Engagements|https://www.adzuna.com/details/5749868790?utm_medium=api&utm_source=b9c24709; KeyBank|https://www.adzuna.com/details/5640933548?utm_medium=api&utm_source=b9c24709; L3Harris|https://www.adzuna.com/details/5754927531?utm_medium=api&utm_source=b9c24709; Life Insurance|https://www.adzuna.com/details/5503348275?utm_medium=api&utm_source=b9c24709; Medinext Global LLC|https://www.adzuna.com/land/ad/5749478752?se=0uKHVRJj8RGI27gKLue9KA&utm_medium=api&utm_source=b9c24709&v=52E00AA0FFB8364A13FC251B837DC29A237D4104; MphasiS Corporation USA|https://www.adzuna.com/land/ad/5750767095?se=AL8AVRJj8RGTyc16BXlIog&utm_medium=api&utm_source=b9c24709&v=91026D1DF315381F2E6BBB9818ADE942CD5A6180; NextGen IT Inc.|https://www.adzuna.com/land/ad/5753652424?se=LpaIVBJj8RGHk5mrcEw0_Q&utm_medium=api&utm_source=b9c24709&v=8E690FE1F4F8F2A5EE8542DA3645BE04FA7C49ED; OpenTeams|https://www.adzuna.com/details/5753094891?utm_medium=api&utm_source=b9c24709; Purplejack Technologies LLC|https://www.adzuna.com/land/ad/5749733644?se=0uKHVRJj8RGI27gKLue9KA&utm_medium=api&utm_source=b9c24709&v=39117175ECF044065A67625C6177E4EB595BB622; Salesforce|https://www.adzuna.com/details/5752759192?utm_medium=api&utm_source=b9c24709; TalentOla|https://www.adzuna.com/details/5752581560?utm_medium=api&utm_source=b9c24709; VTG|https://www.adzuna.com/land/ad/5750811353?se=LpaIVBJj8RGHk5mrcEw0_Q&utm_medium=api&utm_source=b9c24709&v=9BAAF20BD20358A7EDCE794DD28E640E41DF9264; Verisign|https://www.adzuna.com/details/5752913615?utm_medium=api&utm_source=b9c24709; World Bank Group|https://www.adzuna.com/details/5754136075?utm_medium=api&utm_source=b9c24709; Ztek Consulting|https://www.adzuna.com/land/ad/5749345731?se=LpaIVBJj8RGHk5mrcEw0_Q&utm_medium=api&utm_source=b9c24709&v=FD48BB9DDD11D87AFE9746A8E45938F2E5698636","3BEES TECHNOLOGIES INC; 4P Consulting; 6947-SHOCKWAVE MEDICAL Legal Entity; ADP; ASRC Federal; Accenture; Accord Technologies Inc.; Akaasa Technologies; Alkami; Alkermes; Amatriot Group; Amentum; American Credit Acceptance; Anduril; Apex Systems; Apidel Technologies; Bank of America; Banner Health Corporate; Beyond SOF; Biamp; Bits & Bytes Technology Solutions; Booz Allen Hamilton; Butlr; By Light HQ; By Light Professional IT Services; C5MI Insight; CNA; CVS Health; Cadence Systems; Canoo Technologies; Capstone; Cognizant; ConglomerateIT; Connexion Systems and Engineering, Inc.; CoreWeave; DATAMAXIS, Inc; DFO Referrals; Dayforce; DevSelect; Diagrid; Digital Technology Solutions; Duetto Research; EY; Early Warning Services, LLC; Empresent Global, LLC; Encode; Engine; Entrust; Eversource Energy; Fast Switch; Ford Motor; Fresenius Kabi; Genesis10; GreyCell Labs, Inc; Guild Talent; HTD Resources, LLC; Heads Up Technologies; Hexaware Technologies, Inc; Highmark Health; Hudson Manpower; IPS Technology Services; IT Engagements; ITCE Services; Impinj; InfoVision, Inc.; Infomatics Corp; Innovative Defense Technologies; Insight Global; Intercontinental Exchange; Iridium Satellite; Istari Digital; J&J Family of Companies; JLL; JPMorgan Chase; JPMorganChase; K2 Space; KeyBank; Kforce Technology Staffing; Kratos Defense and Security Solutions; L3Harris; LCG; LVT; Life Insurance; Lockheed Martin; M. C. Dean; MAG; ManpowerGroup; Mastercard; Maximus; McDonald's; Medinext Global LLC; Medline Industries; Medtronic; Morgan Stanley; Motion Recruitment Partners, LLC; MphasiS Corporation USA; NS2 Mission; NTT America, Inc.; NTT DATA Americas, Inc; NVIDIA; New York Life Insurance Co; NexTurn, Inc.; NextGen IT Inc.; Nisum; Northrop Grumman; OpenTeams; Openkyber; Parmesoft Inc.; Paysafe Group; Peraton; Purple Drive; Purplejack Technologies LLC; Quanta Search; RELX; REsurety, Inc.; RTX; Recru; Redolent; Relativity Space; Request Technology, LLC; Resmed; Rockwell Automation; S&P Global; Sage IT Inc; Sailboat Talent Group; Salesforce; SciTec; Scientific Research Corporation; Skrill; Snap; Sonatus; Sonatype; State Street; TalentOla; Thinkbyte Consulting, Inc.; Torc Robotics; True Anomaly; Truist; Truveta; Tyler Technologies; US Tech Solutions; UnitedHealth Group; V2Soft; VDart Inc; VTG; Verisign; Voya Financial; Walmart; Wayve; World Bank Group; Ztek Consulting"
2026-06-08,Guidewire,us,1000,963,37,128,22,"AQUA Information Systems, Inc.|https://www.adzuna.com/land/ad/5749462671?se=LnTCXxJj8RGdRr_vX6Ex8g&utm_medium=api&utm_source=b9c24709&v=E9662879D9615C81ACC26477C7244017936BA862; Advent Global Solutions, Inc.|https://www.adzuna.com/land/ad/5750887694?se=lKklYRJj8RGTyc16BXlIog&utm_medium=api&utm_source=b9c24709&v=057D35D36E676CC5DC7E89BF73C93E5179BF3F94; Argyle Infotech|https://www.adzuna.com/land/ad/5746144508?se=9BDWZhJj8RGE9e3K275EOw&utm_medium=api&utm_source=b9c24709&v=D0AB5D1202B7D410365288B4C346F8F81C8482A4; Beta Search Inc|https://www.adzuna.com/land/ad/5755298533?se=yL3ZZBJj8RGTyc16BXlIog&utm_medium=api&utm_source=b9c24709&v=18602E008618F95F60628EF66F365FDA30159273; COUNTRY Financial|https://www.adzuna.com/details/5755396940?utm_medium=api&utm_source=b9c24709; Damco Solutions|https://www.adzuna.com/land/ad/5740459265?se=XBWgZxJj8RGI27gKLue9KA&utm_medium=api&utm_source=b9c24709&v=D57F36744AFE744D76871BD412E6F91E99078218; Duke Clinical Research Institute|https://www.adzuna.com/land/ad/5745489736?se=9BDWZhJj8RGE9e3K275EOw&utm_medium=api&utm_source=b9c24709&v=4928C99E06337071D28551836FFFB7A5B3C2C7EC; E-Solutions|https://www.adzuna.com/land/ad/5745735595?se=yL3ZZBJj8RGTyc16BXlIog&utm_medium=api&utm_source=b9c24709&v=12FEB03EA755A9CDBAA91D7AF22CF011EE24D9C4; Farrmers Insurance|https://www.adzuna.com/land/ad/5755997653?se=fB4KZhJj8RGd6PqkGNYdIg&utm_medium=api&utm_source=b9c24709&v=4AA4CAE4968531D5496608EBB97C0F9E44A4686E; IT Gig LLC|https://www.adzuna.com/land/ad/5752469607?se=BsElXxJj8RGTyc16BXlIog&utm_medium=api&utm_source=b9c24709&v=60CFDD772FA4FEEC73B096435DDA6F812D0861D5; Infosys|https://www.adzuna.com/land/ad/5752846553?se=fB4KZhJj8RGd6PqkGNYdIg&utm_medium=api&utm_source=b9c24709&v=BB623BF41AF24DEEA40C5533281C6935C9F517C8; Lowell General Hospital|https://www.adzuna.com/land/ad/5740457536?se=BsElXxJj8RGTyc16BXlIog&utm_medium=api&utm_source=b9c24709&v=0BA9BC27CCF78EFFDBBD8BD2101449837F9F52E5; NMK Global Inc.|https://www.adzuna.com/land/ad/5753646418?se=2CNQZBJj8RGdRr_vX6Ex8g&utm_medium=api&utm_source=b9c24709&v=E126CE9053B6C0332EBEC07321D68CF6BC8BF1C4; Precision Scans INC|https://www.adzuna.com/land/ad/5755947793?se=XBWgZxJj8RGI27gKLue9KA&utm_medium=api&utm_source=b9c24709&v=2936F2D68E53623D1A3D22DCB0B24B8DD59B5B70; Quantum World Technologies Inc|https://www.adzuna.com/details/5752579768?utm_medium=api&utm_source=b9c24709; SSTech LLC|https://www.adzuna.com/land/ad/5750767104?se=Dmq2YxJj8RGHk5mrcEw0_Q&utm_medium=api&utm_source=b9c24709&v=D9F35E7BD1CFA6CFA4CB53DD1B99662D0158F335; SkylineIT Solutions|https://www.adzuna.com/land/ad/5752240318?se=9BDWZhJj8RGE9e3K275EOw&utm_medium=api&utm_source=b9c24709&v=BC3D94A599FD61F75C80A6F5F9B16D1538C3B973; StaffDNA|https://www.adzuna.com/land/ad/5736463963?se=fB4KZhJj8RGd6PqkGNYdIg&utm_medium=api&utm_source=b9c24709&v=D7626149953216321EEF7B9EBC030905ED255A3E; Synapse Business Systems|https://www.adzuna.com/land/ad/5742383364?se=yL3ZZBJj8RGTyc16BXlIog&utm_medium=api&utm_source=b9c24709&v=A7C71932B51F6C0EFAB17E84522DA89DD1BCB8D0; Tek Inspirations LLC|https://www.adzuna.com/land/ad/5749862457?se=fB4KZhJj8RGd6PqkGNYdIg&utm_medium=api&utm_source=b9c24709&v=5F9A6FAC0208C3A0FA1BBCB9AE25E2E4BBED14E8; Verito Solutions|https://www.adzuna.com/land/ad/5749736036?se=EnZrYhJj8RGd6PqkGNYdIg&utm_medium=api&utm_source=b9c24709&v=F986C9378F16680E7E559D1B3D345D40EC549046; ruchika@arsquaretech.com|https://www.adzuna.com/details/5753415269?utm_medium=api&utm_source=b9c24709","AAA; APLOMB Technologies; AQUA Information Systems, Inc.; Accellor; Advent Global Solutions, Inc.; Aerotek; Akaasa Technologies; American Family Mutual Insurance Company; American Traveler; Andre Global; Apptad Inc; Argyle Infotech; Aroha Technologies; Axiom Global Technologies, Inc.; BP&C; Berkley; Beta Search Inc; Beth Israel Lahey Health; Blue Cross Blue Shield of Michigan; Bright Vision Technologies; Buaut; COUNTRY Financial; Capgemini; Carle Health; ClifyX; Cloudious; Cloudpaths; Cognizant; Collaborate Solutions, Inc.; Columbia Insurance; ConglomerateIT; Cordova; Damco Solutions; Datum Software, Inc.; Deloitte; Duke Clinical Research Institute; E-Solutions; ECCLESIASTES INC; EY; Elite Technical; Erie Insurance; Excelon Solutions LLC; FCCI; Farmers Mutual Insurance Company Of Nebraska; Farrmers Insurance; Fixity Technologies; Fourth Yuga Tech LLC; Frankenmuth Insurance; Fusion Medical Staffing-Cath Lab; Galaxy i Technologies, Inc.; Genesis NGN Inc.; Great American Insurance Company; Greater New York Mutual Insurance Company; HDI Global Insurance Company; HTC Global Services; Hartford Healthcare; Heraeus Incorporated; Heritage Mga Llc; Hermitage Infotech; IT Gig LLC; Infosys; Innovise IT LLC; Insight Global; JBA International; Jean Martin, Inc; Judge Group, Inc.; K-Tek Resourcing LLC; Kemper; Key2Source; Keylent Inc; Kforce Technology Staffing; Last Word Consulting; Legacy Health; Levi, Ray & Shoup; Liberty Mutual; Lowell General Hospital; Medical Solutions; Mercury Insurance Services, LLC; Mercy; Methodist Health System; Michigan Farm Bureau; NMK Global Inc.; National Indemnity Company; Nationwide Mutual Insurance; New Age Software Services Corporation; New York Technology Partners; Next Level Business Services, Inc.; OhioHealth; Openkyber; Pekin Insurance Careers; Precision Scans INC; PricewaterhouseCoopers; Professional Search Group; Prudent Technologies and Consulting; Purple Hires; PwC; Quantum World Technologies Inc; Rivago infotech inc; Robert Half; S3; SSTech LLC; SkylineIT Solutions; Spear Staffing; Sprocket Staffing Services; StaffDNA; State Farm; Synapse Business Systems; SysMind, LLC; TEKsystems c/o Allegis Group; Talent Search PRO; Tek Inspirations LLC; Travelers; USAA; United Auto Insurance; Verito Solutions; Vertical Falls LLC; Virtual Networx; Western Reserve Group; Williamson Health; Wipfli; Xcutives.com Inc; Yochana IT Solutions; Zenotis Technologies INC; Zodiac Solutions; eSense Incorporated; i3; iBridge Techsoft LLC; ruchika@arsquaretech.com"
2026-06-08,Agilysys,us,71,60,11,47,1,Ute Mountain Casino Hotel|https://www.adzuna.com/details/5752734249?utm_medium=api&utm_source=b9c24709,"AZUL Hospitality; Amherst College; Bluewater Casino & Resort; Catawba Two Kings Casino; Chicken Ranch Casino; Coeur d'Alene Casino Resort Hotel; Compass Group, North America; Crescent Careers; Diverse Concepts, LLC; Firebrand; Fort Mcdowell Golf Club; Gaming Enterprise; Grand Lake Casino; Halekulani Hotel; Hilton Grand Vacations; Houstonian; Inn of the Mountain Gods; LV Search Partners; Lake Lawn Resort; Life Time; Link Technologies; Lucky Eagle Casino; Maverick Colorado; Miccosukee Resort & Gaming; Mohawk Casino; Ocean Casino Resort; Ojo Caliente Holdings; Otesaga Hotel.; Photon Group; Pinehurst; Prairie Meadows; Property Management; Pure Events Lp; Q Casino + Resort; Salamander Palm Beach Employer; Santa Clara Development Corporation; Shore Lodge Whitetail; Six Flags; Smoky Mountain Resorts; Spooky Nook Sports; Squaxin Island Gaming Enterprise; Star Casino; The Boca Raton; The Las Olas Company / Riverside Hotel; Treetops Resort; Ute Mountain Casino Hotel; ilani Casino Resort"
2026-06-08,Qualys,us,885,846,39,323,45,"Albano Systems Inc|https://www.adzuna.com/land/ad/5752470537?se=fjUuahJj8RGTyc16BXlIog&utm_medium=api&utm_source=b9c24709&v=5B86C09695B3B40DBBC3D2626A39EA389AEAF943; Alief Independent School District|https://www.adzuna.com/details/5754281406?utm_medium=api&utm_source=b9c24709; ApTask Global Workforce|https://www.adzuna.com/land/ad/5748562407?se=lA73axJj8RGTyc16BXlIog&utm_medium=api&utm_source=b9c24709&v=EA8480CD95804776F011E959BCED440DE4F50D0D; Arcfield|https://www.adzuna.com/land/ad/5748837345?se=pFk2bRJj8RGdRr_vX6Ex8g&utm_medium=api&utm_source=b9c24709&v=93C2F7E3B6572D7A8C7C2251016F73FB7073E541; Banner Health Corporate|https://www.adzuna.com/details/5750205126?utm_medium=api&utm_source=b9c24709; CTC|https://www.adzuna.com/details/5751504049?utm_medium=api&utm_source=b9c24709; Cboe Global Markets|https://www.adzuna.com/details/5751650697?utm_medium=api&utm_source=b9c24709; Cherokee Nation Businesses|https://www.adzuna.com/details/5750163897?utm_medium=api&utm_source=b9c24709; Commonpoint Queens|https://www.adzuna.com/details/5751612452?utm_medium=api&utm_source=b9c24709; Complete Staffing Solutions|https://www.adzuna.com/land/ad/5753977649?se=Gn6LaRJj8RGdRr_vX6Ex8g&utm_medium=api&utm_source=b9c24709&v=E1668EB39B3E14B8B5B4E3C844FDDA668A4F1745; Computer Merchant, Ltd., The|https://www.adzuna.com/land/ad/5753276302?se=3sUCaRJj8RGTyc16BXlIog&utm_medium=api&utm_source=b9c24709&v=1B97F5A50539806A8BC1AEC05C0F67739B30154F; Computer Technologies Consultants, Inc.|https://www.adzuna.com/land/ad/5750178811?se=Gn6LaRJj8RGdRr_vX6Ex8g&utm_medium=api&utm_source=b9c24709&v=FB3F35630F40589BD029F2C1CBAA92D3F840CC06; Danta Technologies|https://www.adzuna.com/land/ad/5752696598?se=3sUCaRJj8RGTyc16BXlIog&utm_medium=api&utm_source=b9c24709&v=74CE1E3A4DF1C9D115CBB0CAAFD901B7FCEBBA23; Dun & Bradstreet|https://www.adzuna.com/land/ad/5755558151?se=sByEbhJj8RGdRr_vX6Ex8g&utm_medium=api&utm_source=b9c24709&v=650D39EA2788FCBB76FDC5AFF8C17D8E38EA7DA0; Dynamic Systems, Inc.|https://www.adzuna.com/land/ad/5751456479?se=3sUCaRJj8RGTyc16BXlIog&utm_medium=api&utm_source=b9c24709&v=9BACA98E125118B50A01AD96799D57D1A006E3B2; Elevance Health|https://www.adzuna.com/details/5756095272?utm_medium=api&utm_source=b9c24709; Friedman Williams|https://www.adzuna.com/details/5750372673?utm_medium=api&utm_source=b9c24709; Galactic Minds Inc.|https://www.adzuna.com/land/ad/5749345397?se=3sUCaRJj8RGTyc16BXlIog&utm_medium=api&utm_source=b9c24709&v=F962609B1B19C30106B35B896E86BEA16CE377E0; Galent|https://www.adzuna.com/land/ad/5748091706?se=Gn6LaRJj8RGdRr_vX6Ex8g&utm_medium=api&utm_source=b9c24709&v=FC4880EC08884BB31A58112AF84409659EAE341F; Idbny|https://www.adzuna.com/details/5750289337?utm_medium=api&utm_source=b9c24709; Kforcetech Solutions Inc|https://www.adzuna.com/land/ad/5753414207?se=3sUCaRJj8RGTyc16BXlIog&utm_medium=api&utm_source=b9c24709&v=48411D6E8542F08CCB5DFEE6AE16DEF93D829986; Logic Software Solutions|https://www.adzuna.com/details/5753779711?utm_medium=api&utm_source=b9c24709; MSU Careers Details|https://www.adzuna.com/details/5752710270?utm_medium=api&utm_source=b9c24709; Memorial Sloan Kettering Cancer Center|https://www.adzuna.com/details/5750288650?utm_medium=api&utm_source=b9c24709; MiQ Digital USA|https://www.adzuna.com/details/5749988818?utm_medium=api&utm_source=b9c24709; My3Tech|https://www.adzuna.com/details/5751293534?utm_medium=api&utm_source=b9c24709; NICE|https://www.adzuna.com/details/5751571886?utm_medium=api&utm_source=b9c24709; Netrio|https://www.adzuna.com/details/5754292235?utm_medium=api&utm_source=b9c24709; Newrez|https://www.adzuna.com/details/5750269080?utm_medium=api&utm_source=b9c24709; PTS Advance|https://www.adzuna.com/details/5749984000?utm_medium=api&utm_source=b9c24709; Pan American Health Organization|https://www.adzuna.com/details/5753001417?utm_medium=api&utm_source=b9c24709; ProArch|https://www.adzuna.com/details/5747748996?utm_medium=api&utm_source=b9c24709; Redapt|https://www.adzuna.com/details/5754084734?utm_medium=api&utm_source=b9c24709; STIGroup|https://www.adzuna.com/details/5755323873?utm_medium=api&utm_source=b9c24709; Smart Folks Inc.|https://www.adzuna.com/land/ad/5752494678?se=3sUCaRJj8RGTyc16BXlIog&utm_medium=api&utm_source=b9c24709&v=FCA171B5AAF99088354729244B17E258F2F7B4AC; Southwest Research Institute - Fulltime|https://www.adzuna.com/land/ad/5755304749?se=3sUCaRJj8RGTyc16BXlIog&utm_medium=api&utm_source=b9c24709&v=191072F9436FE2A69D71F6AA5A47859A9DD61C64; Spar Information Systems|https://www.adzuna.com/land/ad/5752150912?se=fjUuahJj8RGTyc16BXlIog&utm_medium=api&utm_source=b9c24709&v=F5432D39C35889D8643565F08B92F96F917B7ABA; The Computer Merchant, Ltd|https://www.adzuna.com/land/ad/5755292138?se=Gn6LaRJj8RGdRr_vX6Ex8g&utm_medium=api&utm_source=b9c24709&v=4BD69BB007BFE5B06A837122B3B4EAFFDD6F317C; TrueCommerce|https://www.adzuna.com/land/ad/5748843361?se=KJgwbxJj8RGHk5mrcEw0_Q&utm_medium=api&utm_source=b9c24709&v=6FCBD4CBA53900DAEFF10E05BF57AAA6B5A7AADE; University of Central Florida|https://www.adzuna.com/details/5751501738?utm_medium=api&utm_source=b9c24709; University of Louisiana Monroe|https://www.adzuna.com/details/5754186966?utm_medium=api&utm_source=b9c24709; VTekis Consulting LLP|https://www.adzuna.com/details/5752574149?utm_medium=api&utm_source=b9c24709; Vantage Recruiting|https://www.adzuna.com/details/5755030765?utm_medium=api&utm_source=b9c24709; Western Alliance Bank|https://www.adzuna.com/details/5750297344?utm_medium=api&utm_source=b9c24709; Xerox|https://www.adzuna.com/land/ad/5756000010?se=fjUuahJj8RGTyc16BXlIog&utm_medium=api&utm_source=b9c24709&v=2DFC5A810E38864E8359E26705214F40235F257B","ADP; AECOM; AHEAD; APN Consulting Inc; ASM Research, An Accenture Federal Services Company; ATL Professional Services; Abbott; Ag Jobs; AgreeYa Solutions; Air Apps; Akaasa Technologies; Albano Systems Inc; Aledade; Alief Independent School District; Alkami; All County Home Health and Hospice; AlphaSense; American Credit Acceptance; American Heart Association; American IT Systems; Analog Devices; ApTask Global Workforce; Apex Systems; Apptad Inc; Arcfield; Aretec Open Opportunites; Arizona Department of Administration; Armison Tech; Ascensus; Aspen Dental; AspenView Technology Partners; Auburn University; BBVA; BNY Mellon; BOAB Ventures; Bank of America; Banner Health Corporate; Barclays; Barnstable Public Schools; Batesville Tool & Die; Beyond SOF; BigBear.ai; Bismarck Public Schools; Blue Star Partners, LLC; Booz Allen Hamilton; Boston Government Services, LLC; Boston Public Schools; Bristol Myers Squibb; CACI; CGI; CGP Maintenance & Construction Services; CIM Group; COLSA Corporation; CTC; Cambridge Public Schools; Capital One; Carnival Corporation; Carnival Cruise Line; Carrier; Catawba Two Kings Casino; Cboe Global Markets; Celonis; Cetera Financial Group; Champion Home Builders Inc.; Cherokee Nation Businesses; Christian Care Ministry; Citizens; City of Cathedral City; City of Sunnyvale; Coalfire; Cognizant; Commonpoint Queens; Compass Group, North America; Complete Staffing Solutions; Computer Merchant, Ltd., The; Computer Technologies Consultants, Inc.; Conifer Health Solutions; Construction Resources; Core Specialty Insurance Services; Corient; Cynet Systems; DLH; DRW; DTCC; Danta Technologies; Deloitte; Deriva Energy; Dew Softech Inc; Digital Technology Solutions; Drawbridge Partners; Dublin City Schools; Dun & Bradstreet; Dynamic Systems, Inc.; ECG Management Consultants; EY; Early Warning Services, LLC; Educational Service Center of Central Ohio; Elbit America; Electrosoft; Elevance Health; Emanuel Medical Ctr; Empire State Realty Trust; Entarian; Enterris Associates; Envelop Group; Evolver; FCC Environmental Services; Falmouth Public Schools; Fidelity; Focus Financial Partners; Forcepoint; Forescout Technologies; Fortinet; Freedom Technology Solutions Group; Friedman Williams; GBOE; GD Information Technology; GM Financial; Gainwell Technologies LLC; Galactic Minds Inc.; Galent; General Dynamics Information Technology; Genesis Capital; Glocomms; Godwins Gatorland; Goldbelt Inc; GovCIO; Gowanda Electronics.; Grant Thornton; Greenboard; GuidePoint Security; HP; Hazelwood School District; Herron High School; Hexaware Technologies, Inc; Higgins Group, Inc.; Holland & Knight; Holtec International; Honeywell; Honu Services; Hyperproof; INPO External; INSPYR Solutions; INTECH Process Automation; ISOutsource; Idbny; InquisIT; Insight Global; Investar Bank National As; Ivalua; J5 Consulting; Jbs Usa; Johns Manville; Jose Merciline; Judge Group, Inc.; KPMG; Kelly Services; Kforce Technology Staffing; Kforcetech Solutions Inc; Koniag Government Services; Leading Path Consulting; Lenz Therapeutics; LexisNexis; Lightning AI; Liquidity Services; Lockheed Martin; Logic Software Solutions; Lucrotec, LLC; Lumin Digital; MITRE Corporation; MSU Careers Details; ManTech International; Maze; Memorial Sloan Kettering Cancer Center; Metropolitan Transportation Authority; MiQ Digital USA; Microsoft Corporation; Milbank LLP; Mitsubishi UFJ Financial Group; Montgomery County; Motion Recruitment Partners, LLC; Muleshoe ISD; My3Tech; NEW TREW Site; NICE; NTT America, Inc.; Nanite; Nenni and Associates; Netrio; New York Life Insurance Co; NewVison; Newrez; Nidec; Nlets; Noblesoft Technologies; Northern Light; Northrop Grumman; Office Depot; Ogden City Corporation; Okta; Old National Bank; OneMain Financial; OpenRouter; Openkyber; Operation Breakthrough; Origin Bank; P3S Capital Holdings; PTR Global; PTS Advance; Pan American Health Organization; Persistent Systems; Phreesia; Pinnacle Technical Resources; Pitney Bowes; Point72; PowerPlan, Inc; Prairie City Monroe Community School District; ProArch; Prudential Financial; QualiTech; Qualis; Quantinuum; Quest Diagnostics; RELX INC; RSM; Randstad Digital; Redapt; Redesign; Renu Energy Solutions; Resolutions Hospice Austin; Restaurant Brands International; Rhodian Group; Rishabh Software Pvt. Ltd; Roane County Schools; Robert Half; Ruri Software Technologies LLC; SAIC; STIGroup; SailPoint; Saint Xavier University; Salt Lake Community College; Samsung SDS America; Sandhills Community College; Sentara Hospitals; Sequoia Connect; Sherpa 6; Siemens Healthineers; Sikich; SkyePoint Decisions; Smart Folks Inc.; Solana Technology; Southern Utah University; Southwest Research Institute - Fulltime; Spar Information Systems; Spring Grove Area School District; Springs Fabrication Master; Stanford University; Stellar IT Solutions; Stillwater Sciences; Sunrun; Superior Support Resources; SysLogic, Inc.; T. Rowe Price; TE Connectivity; TEKsystems; TRC Talent Solutions; Take-Two Interactive Software; TalAlly LLC; Techgene Solutions LLC; Techximius; The Computer Merchant, Ltd; The Giant Bullseye; The H and S Family of Bakeries; The Jeffcoat Firm Injury & Accident Lawyers PA; The OCC; The ODP Corporation; The Search Solutions, LLC; The Timberline Group; The Vanguard Group; Three Rivers/Josephine County Sd; Toyota Motor North America; Trailboss Enterprises; TrellisWare Technologies; Tri-Force Consulting Services Inc; TrueCommerce; Two95 International Inc.; Tyler Technologies; Tyto Athene; UO HR Website; UltraViolet Cyber; University of Central Florida; University of Louisiana Monroe; University of New Mexico; University of Rochester; University of Washington; Utilitra; V2X; VHC Health; VTekis Consulting LLP; Vantage Recruiting; Verizon; Virtuoso, Ltd.; Vkore Solutions; Vultr; WEP-USA LLC; Wakefield Public Schools; West Advanced Technologies, Inc.; Western Alliance Bank; Williams International; WorkInCryptoGlobal; Workday; Xerox; Yoh - A Day & Zimmerman Company; Yondr Group; Zachary Piper Solutions, LLC; Zapcom Group; Zealogics.com; Zermount; cFocus Software Incorporated; cFocus Softwareorporated; i360technologies; mSupply; restor3d"
2026-06-15,Varonis,us,338,289,49,52,7,Bristol Myers Squibb|https://www.adzuna.com/details/5759457849?utm_medium=api&utm_source=b9c24709; Master Halco|https://www.adzuna.com/details/5759790728?utm_medium=api&utm_source=b9c24709; Nordic Consulting Partners|https://www.adzuna.com/details/5760917750?utm_medium=api&utm_source=b9c24709; Orlando Health|https://www.adzuna.com/details/5762413401?utm_medium=api&utm_source=b9c24709; Pure Storage|https://www.adzuna.com/details/5758174415?utm_medium=api&utm_source=b9c24709; SANS|https://www.adzuna.com/land/ad/5761508479?se=4vXZjJxo8RGJt5LAxIaCWw&utm_medium=api&utm_source=b9c24709&v=FB003881D1CCD54D736B4D221EDA73DC2D308551; Saxon Global|https://www.adzuna.com/land/ad/5763575598?se=4vXZjJxo8RGJt5LAxIaCWw&utm_medium=api&utm_source=b9c24709&v=4AA2F956D5B08140B486E95136D3C64D6E90FF50,"AE Business Solutions; AFL; American Institutes for Research; Axiom Path; Bloomberg; Booz Allen Hamilton; Bristol Myers Squibb; Brown Investment Advisory & Trust; CC Pace Systems; Cinch Careers Page- External; Deloitte; East West Bank; FAIRWINDS Credit Union; GD Information Technology; General Dynamics Information Technology; GuidePoint Security; HAYS; HD Supply; INSPYR Solutions; Idealforce; Insight Global; Kentro; MSP Hire; Master Halco; Morgan Stanley; NMDP; NTT America, Inc.; NTT DATA Americas, Inc; Nordic Consulting Partners; Openkyber; Orlando Health; PSFCU Careers; Proofpoint; Pure Storage; Red River; Regeneron Pharmaceuticals; Regent University; SANS; SHI; SMBC; SPHERE Technology Solutions; SPS Consulting; Saxon Global; SourcePro Search; Stellent IT LLC; System One; TEKsystems c/o Allegis Group; Teramind; US Offices & Unit; Upstart; Verathon, Inc.; VeridianTech"
2026-06-15,Dynatrace,us,1000,953,47,329,58,"AGM Tech Solutions, LLC|https://www.adzuna.com/land/ad/5757461152?se=-IeTlJxo8RGZ4YetJ9AKTQ&utm_medium=api&utm_source=b9c24709&v=B5242A6837907FB165D86A5C64DFC986DAB0D621; Adva IT Services, Inc..|https://www.adzuna.com/land/ad/5756450989?se=HPbVkpxo8RGg_uUtxs6wdQ&utm_medium=api&utm_source=b9c24709&v=541C4A77FBD3D0831325FD348B2E11B8FE5FCD0F; Agile Global Solutions, Inc|https://www.adzuna.com/land/ad/5762101631?se=oJuQmpxo8RGmNfxg1jfgmQ&utm_medium=api&utm_source=b9c24709&v=2DA789DC51A4F8F98C062141534C98F090807FCB; Application Management Services LLC|https://www.adzuna.com/land/ad/5761867038?se=6j9Kk5xo8RGmNfxg1jfgmQ&utm_medium=api&utm_source=b9c24709&v=5ADAB343241CC0B0CE920098FCA255590F2087BD; Argyll Infotech Inc|https://www.adzuna.com/land/ad/5760334477?se=JEf3kJxo8RGmNfxg1jfgmQ&utm_medium=api&utm_source=b9c24709&v=0F73018500032B72FF45538326E6A52F8A109700; Argyllinfotech|https://www.adzuna.com/details/5760711737?utm_medium=api&utm_source=b9c24709; Arnex Solutions LLC|https://www.adzuna.com/land/ad/5761509028?se=rGFJkpxo8RGmNfxg1jfgmQ&utm_medium=api&utm_source=b9c24709&v=8A74A7DD3157FA548D5F6365A842D0043A4BC5A2; AspireIT Solutions|https://www.adzuna.com/land/ad/5758688634?se=6j9Kk5xo8RGmNfxg1jfgmQ&utm_medium=api&utm_source=b9c24709&v=93361BC9ADBE26E7877EE791899FA4BE3E63DF3F; CTC|https://www.adzuna.com/land/ad/5758242450?se=6j9Kk5xo8RGmNfxg1jfgmQ&utm_medium=api&utm_source=b9c24709&v=C01EAC3164D9B252BA4045A84B384A9BA6C1D107; Calsoft Pvt Ltd|https://www.adzuna.com/land/ad/5756663644?se=RFPDk5xo8RGZ4YetJ9AKTQ&utm_medium=api&utm_source=b9c24709&v=1363B6B2362F5A808DF1D9A5D7F2E4197ABCB603; Centraprise Corp|https://www.adzuna.com/land/ad/5761805437?se=-IeTlJxo8RGZ4YetJ9AKTQ&utm_medium=api&utm_source=b9c24709&v=5FBCA3636AB329040B63A73119CC3207CC78BD4B; Computer Enterprises, Inc.|https://www.adzuna.com/land/ad/5761508225?se=-IeTlJxo8RGZ4YetJ9AKTQ&utm_medium=api&utm_source=b9c24709&v=81D0AC2D9C1E9E77C571698C79AC53AB544E4906; Decision Six Inc.|https://www.adzuna.com/land/ad/5756657340?se=6j9Kk5xo8RGmNfxg1jfgmQ&utm_medium=api&utm_source=b9c24709&v=623E925D090E58943E45509E1F51880480A00F61; Floor & Decor|https://www.adzuna.com/details/5760877364?utm_medium=api&utm_source=b9c24709; Focus America Inc.|https://www.adzuna.com/land/ad/5759198754?se=VCWnkZxo8RGg_uUtxs6wdQ&utm_medium=api&utm_source=b9c24709&v=0BFD1FED566B3F10D71BAE2A5856AEBF46277930; Glansa Associates|https://www.adzuna.com/land/ad/5763567941?se=rGFJkpxo8RGmNfxg1jfgmQ&utm_medium=api&utm_source=b9c24709&v=92578FC4CE9AA3758DA59B5AAA70D24AE0D8D881; JSR Tech Consulting|https://www.adzuna.com/land/ad/5758282605?se=rGFJkpxo8RGmNfxg1jfgmQ&utm_medium=api&utm_source=b9c24709&v=F2A1E6D2D3EF648949254D9D606C4A6DDAC2879D; JTEC Consulting|https://www.adzuna.com/details/5759696244?utm_medium=api&utm_source=b9c24709; Jacobson Group|https://www.adzuna.com/land/ad/5757415201?se=RFPDk5xo8RGZ4YetJ9AKTQ&utm_medium=api&utm_source=b9c24709&v=DD2625D7BAD6093C036B85612AEA817A7DF225C6; Kelly Services|https://www.adzuna.com/land/ad/5760784727?se=Hhe5lpxo8RGJt5LAxIaCWw&utm_medium=api&utm_source=b9c24709&v=5EE7537F4BF2C66E13CC44B778A03A01B78B7087; Kirkland & Ellis LLP|https://www.adzuna.com/land/ad/5756815651?se=wuNZmZxo8RGg_uUtxs6wdQ&utm_medium=api&utm_source=b9c24709&v=8BFC85AF52C92CCD1421590ABD9DD661F97F2744; LEO DOES IT INC|https://www.adzuna.com/land/ad/5758692456?se=rGFJkpxo8RGmNfxg1jfgmQ&utm_medium=api&utm_source=b9c24709&v=25B547D11B8C04BEC2F74C6A928D5ADAC728A4BD; Logicplanet, Inc.|https://www.adzuna.com/land/ad/5761507771?se=rGFJkpxo8RGmNfxg1jfgmQ&utm_medium=api&utm_source=b9c24709&v=24C2A4D37C94DA67840C25289DF3252B40D046C5; Luna Data Solutions, Inc.|https://www.adzuna.com/land/ad/5756446403?se=KmC4l5xo8RGJt5LAxIaCWw&utm_medium=api&utm_source=b9c24709&v=3F720FE34185D1C303B8C75872D38B54ACD50E6A; M9 Consulting|https://www.adzuna.com/land/ad/5748073738?se=RFPDk5xo8RGZ4YetJ9AKTQ&utm_medium=api&utm_source=b9c24709&v=88FC77C8AA31BD8E1A145B7438F5F90DEDF8B823; Match Point Solutions|https://www.adzuna.com/details/5761915958?utm_medium=api&utm_source=b9c24709; Matlen Silver|https://www.adzuna.com/land/ad/5761575313?se=HPbVkpxo8RGg_uUtxs6wdQ&utm_medium=api&utm_source=b9c24709&v=718B57F64579919337DCD39A4AD903BE758CF2A8; NetApp|https://www.adzuna.com/land/ad/5764012603?se=EgQplpxo8RGkWLKt4v5GuQ&utm_medium=api&utm_source=b9c24709&v=7938453BBF3DE6818C2E21C0AF99868497C98C2A; OneStream|https://www.adzuna.com/details/5755349042?utm_medium=api&utm_source=b9c24709; Optomi|https://www.adzuna.com/land/ad/5763605519?se=6j9Kk5xo8RGmNfxg1jfgmQ&utm_medium=api&utm_source=b9c24709&v=4828D512293F8F0E541A482BB5B276F325D43FF9; Orange Top Services, LLC|https://www.adzuna.com/land/ad/5762051597?se=Hhe5lpxo8RGJt5LAxIaCWw&utm_medium=api&utm_source=b9c24709&v=C16F450EAF0D1C5ACB96D568B6683447F6644A7F; Polar IT Services|https://www.adzuna.com/details/5754328662?utm_medium=api&utm_source=b9c24709; Prohires|https://www.adzuna.com/land/ad/5758906681?se=PkOvlZxo8RGmNfxg1jfgmQ&utm_medium=api&utm_source=b9c24709&v=68CFD0E502FCEF771B548581568532827DEC9AAA; Proventus Metrics|https://www.adzuna.com/land/ad/5761509298?se=RFPDk5xo8RGZ4YetJ9AKTQ&utm_medium=api&utm_source=b9c24709&v=505FCE76DD131528433DF4F651530267DEAEE2C9; RIT Solutions|https://www.adzuna.com/land/ad/5759425783?se=HPbVkpxo8RGg_uUtxs6wdQ&utm_medium=api&utm_source=b9c24709&v=6B6FB067C2AB1DBB03015B7818ADAEFF36D08B74; Recutify Inc.|https://www.adzuna.com/details/5757829988?utm_medium=api&utm_source=b9c24709; Rivago infotech inc|https://www.adzuna.com/land/ad/5761545951?se=6j9Kk5xo8RGmNfxg1jfgmQ&utm_medium=api&utm_source=b9c24709&v=3AB715259E22A125B0CE255FA546FACD583DC649; SKANDA SOLUTIONS LLC|https://www.adzuna.com/land/ad/5764136246?se=6j9Kk5xo8RGmNfxg1jfgmQ&utm_medium=api&utm_source=b9c24709&v=BDD64A4F944C1A68EA39004C7385111FECFFED63; SLK America Inc.|https://www.adzuna.com/land/ad/5756544035?se=HPbVkpxo8RGg_uUtxs6wdQ&utm_medium=api&utm_source=b9c24709&v=B7D5AAAFF11B34D37B69BBD06F8187D584DFBA53; SansuTek Inc.|https://www.adzuna.com/land/ad/5760118854?se=6j9Kk5xo8RGmNfxg1jfgmQ&utm_medium=api&utm_source=b9c24709&v=6B586E838A067F0838C7D28B9129591F0976B7C6; Scicom Infrastructure Services|https://www.adzuna.com/details/5755446783?utm_medium=api&utm_source=b9c24709; Siritech Solutions Corp|https://www.adzuna.com/details/5760268983?utm_medium=api&utm_source=b9c24709; SolveIT Services Inc|https://www.adzuna.com/land/ad/5758660682?se=rGFJkpxo8RGmNfxg1jfgmQ&utm_medium=api&utm_source=b9c24709&v=4C8022BBA02F703D190C6113B3D8071C7FC29B9C; StaidLogic|https://www.adzuna.com/land/ad/5758895617?se=VCWnkZxo8RGg_uUtxs6wdQ&utm_medium=api&utm_source=b9c24709&v=97AAFD52E5B6DB01306257AE83C7545721E090E3; Subway|https://www.adzuna.com/land/ad/5760090330?se=KmC4l5xo8RGJt5LAxIaCWw&utm_medium=api&utm_source=b9c24709&v=596312C773561EB3DDC67E5DD979B39E5564CB37; Synergy ECP|https://www.adzuna.com/land/ad/5764111528?se=EgQplpxo8RGkWLKt4v5GuQ&utm_medium=api&utm_source=b9c24709&v=AF9C8E66C6FD5968F6545717CE08BC86751FDDBC; TIAA|https://www.adzuna.com/details/5759645520?utm_medium=api&utm_source=b9c24709; TalentOla|https://www.adzuna.com/details/5757826865?utm_medium=api&utm_source=b9c24709; TechSME Inc|https://www.adzuna.com/land/ad/5760736067?se=UisxlZxo8RGg_uUtxs6wdQ&utm_medium=api&utm_source=b9c24709&v=FA355BCFFAAA6E826E5FCF0868831B33BDFF4053; TechniPros, LLC|https://www.adzuna.com/land/ad/5761508478?se=EgQplpxo8RGkWLKt4v5GuQ&utm_medium=api&utm_source=b9c24709&v=CE262C7F320E0A5A9CECF25213CF97470AA7DEBC; TekWissen ®|https://www.adzuna.com/land/ad/5763563532?se=6j9Kk5xo8RGmNfxg1jfgmQ&utm_medium=api&utm_source=b9c24709&v=D66A22E8C9826ACE628E13CD49A376023D1EF1EF; Trident Consulting|https://www.adzuna.com/details/5751579049?utm_medium=api&utm_source=b9c24709; VF Corporation|https://www.adzuna.com/land/ad/5757925748?se=Hhe5lpxo8RGJt5LAxIaCWw&utm_medium=api&utm_source=b9c24709&v=DC659720802D351E3633CABA4F7C5124F6CF89C2; Vertisystem Inc.|https://www.adzuna.com/land/ad/5760731984?se=RFPDk5xo8RGZ4YetJ9AKTQ&utm_medium=api&utm_source=b9c24709&v=B5AB3A6E24B99585B67843CF00F09B7CB99DE149; XFORIA Inc|https://www.adzuna.com/land/ad/5749444340?se=6j9Kk5xo8RGmNfxg1jfgmQ&utm_medium=api&utm_source=b9c24709&v=9F5FCE50471ACDF0CD1A16EF8F9CA1A7DC26BEC6; Yeshnex LLC|https://www.adzuna.com/details/5756723365?utm_medium=api&utm_source=b9c24709; Yochana|https://www.adzuna.com/land/ad/5763575782?se=HPbVkpxo8RGg_uUtxs6wdQ&utm_medium=api&utm_source=b9c24709&v=6213852A4BCD86593F8361C62101D87FEB98290D; Yoh, A Day & Zimmermann Company|https://www.adzuna.com/land/ad/5763091204?se=EgQplpxo8RGkWLKt4v5GuQ&utm_medium=api&utm_source=b9c24709&v=682B0AE1E9505A15CFF4E9071539A2955846E55A","7N USA, Inc.; A1C Partners; ACI Infotech; ADPMN INC; AGM Tech Solutions, LLC; AP Recruiters; ASCENDING; ASM Research, An Accenture Federal Services Company; Accenture; Adva IT Services, Inc..; Agile Global Solutions, Inc; Ahead; Akaasa Technologies; Algo Soft Solutions LLC; Amatriot Group; American Builders and Contractors Supply Co; American Express; American IT Systems; American Technology Consulting; Ampcus Inc; Amtex System Inc.; Anveta Inc; Apetan Consulting; Apex Systems; Apexon; Apidel Technologies; Apple; Application Management Services LLC; Argyll Infotech Inc; Argyllinfotech; Arnex Solutions LLC; Arohak Inc; AspireIT Solutions; Atika Tech; Autodesk; Autozone; BC Forward; BCforward; BNY Mellon; Bank of America; Bansar Technologies Inc.; Bart & Associates, LLC; Belk; Berkley; Bitsoft International, Inc.; Bizoforce Inc; Blackstone Talent Group; Brain Bolt Consulting; Brilliant Infotech Inc.; Brooksource; Burlington; ByteBridge Technologies, Inc; C4 Technical Services; CME Group; CTC; CTG; CVS Health; Calabitek; Calsoft Pvt Ltd; Camping World; Canoo Technologies; Cardinal Integrated Technologies Inc; Case Interactive; Centraprise Corp; Citigroup; ClifyX; ClinDCast, LLC; Cognizant; Computer Enterprises, Inc.; Computer World Services Corp; Conch Technologies Inc; Conquest Consulting; Converge; Corpay; CrewBloom; Cynet Systems; Cystems Logic; DB Orlando- NJ; DCode Talent; DKMRBH Inc; DTCC; DXC Technology; DataEdge Consulting, Inc.; Daten Technology Solutions; Decision Six Inc.; Deloitte; Description AutoZone; DevApps IT; Dexian DISYS; Digipulse Technologies, Inc; Digital Technology Solutions; Direct Line Workforce Solutions; Dminds Solutions Inc.; Dunhill Professional Search; EPAM Systems; EVEREST CONSULTING GROUP, INC; EchoStar; Eclaro; EdgeVerve Systems Limited; Eliassen Group; Essel; Excelon Solutions; FEDRUS GLOBAL LLC; FIS Capital Markets; Fast Switch; First Horizon Bank; Fiserv; Floor & Decor; Focus America Inc.; Ford Motor Company; Foundation Software; Fusion HCR; Futran Solutions; GRT Corporation; Galent; Genesis10; Genius Road; Georgia IT; Glansa Associates; Glint Tech Solutions LLC; Globalchannelmanagement; GovCIO; H R PUNDITS INC; HCLTech; HCSC; HERS Advisors; HTC Global Services; HUMAC INC.; Hagerty Insurance; Healthfirst Corporation; Herbalife; Hexaware Technologies, Inc; Hicks Professional Group; Highbrow; HigherEchelon; Home Depot; Huntington National Bank; Hyundai Capital; IBM; INSPYR Solutions; IT Associates, Inc.; ITRS; Info Dinamica Inc; InfoVision, Inc.; Infomerica, Inc; Innova Solutions, Inc; Insight Global; Intercontinental Exchange; JBA International; JC Corporations Inc; JPMorgan Chase; JPMorganChase; JSR Tech Consulting; JTEC Consulting; JTEC-Consulting; Jacobson Group; Jobot; Judge Group, Inc.; K Anand Corporation; KPG 99 Inc.; Kanor Systems; Kelly Services; KeyBank; Kforce Technology Staffing; Kirkland & Ellis LLP; Koniag Government Services; Kutir Inc; LEO DOES IT INC; LPL Financial; LTS; Learn Beyond Consulting LLC; Link Technologies; Lockheed Martin; Logicplanet, Inc.; Lumen Solutions Group Inc.; Luminare Health Benefits; Luna Data Solutions, Inc.; M9 Consulting; Macpower Digital Assets Edge; Maintec Technologies Inc; ManpowerGroup; Marriott; Mastech Digital; MasterCard; Match Point Solutions; Matlen Silver; Menzo; Modern Agile Technologies, LLC; NetApp; New Age Software Services Corporation; Nike; Nisum; Nobl Q, LLC.; Noblesoft Technologies; Noblis; Obsidian Solutions Group; OneStream; Ontada; Openkyber; Optimal Inc.; Optomi; Orange Top Services, LLC; Orpine.com; Otter Base; PAYCO The Clearing House Payments Company; PNC; PTR Global; Payactiv; PenFed Credit Union; Perficient; Peyton Resource Group; Photon; Pilvi Systems; Pinnacle Technical Resources; Plexus Worldwide; Polar IT Services; Powder River Industries, LLC; Prism, Inc.; Procession Systems; Prohires; Proventus Metrics; Pyramid Consulting, Inc; Pyramid Technology Solutions, Inc.; QTech US Inc; Qode; Quadrant Technologies; Quest Diagnostics; RIT Solutions; RaceTrac; Randstad Digital; Raymond James Financial, Inc.; Recutify Inc.; Redolent; ResolveTech Solutions Inc.; Resource Management Concepts, Inc. - Rmc, Inc.; Reveille Technologies; Riptide Technology; Rivago infotech inc; S3; SAIC; SKANDA SOLUTIONS LLC; SLK America Inc.; Sage IT Inc; Sambasafety; SansuTek Inc.; Santander US; Scicom Infrastructure Services; Sensiple Inc.; Shift Code Analytics; Siritech Solutions Corp; SkylineIT Solutions; Software Guidance & Assistance; Solugenix Corporation; SolveIT Services Inc; South Geeks; Staffing Agency Recruitment; Staffingagencyrecruitment; Staffxpert LLC; StaidLogic; State Street; Stefanini; Stellent IT LLC; Subway; Sun Technologies,Inc.; Sunrise Systems, Inc.; Synergy ECP; Sysazzle; System One; T. Rowe Price; TECH Tammina; TEKsystems; TIAA; TSQ Systems Inc; Talent Groups; TalentOla; Tech3pillars Technologies; TechSME Inc; TechSpace Solutions Inc.; TechniPros, LLC; Techstra Solutions; TekWissen ®; TekisHub Consulting Services; The Cigna Group; The Custom Group of Companies; The Hartford; The Timberline Group; Thin Technologies; Tixy Services LLC; Toyota Motor North America; Trident Consulting; Trinite Consulting Group; TrueHire Staffing LLC; Truist; Two95 International Inc.; Uline; UniqueHire Consulting LLC; Unissant; United Airlines; United Wholesale Mortgage; UnitedHealth Group; Universal Music; Up2date Technologies; V-Soft Consulting Group, Inc; V2Soft; VAK Consulting LLC; VDart Inc; VF Corporation; VSG Business Solutions LLC; Value Spectrum Technologies LLC; VeridianTech; Verisk Analytics; Vertisystem Inc.; Voto Consulting LLC; W3Global; WALGREENS; Western Alliance Bank; Widescope Consulting and Contracting Services; Windward Consulting; Worldwide Insurance Services; XFORIA Inc; Xoriant Corporation; Yeshnex LLC; Yochana; Yoh, A Day & Zimmermann Company; Zillion Technologies; eStaffLLC; head-huntress.com; rockITdata; vaaridatech"
2026-06-15,LiveRamp,us,305,144,161,54,10,Diligente Technologies|https://www.adzuna.com/land/ad/5761581803?se=hiIvnpxo8RGJt5LAxIaCWw&utm_medium=api&utm_source=b9c24709&v=E32875A94826E9E744E2BF09785C06DD8CEFE6F0; Edgewell Personal Care|https://www.adzuna.com/land/ad/5763142441?se=PDWdnpxo8RGg_uUtxs6wdQ&utm_medium=api&utm_source=b9c24709&v=42CBB8649A0D3FFA0F4D45D1C927E9EA64130878; GILEAD|https://www.adzuna.com/land/ad/5759893563?se=aEaxnZxo8RGg_uUtxs6wdQ&utm_medium=api&utm_source=b9c24709&v=C438DB2D403A25FA6B21A22F026530725FE291ED; Goldman Sachs|https://www.adzuna.com/details/5759805620?utm_medium=api&utm_source=b9c24709; H&R Block|https://www.adzuna.com/land/ad/5758168318?se=aEaxnZxo8RGg_uUtxs6wdQ&utm_medium=api&utm_source=b9c24709&v=4FB4ACB74D1487A67718DBA729B80FB9A23DC72A; Kelly Services|https://www.adzuna.com/land/ad/5760811562?se=hiIvnpxo8RGJt5LAxIaCWw&utm_medium=api&utm_source=b9c24709&v=1A42FA179E77E7F41DD5390C64663AAE7576F60A; LoopMe|https://www.adzuna.com/details/5759210845?utm_medium=api&utm_source=b9c24709; Northern Trust|https://www.adzuna.com/details/5761150698?utm_medium=api&utm_source=b9c24709; PubMatic|https://www.adzuna.com/details/5762435048?utm_medium=api&utm_source=b9c24709; SoundCloud|https://www.adzuna.com/details/5759644180?utm_medium=api&utm_source=b9c24709,"AEG Presents; AEG Worldwide; Accenture; Advance Local; Affinity Solutions; American Cancer Society; Ankura; Attain; CVS Health; Capgemini; Cascadia Search; Citigroup; Colgate-Palmolive; Concentrix; Diligente Technologies; Dollar General; EDO; EchoStar; Edgewell Personal Care; Etsy; Fluent, LLC; GILEAD; Goldman Sachs; H&R Block; Hilton; Instacart; KORTX; Kelly Services; Kepler Group; LoopMe; Lundbeck; NBC Universal; NCM Careers; Nexla; Northern Trust; Proxima; PubMatic; Rational 360; Redi-Mail / RediData; Resonate; SPECTRUM Careers; Samba; Samsung; Sanofi; Shaper Capital; Snowflake; SoundCloud; Take-Two Interactive Software; The New York Times; The Walt Disney Company; Tinuiti; Uber; Universal Orlando; dentsu"
2026-06-15,nCino,us,701,685,16,158,19,1st Source|https://www.adzuna.com/details/5760878157?utm_medium=api&utm_source=b9c24709; Akaasa Technologies|https://www.adzuna.com/details/5757827388?utm_medium=api&utm_source=b9c24709; Celonis|https://www.adzuna.com/details/5758317082?utm_medium=api&utm_source=b9c24709; Elfonze Technologies|https://www.adzuna.com/land/ad/5763573945?se=lJDwoZxo8RGg_uUtxs6wdQ&utm_medium=api&utm_source=b9c24709&v=AF8BE53277D4087170B483D2DBA236A037F0819F; Enterprise Bank & Trust|https://www.adzuna.com/land/ad/5756830750?se=1n55opxo8RGmNfxg1jfgmQ&utm_medium=api&utm_source=b9c24709&v=F6902D00865EAA430A8C9BA0ABB65DF76B162482; Farm Credit Bank Texas|https://www.adzuna.com/details/5761950227?utm_medium=api&utm_source=b9c24709; Farm Credit Bank of Texas|https://www.adzuna.com/details/5763124462?utm_medium=api&utm_source=b9c24709; Grasshopper Bank|https://www.adzuna.com/land/ad/5759739588?se=VgMLo5xo8RGmNfxg1jfgmQ&utm_medium=api&utm_source=b9c24709&v=019BA09B7F5C92F7C974E4EC7981656682FB194A; Ideal Credit Union|https://www.adzuna.com/details/5759641828?utm_medium=api&utm_source=b9c24709; Lowome Investment Fund|https://www.adzuna.com/details/5732086898?utm_medium=api&utm_source=b9c24709; Millennium Bank|https://www.adzuna.com/details/5758203721?utm_medium=api&utm_source=b9c24709; RIIM|https://www.adzuna.com/land/ad/5762720731?se=wKIdoJxo8RGg_uUtxs6wdQ&utm_medium=api&utm_source=b9c24709&v=2FD4E5E3470EFC202B96A41A81C2E25740A3AC00; SLK America Inc.|https://www.adzuna.com/land/ad/5756394244?se=1n55opxo8RGmNfxg1jfgmQ&utm_medium=api&utm_source=b9c24709&v=DC0AF5EFEEE473E54D4277514242DD39EA8DC8A7; Silverlink Technologies LLC|https://www.adzuna.com/land/ad/5760149743?se=wKIdoJxo8RGg_uUtxs6wdQ&utm_medium=api&utm_source=b9c24709&v=B570964B618DC5EA63492674F011938493678BB5; Sonoma Consulting|https://www.adzuna.com/land/ad/5760888894?se=wKIdoJxo8RGg_uUtxs6wdQ&utm_medium=api&utm_source=b9c24709&v=D7DD1493C48F9BA5E63CD69B66E7A2DB7F8CB43D; TECHNEPTUNE CONSULTING INC|https://www.adzuna.com/land/ad/5760168549?se=wKIdoJxo8RGg_uUtxs6wdQ&utm_medium=api&utm_source=b9c24709&v=37FBFAC162B7E448D72EC339D87AA7546593CC62; Towne Family of Companies|https://www.adzuna.com/details/5759491970?utm_medium=api&utm_source=b9c24709; UFCU Main|https://www.adzuna.com/land/ad/5761063582?se=VgMLo5xo8RGmNfxg1jfgmQ&utm_medium=api&utm_source=b9c24709&v=8B5C48D5120D4FFC88D147BE0A6212EF61B1D9A8; W3Global|https://www.adzuna.com/land/ad/5760149940?se=wKIdoJxo8RGg_uUtxs6wdQ&utm_medium=api&utm_source=b9c24709&v=9AB9D7C6E051D5E09722F21668B769BB6AE4E090,"1st Source; Accenture; Ag Jobs; Akaasa Technologies; Amerant Bank; Amerantbank; AmeriServ Financial Bank; American AgCredit; Ameris Bank; Archon Resources; Atlantic Coast Mortgage; Atlantic Union Bank Careers; Axos Bank; Banc of California; Banesco Usa; Bank of America; BankPlus; Bundoran Group; Busey Bank; Byline Bank; Byteware Inc.; C&F Bank; CBI Bank & Trust; CGI; CalPrivate Bank; Cathay Bank; Celonis; Centennial Bank; Checkr; City National Bank of Florida; Coastal States Bank; Cognizant; Columbia Bank; ConnectOne Bank; Connexus Credit Union; Cornerstone Capital Bank; Customers Bank; DP Professionals Inc; DX Foundation; Dickinson Financial Corporation; Dieterich Bank; Earthmover Credit Union; Eastern Bank; Elfonze Technologies; Elwood Staffing; EmployVision; Enterprise Bank & Trust; Evergreen Openings; Extractable; FAIRWINDS Credit Union; FNBO; Farm Bureau Bank; Farm Credit Bank Texas; Farm Credit Bank of Texas; Farm Credit Florida; Farm Credit Mid-America; Farm Credit of Florida; Fifth Third Bank, N.A.; First Financial Bank; First Horizon; First Internet Bank; First National Bank Of Bastrop; First National Bank Of Pennsylvania; First National Bank of Omaha; Five Star Bank; Flagstar Bank; Fortis Bank; Fulton Bank; GalaxEsystems; Genesis Capital; German American Bancorp; Gpac; Grasshopper Bank; Greenfield Savings; HUNT Mortgage Corporation; Hancock Whitney Bank; Hills Bank; IT Accel, Inc; Ideal Credit Union; Insight Global; Investar Bank National As; JBA International; Judge Group, Inc.; KeyBank; Kforce Technology Staffing; KēSTA I.T.; Lead; Leader Bank; Live Oak Banking; Low Income Investment Fund; Lowome Investment Fund; Luxury Mortgage; M&T Bank; MDMS Recruiting; MMC Group; Management Recruiters of Spokane; Member Business Financial Services; Midwest Bank Centre; Millennium Bank; Mld Mortgage; Monstro; Municipal Credit Union; NTT America, Inc.; National Cooperative Bank. N.A.; National Mortgage Staffing; Northern Bank; Openkyber; Origin Bank; Peoples Bank; Photon Group; Platinum Bank; Privacy Policy; QTech US Inc; RIIM; Regions Bank; Robert Half; Rockland Trust; S&T Bank; SLK America Inc.; Sauk Valley Bank; Sb Financial Group Inc.; Service Federal Credit Union; Servisfirst Bank; Shore United Bank; Sia; Silverlink Technologies LLC; Smith Johnson Tech; Sonoma Consulting; South Shore Bank Roles; Southern Trust Mortgage; Southside Bank; Southstate Bank; Summit Bank; Sunflower Bank, N.A.; SysMind, LLC; TD Bank; TECHNEPTUNE CONSULTING INC; TEKsystems; Taleo Social Sourcing; The Paducah Bank And Trust Company; The Symicor Group; Towne Family of Companies; Tri Counties Bank; Truist; Trustmark National Bank; U.S. Bank; UFCU Main; Vy Systems; W3Global; WSFS Bank; WaFd Bank; Wells Fargo; West Monroe; Wintrust; Woodforest National Bank; Yosemite Farm Credit; Zennify; Zions Bancorporation"
2026-06-15,JFrog,us,533,504,29,150,22,"AGM Tech Solutions, LLC|https://www.adzuna.com/land/ad/5761883245?se=AuSqqJxo8RGg_uUtxs6wdQ&utm_medium=api&utm_source=b9c24709&v=280AAAD9122BC0EB9F9DC997675B29BFA20B2FF5; Actalent|https://www.adzuna.com/land/ad/5761956184?se=yB--rJxo8RGJt5LAxIaCWw&utm_medium=api&utm_source=b9c24709&v=0062B1686272C7765D75063C13E05BD2BB63E484; Applied Materials|https://www.adzuna.com/land/ad/5763021620?se=yKp6q5xo8RGJt5LAxIaCWw&utm_medium=api&utm_source=b9c24709&v=7FD089BD09B8D835BCB408B7F8861F9E00B5C2EF; Battelle Memorial Institute|https://www.adzuna.com/land/ad/5763136431?se=QBAHq5xo8RGJt5LAxIaCWw&utm_medium=api&utm_source=b9c24709&v=529DAD43E6526F715105F7A7C96736B0DEF087D9; E-Space|https://www.adzuna.com/details/5759521572?utm_medium=api&utm_source=b9c24709; Electric Reliability Council of Texas|https://www.adzuna.com/details/5760969887?utm_medium=api&utm_source=b9c24709; Hays|https://www.adzuna.com/land/ad/5763572412?se=UAUsqZxo8RGkWLKt4v5GuQ&utm_medium=api&utm_source=b9c24709&v=79EFBCF6F78590D439CA77F01CA53046DEDEEB87; Horizontal Talent|https://www.adzuna.com/land/ad/5759387496?se=AuSqqJxo8RGg_uUtxs6wdQ&utm_medium=api&utm_source=b9c24709&v=E84BEEBE75A0033148C6603B448CA08A25A6A437; Idexx|https://www.adzuna.com/details/5760923520?utm_medium=api&utm_source=b9c24709; Index Engines|https://www.adzuna.com/details/5759619070?utm_medium=api&utm_source=b9c24709; Information Consulting Services|https://www.adzuna.com/land/ad/5756540742?se=JBPHqZxo8RGZ4YetJ9AKTQ&utm_medium=api&utm_source=b9c24709&v=A33776FF66395590AB4794410A25554A4B645373; Kelly Services|https://www.adzuna.com/land/ad/5760784741?se=AuSqqJxo8RGg_uUtxs6wdQ&utm_medium=api&utm_source=b9c24709&v=B1CA0C69EAD0AEC44A3DA0AE7218FCD994E4ACE9; McAfee|https://www.adzuna.com/details/5762337536?utm_medium=api&utm_source=b9c24709; Miracle Software Systems, Inc.|https://www.adzuna.com/land/ad/5760069681?se=UAUsqZxo8RGkWLKt4v5GuQ&utm_medium=api&utm_source=b9c24709&v=56716DC12B3838A71956A0E031D15C2709B854DA; Noblesoft Technologies|https://www.adzuna.com/details/5760711839?utm_medium=api&utm_source=b9c24709; OfferUp|https://www.adzuna.com/details/5760919194?utm_medium=api&utm_source=b9c24709; Scout Motors|https://www.adzuna.com/details/5758142725?utm_medium=api&utm_source=b9c24709; Sonar|https://www.adzuna.com/details/5756913743?utm_medium=api&utm_source=b9c24709; Staffingine LLC|https://www.adzuna.com/land/ad/5758690212?se=AuSqqJxo8RGg_uUtxs6wdQ&utm_medium=api&utm_source=b9c24709&v=8D139FFDF2DFC18D9FFC4D6B5DF05D248546AD36; System One|https://www.adzuna.com/land/ad/5760652985?se=AuSqqJxo8RGg_uUtxs6wdQ&utm_medium=api&utm_source=b9c24709&v=CC1F6FD60E99FE2226B8B9AF9D0CC4EDDE1F18E4; TechniPros|https://www.adzuna.com/details/5759245133?utm_medium=api&utm_source=b9c24709; York Solutions, LLC|https://www.adzuna.com/land/ad/5757460996?se=AuSqqJxo8RGg_uUtxs6wdQ&utm_medium=api&utm_source=b9c24709&v=7E7AE6E6A2FE4EF76A73DDB43FEB8DFCCFA8D53F","4P Consulting; ADP; AGM Tech Solutions, LLC; ASRC Federal; AbbVie; Accenture; Actalent; Alkami; Alkermes; Amatriot Group; Amentum; American Credit Acceptance; Anduril; Apidel Technologies; Applied Materials; Aquila Technology; Bank of America; Banner Health Corporate; Battelle Memorial Institute; Beyond SOF; Biamp; Bits & Bytes Technology Solutions; Booz Allen Hamilton; Butlr; By Light HQ; By Light Professional IT Services; C5MI Insight; CNA; CVS Health; Cadence Systems; Canoo Technologies; Capstone; Cognizant; Collins Aerospace; ConglomerateIT; CoreWeave; Cyngn; DATAMAXIS, Inc; DFO Referrals; Dayforce; DevSelect; Diagrid; Duetto Research; E-Space; EY; Early Warning Services, LLC; Electric Reliability Council of Texas; Empresent Global, LLC; Encode; Engine; Entrust; Eversource Energy; Fast Switch; Ford Motor; Genesis10; GreyCell Labs, Inc; Guild Talent; HTD Resources, LLC; Hays; Heads Up Technologies; Hexaware Technologies, Inc; Highmark Health; Horizontal Talent; IPS Technology Services; ITCE Services; Idexx; Impinj; Index Engines; InfoVision Inc.; Infomatics Corp; Information Consulting Services; Infosys; Innovative Defense Technologies; Insight Global; Intercontinental Exchange; Iridium Satellite; Istari Digital; JPMorgan Chase; JPMorganChase; K2 Space; Kelly Services; KeyBank; Kratos Defense and Security Solutions; L3Harris; LCG; LVT; Lockheed Martin; M. C. Dean; MAG; ManpowerGroup; Mastercard; Maximus; McAfee; McDonald's; Medline Industries; Medtronic; Miracle Software Systems, Inc.; Motion Recruitment Partners, LLC; MphasiS Corporation USA; NTT America, Inc.; NTT DATA Americas, Inc; NVIDIA; National Life Insurance Company; New York Life Insurance Co; NexTurn, Inc.; Noblesoft Technologies; Northrop Grumman; OfferUp; Openkyber; Parmesoft Inc.; Paysafe Group; Peraton; Quanta Search; RELX; REsurety, Inc.; RTX; Recru; Redolent; Relativity Space; Request Technology, LLC; Rockwell Automation; S&P Global; Sage IT Inc; Sailboat Talent Group; Salesforce; SciTec; Scientific Research Corporation; Scout Motors; Skrill; Snap; Sonar; Sonatus; Sonatype; Staffingine LLC; State Street; System One; TechniPros; Torc Robotics; True Anomaly; Truveta; Tyler Technologies; US Tech Solutions; UnitedHealth Group; V2Soft; Verisign; Voya Financial; Walmart; Wayve; World Bank Group; York Solutions, LLC"
2026-06-15,Guidewire,us,1000,966,34,153,41,"ARSquare Tech LLC|https://www.adzuna.com/land/ad/5760737613?se=kMJosJxo8RGZ4YetJ9AKTQ&utm_medium=api&utm_source=b9c24709&v=6657A75B56623B60850569E10956A4E169BB6326; Accord Technologies Inc.|https://www.adzuna.com/details/5756721862?utm_medium=api&utm_source=b9c24709; Algo Soft Solutions LLC|https://www.adzuna.com/land/ad/5761887887?se=IOelr5xo8RGmNfxg1jfgmQ&utm_medium=api&utm_source=b9c24709&v=CBB567CAE3B8E8CBA3339E1E408C9925C91DF65E; Brilliant Infotech Inc.|https://www.adzuna.com/land/ad/5761507107?se=FteBtpxo8RGg_uUtxs6wdQ&utm_medium=api&utm_source=b9c24709&v=0AF5D5639364790F8D15B5A6F4564F8B52B7EA2C; CFS|https://www.adzuna.com/land/ad/5761454912?se=uGISt5xo8RGJt5LAxIaCWw&utm_medium=api&utm_source=b9c24709&v=73E936D99FBEEB7D218FEDA8384AB50552AA8AD9; CSAA Insurance Group|https://www.adzuna.com/details/5736135843?utm_medium=api&utm_source=b9c24709; California SoftTech, Inc.|https://www.adzuna.com/land/ad/5758648128?se=FteBtpxo8RGg_uUtxs6wdQ&utm_medium=api&utm_source=b9c24709&v=B269DD210D2E8A98A36EAF10B61EA33E5F6D9A24; ClientServer Technology Solutions LLC|https://www.adzuna.com/land/ad/5756446804?se=AE-ht5xo8RGg_uUtxs6wdQ&utm_medium=api&utm_source=b9c24709&v=AFA78BB6287B38962076865F7C8B0AE7DF11F919; Concord Physicians Solutions|https://www.adzuna.com/land/ad/5760537855?se=fhzftZxo8RGg_uUtxs6wdQ&utm_medium=api&utm_source=b9c24709&v=3F1D45074CD533B216A6491A744A0C56F9CC4BB3; Connect Tech Talent|https://www.adzuna.com/details/5763448429?utm_medium=api&utm_source=b9c24709; Connect Tech+Talent|https://www.adzuna.com/land/ad/5762645600?se=IOelr5xo8RGmNfxg1jfgmQ&utm_medium=api&utm_source=b9c24709&v=D8B25178B093F6755FC0BFA7D6871FE9342E8DDD; DTEL Engineering & Consultants Inc|https://www.adzuna.com/land/ad/5760668541?se=5PY_tZxo8RGkWLKt4v5GuQ&utm_medium=api&utm_source=b9c24709&v=BBDC3B18B5CC1867CA3CFBAA1FCEC30F479445FB; Digicomplish Inc|https://www.adzuna.com/land/ad/5756400303?se=ZCInr5xo8RGJt5LAxIaCWw&utm_medium=api&utm_source=b9c24709&v=8E0A8D5F9C4B086DB46F4A3B34265444F1B5CE5A; Diverse Lynx|https://www.adzuna.com/land/ad/5760887309?se=IOelr5xo8RGmNfxg1jfgmQ&utm_medium=api&utm_source=b9c24709&v=ECE37EE5870402850C0852B2B95393FB7752663D; E-IT|https://www.adzuna.com/land/ad/5764093537?se=ao6_uJxo8RGmNfxg1jfgmQ&utm_medium=api&utm_source=b9c24709&v=3DEE9A0296BD8A8A4D3993693BB5DAB756DBAD2C; Endurance Services Limited|https://www.adzuna.com/land/ad/5750179710?se=3CFUupxo8RGJt5LAxIaCWw&utm_medium=api&utm_source=b9c24709&v=45425EC55107EB43B140B1CBB4B498D7FC639A62; Envision Technology Solutions|https://www.adzuna.com/land/ad/5763108237?se=QOG4uZxo8RGg_uUtxs6wdQ&utm_medium=api&utm_source=b9c24709&v=C2B99989688083C22A929B1D35FA5BCB88460F8A; HDI Global SE|https://www.adzuna.com/land/ad/5758235241?se=ZCInr5xo8RGJt5LAxIaCWw&utm_medium=api&utm_source=b9c24709&v=C45AB93734DE1330F1D2560BB572E5F1D2F8BA62; ICS Global Soft, Inc.|https://www.adzuna.com/land/ad/5760148246?se=Rv3GsZxo8RGZ4YetJ9AKTQ&utm_medium=api&utm_source=b9c24709&v=F6B677F2F8BD42B2C602ACA3CACA7F255E2E3D8C; IMR Soft LLC|https://www.adzuna.com/land/ad/5761811457?se=qPk4uZxo8RGg_uUtxs6wdQ&utm_medium=api&utm_source=b9c24709&v=194A49C90E7EA0057B0F86EFDE1A7A982AFD314F; KurzSolutions|https://www.adzuna.com/land/ad/5757991666?se=QOG4uZxo8RGg_uUtxs6wdQ&utm_medium=api&utm_source=b9c24709&v=1E2D5983A56255BB4CB92C9A9DFE60767428C10F; ManhattanLife Assurance Company of America|https://www.adzuna.com/land/ad/5763570420?se=FteBtpxo8RGg_uUtxs6wdQ&utm_medium=api&utm_source=b9c24709&v=687E3D6654F857FCEC53C48E056130A419AB53E4; MethodHub|https://www.adzuna.com/land/ad/5757524847?se=IOelr5xo8RGmNfxg1jfgmQ&utm_medium=api&utm_source=b9c24709&v=1665EAA36D1436E9B38CC630208EE86F5A777938; Net2Source|https://www.adzuna.com/land/ad/5763571088?se=ZCInr5xo8RGJt5LAxIaCWw&utm_medium=api&utm_source=b9c24709&v=F59023464CE8D4CBB2F893024BEFC3C3814D45BD; NextGenPros Inc|https://www.adzuna.com/land/ad/5763572848?se=ZCInr5xo8RGJt5LAxIaCWw&utm_medium=api&utm_source=b9c24709&v=68ABA3C68977A64987381581AA30F511E720720B; Northwest Partners|https://www.adzuna.com/details/5756721614?utm_medium=api&utm_source=b9c24709; PMO Partners, LLC|https://www.adzuna.com/land/ad/5740840441?se=QOG4uZxo8RGg_uUtxs6wdQ&utm_medium=api&utm_source=b9c24709&v=8FCC5D49B5E990E8B621ED2BE0DEB0AA15C6BCDE; People's Trust Insurance|https://www.adzuna.com/land/ad/5757363973?se=FteBtpxo8RGg_uUtxs6wdQ&utm_medium=api&utm_source=b9c24709&v=60A48CFAA087F7E3E0B1F003D7A76990941F22D9; Purple Drive Technologies LLC|https://www.adzuna.com/land/ad/5757413736?se=IOelr5xo8RGmNfxg1jfgmQ&utm_medium=api&utm_source=b9c24709&v=8EF8FD767F77931FED8E7472C4D2B056D0605AAD; Rapsys Technologies|https://www.adzuna.com/land/ad/5756446704?se=5PY_tZxo8RGkWLKt4v5GuQ&utm_medium=api&utm_source=b9c24709&v=BB26BC48525E07700EA46A284549B97C0E10C0BE; SDVS Technologies LLC|https://www.adzuna.com/land/ad/5761811688?se=QOG4uZxo8RGg_uUtxs6wdQ&utm_medium=api&utm_source=b9c24709&v=0EF11ED2F36B2F7B1F45D39925307101AD21731B; SRI Tech Solutions|https://www.adzuna.com/land/ad/5756671447?se=IOelr5xo8RGmNfxg1jfgmQ&utm_medium=api&utm_source=b9c24709&v=48438E0CE1004EDBC508A9C6885CF7B75FDF6D02; SolutionIT, Inc.|https://www.adzuna.com/land/ad/5757461180?se=QOG4uZxo8RGg_uUtxs6wdQ&utm_medium=api&utm_source=b9c24709&v=F29EBE1A71A7EF9E8DF254231C47FA3A47167727; Staffing the Universe|https://www.adzuna.com/land/ad/5760884742?se=QOG4uZxo8RGg_uUtxs6wdQ&utm_medium=api&utm_source=b9c24709&v=6294A0A74909A8570BD34E7137E605C753F21AF1; Synapse Flow|https://www.adzuna.com/land/ad/5763574946?se=kMJosJxo8RGZ4YetJ9AKTQ&utm_medium=api&utm_source=b9c24709&v=5BF654A9898C0E31A111FF5FFA6646B0363925B7; TEKEngineersInc|https://www.adzuna.com/land/ad/5761508296?se=FteBtpxo8RGg_uUtxs6wdQ&utm_medium=api&utm_source=b9c24709&v=173AE7E8068D4F182834C53C90439E5475BD670A; TechWish|https://www.adzuna.com/land/ad/5761545973?se=fhzftZxo8RGg_uUtxs6wdQ&utm_medium=api&utm_source=b9c24709&v=2A6DA4239FEFE9910B76D8E78D4FDBEEF33D79DC; TechnoSphere, Inc.|https://www.adzuna.com/land/ad/5758278271?se=ZCInr5xo8RGJt5LAxIaCWw&utm_medium=api&utm_source=b9c24709&v=CFF75712C9ADA1D29CF0F74DDAEBBF45665B511C; UniqueHire Consulting LLC|https://www.adzuna.com/land/ad/5760148178?se=ZCInr5xo8RGJt5LAxIaCWw&utm_medium=api&utm_source=b9c24709&v=781244D78BE2BD758EA6BB10FA2381388E1A0E3C; Westfield|https://www.adzuna.com/land/ad/5762502117?se=3CFUupxo8RGJt5LAxIaCWw&utm_medium=api&utm_source=b9c24709&v=0A7F9E280EA46F970A3B40BA5BD85CDC8DFDAB09; Wisdom Infotech|https://www.adzuna.com/land/ad/5763605844?se=ZCInr5xo8RGJt5LAxIaCWw&utm_medium=api&utm_source=b9c24709&v=97D2BEC850EA3501AE00ADA4D9FECA0FFF0FC8F0","AAA; APLOMB Technologies; ARSquare Tech LLC; Accellor; Accord Technologies Inc.; Algo Soft Solutions LLC; American Family Mutual Insurance Company; American Traveler; Aroha Technologies; BP&C; Bamboo Insurance; Berkley; Blue Cross Blue Shield of Michigan; Bright Vision Technologies; Brilliant Infotech Inc.; Buaut; CFS; CSAA Insurance Group; California SoftTech, Inc.; Canal Insurance Company; Capgemini; Carle Health; ClientServer Technology Solutions LLC; ClifyX; Cloudious; Cloudpaths; Cognizant; Collaborate Solutions, Inc.; Columbia Insurance; Conch Technologies Inc; Concord Physicians Solutions; ConglomerateIT; Connect Tech Talent; Connect Tech+Talent; Cordova; Cynet Systems; DTEL Engineering & Consultants Inc; Deloitte; Digicomplish Inc; Diverse Lynx; Duke Clinical Research Institute; E-IT; ECCLESIASTES INC; EY; Elite Technical; Endurance Services Limited; Envision Technology Solutions; Erie Insurance Group; Excelon Solutions; Express Employment; FCCI; Farmers Mutual Insurance Company Of Nebraska; Fixity Technologies; Fourth Yuga Tech LLC; Frankenmuth Insurance; Fusion Medical Staffing-Cath Lab; Galaxy i Technologies, Inc.; Genesis NGN Inc.; Great American Insurance Company; Greater New York Mutual Insurance Company; HCLTech; HDI Global SE; HR Pundits; HTC Global Services; Hartford Healthcare; Heritage Mga Llc; Hermitage Infotech; ICS Global Soft, Inc.; IMR Soft LLC; Incorporan Inc; Inherent Technologies; Insight Global; JBA International; Jean Martin, Inc; Judge Group, Inc.; K-Tek Resourcing LLC; Kemper; Key2Source INC; Kforce Technology Staffing; King'S Insurance Staffing; KurzSolutions; Last Word Consulting; Legacy Health; Levi, Ray & Shoup; Liberty Mutual; Lowell General Hospital; MMT; ManhattanLife Assurance Company of America; Medical Solutions; Mercury Insurance Services, LLC; Mercy; MethodHub; Methodist Health System; National Indemnity Company; Net2Source; New Age Software Services Corporation; New York Technology Partners; Next Level Business Services, Inc.; NextGenPros Inc; Northwest Partners; Novant Health; OhioHealth; Okaya Inc; Openkyber; PMO Partners, LLC; People's Trust Insurance; PricewaterhouseCoopers; Professional Search Group; Prudent Technologies and Consulting; Purple Drive Technologies LLC; Purple Hires; PwC; Quantiphi; RBGlobal; Rapsys Technologies; Robert Half; S3; SDVS Technologies LLC; SRI Tech Solutions; Shrive Technologies LLC; Sidzen LLC; SolutionIT, Inc.; Spear Staffing; Sprocket Staffing Services; StaffDNA; Staffing the Universe; Stanley David and Associates; Synapse Flow; TEKEngineersInc; TEKsystems c/o Allegis Group; TSQ Systems Inc; Talent Search PRO; TechWish; TechnoSphere, Inc.; The Dignify Solutions, LLC; The Hartford; Travelers; UniqueHire Consulting LLC; United Auto Insurance; Vertical Falls LLC; Westfield; Williamson Health; Wipfli; Wisdom Infotech; Xcutives.com Inc; Yochana IT Solutions; Zodiac Solutions Inc.; Ztek Consulting; eSense Incorporated; head-huntress.com; i3; iBridge Techsoft LLC; ruchika@arsquaretech.com"
2026-06-15,Agilysys,us,70,59,11,46,2,CoralTree Hospitality|https://www.adzuna.com/details/5759821645?utm_medium=api&utm_source=b9c24709; Liv Hospitality|https://www.adzuna.com/details/5763223376?utm_medium=api&utm_source=b9c24709,"AZUL Hospitality; Amherst College; Bluewater Casino & Resort; Chicken Ranch Casino; Coeur d'Alene Casino Resort Hotel; Compass Group, North America; CoralTree Hospitality; Crescent Careers; Diverse Concepts, LLC; Firebrand; Fort Mcdowell Golf Club; Gaming Enterprise; Grand Lake Casino; Hilton Grand Vacations; Houstonian; Inn of the Mountain Gods; LV Search Partners; Lake Lawn Resort; Link Technologies; Liv Hospitality; Lucky Eagle Casino; Maverick Colorado; Miccosukee Resort & Gaming; Mohawk Casino; Ocean Casino Resort; Ojo Caliente Holdings; Otesaga Hotel.; Photon Group; Pinehurst; Property Management; Pure Events Lp; Q Casino + Resort; Salamander Palm Beach Employer; Santa Clara Development Corporation; Shangri-La; Shore Lodge Whitetail; Six Flags; Smoky Mountain Resorts; Spooky Nook Sports; Squaxin Island Gaming Enterprise; Star Casino; The Boca Raton; The Otesaga Resort Hotel; Treetops Resort; Ute Mountain Casino Hotel; ilani Casino Resort"
2026-06-15,Qualys,us,1000,957,43,299,46,"Aequor|https://www.adzuna.com/land/ad/5760058016?se=eGVtvJxo8RGkWLKt4v5GuQ&utm_medium=api&utm_source=b9c24709&v=D792BB06FB5484727593B20AC65C6F161210955E; Applus+ Laboratories|https://www.adzuna.com/land/ad/5760053629?se=PKjTvZxo8RGkWLKt4v5GuQ&utm_medium=api&utm_source=b9c24709&v=5E280E8DA07B58483F2A7DCE48A4516EAB72A08A; BDR Solutions|https://www.adzuna.com/details/5756896826?utm_medium=api&utm_source=b9c24709; BOTG LLC|https://www.adzuna.com/land/ad/5761883326?se=eGVtvJxo8RGkWLKt4v5GuQ&utm_medium=api&utm_source=b9c24709&v=F7DDEEEB5604E121547CA10BFF45AC203043C83F; Cisive|https://www.adzuna.com/details/5761281375?utm_medium=api&utm_source=b9c24709; Crescent Solutions|https://www.adzuna.com/land/ad/5763575822?se=eGVtvJxo8RGkWLKt4v5GuQ&utm_medium=api&utm_source=b9c24709&v=8D5A9756BB9EE291BADBEFF9E1C854B4F34B7525; Dexter|https://www.adzuna.com/land/ad/5758244722?se=eGVtvJxo8RGkWLKt4v5GuQ&utm_medium=api&utm_source=b9c24709&v=A759845881BCA02D3262BF8C490F873BD7044411; ECS|https://www.adzuna.com/land/ad/5759565386?se=0v7xvJxo8RGZ4YetJ9AKTQ&utm_medium=api&utm_source=b9c24709&v=065F40AA047D3B8EE10126A73FEF4744A83E7881; Electronic Consulting Services, Inc|https://www.adzuna.com/land/ad/5759375854?se=0v7xvJxo8RGZ4YetJ9AKTQ&utm_medium=api&utm_source=b9c24709&v=B497A7AE9253533AF81E5C2B45268BD9C95F8F04; Element Consulting|https://www.adzuna.com/details/5757915059?utm_medium=api&utm_source=b9c24709; Essential Utilities|https://www.adzuna.com/details/5757039251?utm_medium=api&utm_source=b9c24709; First Key Homes|https://www.adzuna.com/details/5759475582?utm_medium=api&utm_source=b9c24709; GE Vernova|https://www.adzuna.com/details/5760728692?utm_medium=api&utm_source=b9c24709; Genentech|https://www.adzuna.com/land/ad/5763994533?se=KMLWvpxo8RGkWLKt4v5GuQ&utm_medium=api&utm_source=b9c24709&v=6E1814FA1775D5F233E28780172557108E5878EB; Gotion Inc.|https://www.adzuna.com/land/ad/5758228237?se=SnGuu5xo8RGZ4YetJ9AKTQ&utm_medium=api&utm_source=b9c24709&v=CE4EAC382D07679CADB091DA42EFA0B3EDEE9E17; HRUCKUS|https://www.adzuna.com/land/ad/5759370810?se=PKjTvZxo8RGkWLKt4v5GuQ&utm_medium=api&utm_source=b9c24709&v=99FB376B6EEC864C6DC7BB28AB33A0214E776535; Healthcare Outcomes Performance Company|https://www.adzuna.com/details/5759796198?utm_medium=api&utm_source=b9c24709; ID Plans|https://www.adzuna.com/details/5762426625?utm_medium=api&utm_source=b9c24709; Illinois Attorney General|https://www.adzuna.com/details/5759749197?utm_medium=api&utm_source=b9c24709; Instant Serve LLC|https://www.adzuna.com/details/5761914609?utm_medium=api&utm_source=b9c24709; InterSources Inc|https://www.adzuna.com/land/ad/5764063998?se=eGVtvJxo8RGkWLKt4v5GuQ&utm_medium=api&utm_source=b9c24709&v=B58B88A5819F2BF0857ACCAD707BE6173C4CBC00; JetBlue Airways Corporation|https://www.adzuna.com/details/5761595292?utm_medium=api&utm_source=b9c24709; Logicplanet, Inc.|https://www.adzuna.com/land/ad/5756396619?se=SnGuu5xo8RGZ4YetJ9AKTQ&utm_medium=api&utm_source=b9c24709&v=17B421BB436FAA6D68E71F4023460BD872B11621; MSYS Inc.|https://www.adzuna.com/land/ad/5761760704?se=eGVtvJxo8RGkWLKt4v5GuQ&utm_medium=api&utm_source=b9c24709&v=C6C071F813CFB5F6B43B4E082567B0F0C4A8C511; McAfee|https://www.adzuna.com/details/5759733526?utm_medium=api&utm_source=b9c24709; Morgan-Fleming & Partners|https://www.adzuna.com/land/ad/5763574898?se=SnGuu5xo8RGZ4YetJ9AKTQ&utm_medium=api&utm_source=b9c24709&v=CD52BCA00AD183D606B4016148852D80C07B243C; NRI Staffing|https://www.adzuna.com/land/ad/5758268754?se=SnGuu5xo8RGZ4YetJ9AKTQ&utm_medium=api&utm_source=b9c24709&v=82A0B0AC7152C432555CDD20FB5E0C9C32462F8E; Omnicell|https://www.adzuna.com/details/5761920914?utm_medium=api&utm_source=b9c24709; RESRG Automotive|https://www.adzuna.com/land/ad/5763573616?se=eGVtvJxo8RGkWLKt4v5GuQ&utm_medium=api&utm_source=b9c24709&v=0B0E5FCE89FE1B9E323DB27C6A0B400102AA68CC; Radiant Systems Inc|https://www.adzuna.com/land/ad/5759431484?se=eGVtvJxo8RGkWLKt4v5GuQ&utm_medium=api&utm_source=b9c24709&v=841C57718B68ADB0A6675B176EE969CC56C7A2A2; Roadie|https://www.adzuna.com/details/5759730048?utm_medium=api&utm_source=b9c24709; Selene Diligence|https://www.adzuna.com/details/5761182406?utm_medium=api&utm_source=b9c24709; Serco Inc.|https://www.adzuna.com/land/ad/5759552544?se=qoIdwpxo8RGg_uUtxs6wdQ&utm_medium=api&utm_source=b9c24709&v=CE0DA42186707CF9B90BCB25BBCF68F0DE28981C; Siritech Solutions Corp|https://www.adzuna.com/details/5761936279?utm_medium=api&utm_source=b9c24709; Solventum|https://www.adzuna.com/details/5761256570?utm_medium=api&utm_source=b9c24709; State Street|https://www.adzuna.com/details/5756871059?utm_medium=api&utm_source=b9c24709; Stellar Consulting Solutions, LLC|https://www.adzuna.com/land/ad/5763111997?se=dFVIvpxo8RGg_uUtxs6wdQ&utm_medium=api&utm_source=b9c24709&v=85BCFF500A979DE0CCED03736CABEA970901F92E; StellarBlue.ai|https://www.adzuna.com/land/ad/5759413037?se=KMLWvpxo8RGkWLKt4v5GuQ&utm_medium=api&utm_source=b9c24709&v=1D40DE0761F1C7AAEA656D43EDD8FA61387E5508; TECHNOCRAFT SOLUTIONS|https://www.adzuna.com/land/ad/5761867427?se=0v7xvJxo8RGZ4YetJ9AKTQ&utm_medium=api&utm_source=b9c24709&v=6C3DBBADDE43E554BF0A2624EBFC8ABD9A53A6A5; ThedaCare|https://www.adzuna.com/details/5645145352?utm_medium=api&utm_source=b9c24709; Two Six Technologies|https://www.adzuna.com/land/ad/5760871705?se=ju8iwZxo8RGkWLKt4v5GuQ&utm_medium=api&utm_source=b9c24709&v=9B4BAF01AF80E25D25C39053449635F8B1382358; University of Miami|https://www.adzuna.com/details/5757056313?utm_medium=api&utm_source=b9c24709; V-Work Infotech Solutions INC|https://www.adzuna.com/land/ad/5761509279?se=SnGuu5xo8RGZ4YetJ9AKTQ&utm_medium=api&utm_source=b9c24709&v=7BC4C5A129279F7DACEA5782898311EA9D4EB162; VSCE|https://www.adzuna.com/details/5763189459?utm_medium=api&utm_source=b9c24709; Virtru|https://www.adzuna.com/details/5763320659?utm_medium=api&utm_source=b9c24709; Workforce1|https://www.adzuna.com/details/5759820792?utm_medium=api&utm_source=b9c24709","AECOM; ASM Research, An Accenture Federal Services Company; ATL Professional Services; Acrisure; Aequor; Ag Jobs; AgreeYa Solutions; Ahead; Air Apps; Akaasa Technologies; Albano Systems Inc; Aledade; Alkami; American Credit Acceptance; American IT Systems; Analog Devices; ApTask Global Workforce; Apex Systems; Applus+ Laboratories; Aretec Open Opportunites; Armison Tech; Ascensus; AspenView Technology Partners; Auburn University; BBVA; BDR Solutions; BNY Mellon; BOAB Ventures; BOTG LLC; Bank of America; Barclays; Barnstable Public Schools; Batesville Tool & Die; Beyond SOF; Bigbear.ai; Bismarck Public Schools; Booz Allen Hamilton; Boston Government Services, LLC; CACI; CGI; CGP Maintenance & Construction Services; CIM Group; CYNET SYSTEMS; Capital Consultants Management Corporation; Capital One; Capricor Therapeutics; Carnival Corporation; Carrier; Catawba Two Kings Casino; Celonis; Cetera Financial Group; Champion Home Builders Inc.; Cherokee Nation Businesses; Cisive; Citizens; City of Cathedral City; City of Sunnyvale; Coalfire; Cognizant; Commonpoint Queens; Compass Group, North America; Computer Merchant, Ltd., The; Conifer Health Solutions; Construction Resources; Core Specialty Insurance Services; Corient; Crescent Solutions; DLH; DRW; DTCC; Danta Technologies; Deloitte; Deriva Energy; Dew Softech Inc; Dexter; Dun & Bradstreet; ECG Management Consultants; ECS; EY; Early Warning Services, LLC; Educational Service Center of Central Ohio; Elbit America; Electronic Consulting Services, Inc; Electrosoft; Element Consulting; Emanuel Medical Ctr; Entarian; Enterris Associates; Envelop Group; Epic Charter School; Essential Utilities; Evolver; FCC Environmental Services; Falmouth Public Schools; Fidelity; First Key Homes; Forcepoint; Forescout Technologies; Fortinet; Freedom Technology Solutions Group; GBOE; GE Vernova; GM Financial; Gainwell Technologies LLC; Galactic Minds Inc.; Galent; Genentech; Genesis Capital; Glocomms; Godwins Gatorland; Goldbelt Inc; Gotion Inc.; GovCIO; Gowanda Electronics.; Grandview; Greenboard; GuidePoint Security; HP; HRUCKUS; Hazelwood School District; Healthcare Outcomes Performance Company; Herron High School; Hexaware Technologies, Inc; Higgins Group, Inc.; Holland & Knight; Holtec International; Honeywell; HonorVet Technologies; Honu Services; ID Plans; INPO External; INSPYR Solutions; INTECH Process Automation; ISOutsource; Idbny; Illinois Attorney General; InfiCare Technologies; InquisIT; Insight Global; Instant Serve LLC; InterSources Inc; Investar Bank National As; J5 Consulting; Jbs Usa; JetBlue Airways Corporation; Johns Manville; Jose Merciline; Judge Group, Inc.; Kelly Services; Kforce Technology Staffing; Kforcetech Solutions Inc; Koniag Government Services; Leading Path Consulting; Lenz Therapeutics; LexisNexis Risk Solutions; Lightning AI; Lockheed Martin; Logicplanet, Inc.; Lucrotec, LLC; Lumen; MSU Careers Details; MSYS Inc.; McAfee; Memorial Sloan Kettering Cancer Center; MiQ Digital USA; Microsoft Corporation; Milbank LLP; Mindlance; Mitsubishi UFJ Financial Group; Morgan-Fleming & Partners; Motion Recruitment Partners, LLC; Muleshoe ISD; My3Tech; NEW TREW Site; NICE; NRI Staffing; NTT America, Inc.; Nanite; Netrio; New York Life Insurance Co; NewVison; Newrez; Nidec; Nlets; Northern Light; Northrop Grumman; Office Depot; Old National Bank; Omnicell; OneMain Financial; Openkyber; Operation Breakthrough; P3S Capital Holdings; PTR Global; PTS Advance; Partnership HealthPlan of California; Persistent Systems; Pinnacle Technical Resources; Pitney Bowes; Point72; PowerPlan, Inc; ProArch; Prudential Financial; QualiTech; Qualis; Quantinuum; Quest Diagnostics; RELX INC; RESRG Automotive; RICEFW Technologies Inc; RSM; Radiant Systems Inc; Redapt; Redesign; Renu Energy Solutions; Resolutions Hospice Austin; Restaurant Brands International; Rhodian Group; Rishabh Software Pvt. Ltd; Roadie; Roane County Schools; Robert Half; STIGroup; Saic; Saint Xavier University; Salt Lake Community College; Samsung SDS America; Sandhills Community College; Selene Diligence; Sentara Hospitals; Sequoia Connect; Serco Inc.; Sherpa 6; Siemens; Siritech Solutions Corp; SkyePoint Decisions; Solana Technology; Solventum; Southern Utah University; Southwest Research Institute - Fulltime; Spring Grove Area School District; Stanford University; State Street; State of Florida; Stellar Consulting Solutions, LLC; Stellar IT Solutions; Stellar Professionals; StellarBlue.ai; Stillwater Sciences; Superior Support Resources; SysLogic, Inc.; T. Rowe Price; TE Connectivity; TECHNOCRAFT SOLUTIONS; TEKsystems; TRC Talent Solutions; Techximius; The Giant Bullseye; The H and S Family of Bakeries; The Jeffcoat Firm Injury & Accident Lawyers PA; The OCC; The ODP Corporation; The Search Solutions, LLC; The Timberline Group; The Vanguard Group; ThedaCare; Three Rivers/Josephine County Sd; Toyota Motor North America; Trailboss Enterprises; TrellisWare Technologies; Tri-Force Consulting Services, Inc.; Two Six Technologies; Two95 International Inc.; Tyto Athene; University of Miami; University of New Mexico; University of Rochester; V-Work Infotech Solutions INC; V2X; VSCE; VTekis Consulting LLP; Vantage Recruiting; Versiti; Virtru; Vultr; WEP-USA LLC; Wakefield Public Schools; West Advanced Technologies, Inc.; Williams International; WorkInCryptoGlobal; Workday, Inc.; Workforce1; Yondr Group; Zachary Piper Solutions, LLC; Zealogics.com; Zermount, Inc; i360technologies; mSupply; restor3d"
2026-06-22,Varonis,us,301,245,56,56,11,"Advisor Group|https://www.adzuna.com/details/5771344838?utm_medium=api&utm_source=b9c24709; Bankers Trust Company|https://www.adzuna.com/details/5767841295?utm_medium=api&utm_source=b9c24709; Computer Enterprises, Inc.|https://www.adzuna.com/land/ad/5767312632?se=etPC4Rpu8RG-C6DUZsghXQ&utm_medium=api&utm_source=b9c24709&v=37C2ED1EBC24C99047BA54834254506362426357; Edi Matrix LLC|https://www.adzuna.com/land/ad/5768383454?se=etPC4Rpu8RG-C6DUZsghXQ&utm_medium=api&utm_source=b9c24709&v=BC4D4891B6CBA5889A1D7481CF0E9935BDA1B1ED; Enexus Global|https://www.adzuna.com/land/ad/5769849293?se=etPC4Rpu8RG-C6DUZsghXQ&utm_medium=api&utm_source=b9c24709&v=17FA43276B13812341E407078A5FC5A9A46AA840; Fourways Consulting Services|https://www.adzuna.com/land/ad/5769613716?se=QBra4Bpu8RGw6orMd6W2gw&utm_medium=api&utm_source=b9c24709&v=374972C9322E9287E472223709EDF70295B8EFD4; Genworth Financial|https://www.adzuna.com/details/5766544992?utm_medium=api&utm_source=b9c24709; IQVIA|https://www.adzuna.com/land/ad/5771308960?se=Hm9m5Rpu8RGw6orMd6W2gw&utm_medium=api&utm_source=b9c24709&v=876393E2AB092CFB5C32FC16C7BC44D2035D63F7; Salesforce|https://www.adzuna.com/details/5767876321?utm_medium=api&utm_source=b9c24709; The Caldwell Group|https://www.adzuna.com/land/ad/5768689378?se=QBra4Bpu8RGw6orMd6W2gw&utm_medium=api&utm_source=b9c24709&v=4BDA874233F50AE00DBAF2317F4D62FEDBDE4A1C; Wiserhunt|https://www.adzuna.com/details/5768752899?utm_medium=api&utm_source=b9c24709","AE Business Solutions; AFL; Advisor Group; Apex Systems; Axiom Path; Bankers Trust Company; Be The Match; Bloomberg; Booz Allen Hamilton; Bristol Myers Squibb; Brown Investment Advisory & Trust; Computer Enterprises, Inc.; Deloitte; East West Bank; Edi Matrix LLC; Enexus Global; FAIRWINDS Credit Union; Fourways Consulting Services; GD Information Technology; General Dynamics Information Technology; Genworth Financial; GuidePoint Security; HAYS; HD Supply; IQVIA; Insight Global; Kentro; MSP Hire; Master Halco; Mohegan; Morgan Stanley; NMDP; NTT America, Inc.; NTT DATA Americas, Inc; Nordic Consulting Partners; Openkyber; PSFCU Careers; Proofpoint; Red River; Regeneron Pharmaceuticals; Regent University; SANS; SHI; SMBC; SPHERE Technology Solutions; SPS Consulting; Salesforce; SourcePro Search; System One; TEKsystems c/o Allegis Group; Teramind; The Caldwell Group; US Offices & Unit; Upstart; VeridianTech; Wiserhunt"
2026-06-22,Dynatrace,us,1000,959,41,312,38,"Artech Information Systems|https://www.adzuna.com/land/ad/5767738563?se=CDNM7Rpu8RGw6orMd6W2gw&utm_medium=api&utm_source=b9c24709&v=B0865E8DA58C33F5AB94065738540950CECC702F; Atash Enterprises, LLC|https://www.adzuna.com/land/ad/5769841703?se=aGXj8Bpu8RGG7YcE4aLLAA&utm_medium=api&utm_source=b9c24709&v=F5694687719EED9414F569AF9BCFA77111AD721F; BNY|https://www.adzuna.com/land/ad/5768198134?se=7Jm-6Rpu8RG-C6DUZsghXQ&utm_medium=api&utm_source=b9c24709&v=70B95FBD6E105C5B11B1D7BDD810D6A943D3E9DC; Compunnel Inc.|https://www.adzuna.com/land/ad/5769612808?se=fivD7hpu8RG-C6DUZsghXQ&utm_medium=api&utm_source=b9c24709&v=F6F7AD75B56858F32B8BC72F3E29F3CD97D3DAA0; Comtech Global|https://www.adzuna.com/land/ad/5768365499?se=7Jm-6Rpu8RG-C6DUZsghXQ&utm_medium=api&utm_source=b9c24709&v=D4C76079B10677359BACC2467238BF1FB699AA35; Data Systems Integration Group|https://www.adzuna.com/land/ad/5769612343?se=9GVD8Bpu8RGw6orMd6W2gw&utm_medium=api&utm_source=b9c24709&v=0A19CED837DAF8EF9342DFE8C4099FAFE19284D8; Digitek Software, Inc.|https://www.adzuna.com/land/ad/5768360427?se=aGXj8Bpu8RGG7YcE4aLLAA&utm_medium=api&utm_source=b9c24709&v=750258D28B2FFA22BE2FA044EE2DFDAD12A08B6E; Edi Matrix LLC|https://www.adzuna.com/land/ad/5766919580?se=aGXj8Bpu8RGG7YcE4aLLAA&utm_medium=api&utm_source=b9c24709&v=A21BF078AE9EF912ED8860E4B5039EA9D6D40AB4; Floga technologies|https://www.adzuna.com/land/ad/5766014281?se=Xqct5xpu8RGw6orMd6W2gw&utm_medium=api&utm_source=b9c24709&v=78610A52DEC756F7E12159EC766FA8D3F2EEB2F9; GDH|https://www.adzuna.com/land/ad/5768962610?se=HlH26xpu8RG-C6DUZsghXQ&utm_medium=api&utm_source=b9c24709&v=217004EDB37EE4E5B8AD089A0A78F82BB8B6554D; IT Engagements|https://www.adzuna.com/details/5764829890?utm_medium=api&utm_source=b9c24709; Innova|https://www.adzuna.com/land/ad/5769611128?se=SMtB8hpu8RGG7YcE4aLLAA&utm_medium=api&utm_source=b9c24709&v=E88F58E3E16B4A4897DD4EA80F1A2DFFE80C3C1D; K&K Global Talent Solutions|https://www.adzuna.com/land/ad/5769928164?se=zNBp5hpu8RG-C6DUZsghXQ&utm_medium=api&utm_source=b9c24709&v=6E47BB01A4D46FDD139FA15F3638F4CF59226B03; Kodi Inc|https://www.adzuna.com/land/ad/5766919578?se=9GVD8Bpu8RGw6orMd6W2gw&utm_medium=api&utm_source=b9c24709&v=16696EA98082CD8231D72816489DC4D0EA75C202; Leidos|https://www.adzuna.com/land/ad/5768974581?se=ehBP6xpu8RGG7YcE4aLLAA&utm_medium=api&utm_source=b9c24709&v=430ED56BE3648E8BE7703A1E4295F26B8218C230; London Stock Exchange Group|https://www.adzuna.com/land/ad/5768197988?se=IIp79Bpu8RGG7YcE4aLLAA&utm_medium=api&utm_source=b9c24709&v=6D11ECB63B5B5DC7190A5D3CB56AA6BF9B17CFEC; Mpower Plus Rezolve AI Group LTD|https://www.adzuna.com/land/ad/5764589011?se=bOjr6Bpu8RGw6orMd6W2gw&utm_medium=api&utm_source=b9c24709&v=61FD59750778DAC7ED763D19994DE9CBE81B0849; Northern Trust|https://www.adzuna.com/land/ad/5768328811?se=aOt87xpu8RGG7YcE4aLLAA&utm_medium=api&utm_source=b9c24709&v=E763F96CCDCBF7302527547FEB1150D2CFFAC59B; P2PSoftTek Inc|https://www.adzuna.com/land/ad/5766992246?se=Xqct5xpu8RGw6orMd6W2gw&utm_medium=api&utm_source=b9c24709&v=92A8F17C2DA0D5A44F3E0FC7ED285CC6C19F92A9; Pioneer IT Systems LLC|https://www.adzuna.com/land/ad/5764434650?se=HlH26xpu8RG-C6DUZsghXQ&utm_medium=api&utm_source=b9c24709&v=93D8EC737E33A9FF64C70E1683A9D623E1EF3E3E; Protos IT|https://www.adzuna.com/land/ad/5767326753?se=bOjr6Bpu8RGw6orMd6W2gw&utm_medium=api&utm_source=b9c24709&v=1D7F0CCEFA3F001204ABC14B4CF4D8DDAA6EDD50; Rapsys Technologies|https://www.adzuna.com/land/ad/5765667251?se=zNBp5hpu8RG-C6DUZsghXQ&utm_medium=api&utm_source=b9c24709&v=E9678F1E9C7E2596143FEBA9672C4CFC57350819; Request Technology, LLC|https://www.adzuna.com/land/ad/5757847502?se=8t0p7hpu8RGG7YcE4aLLAA&utm_medium=api&utm_source=b9c24709&v=5A9F2AEA37109E1834F7A36BF3152B00C3D89FFE; RightTalents|https://www.adzuna.com/land/ad/5764529543?se=ehBP6xpu8RGG7YcE4aLLAA&utm_medium=api&utm_source=b9c24709&v=B88BEF820A3EF9E03E94B7E71A65CCDC6ADF391E; S Linx LLC|https://www.adzuna.com/land/ad/5768230047?se=SMtB8hpu8RGG7YcE4aLLAA&utm_medium=api&utm_source=b9c24709&v=2BC88B6F27B706D48D4425CBBDCB9310E8ABDC01; SGS Consulting|https://www.adzuna.com/land/ad/5765676363?se=aGXj8Bpu8RGG7YcE4aLLAA&utm_medium=api&utm_source=b9c24709&v=65C1BEEF3D0075CB14BC4BEC8FC3F577F43AFC70; SOC/Day & Zimmermann Federal Services|https://www.adzuna.com/land/ad/5768974239?se=9GVD8Bpu8RGw6orMd6W2gw&utm_medium=api&utm_source=b9c24709&v=CDF229FCF820728D5CCB7069DAB2ADF66EFBE6D2; SVATS|https://www.adzuna.com/land/ad/5766914493?se=CDNM7Rpu8RGw6orMd6W2gw&utm_medium=api&utm_source=b9c24709&v=3770776B22A351B1ED100EAD68D8E5D746B5DD1E; Spry Squared Inc|https://www.adzuna.com/details/5766404802?utm_medium=api&utm_source=b9c24709; Staples|https://www.adzuna.com/land/ad/5770052326?se=SOOY7Bpu8RGw6orMd6W2gw&utm_medium=api&utm_source=b9c24709&v=D0F4DC7BA2B59A6C0F688531F90EDB5B69CCF1C9; The Jupiter Group|https://www.adzuna.com/land/ad/5769612747?se=ur5P6Bpu8RGG7YcE4aLLAA&utm_medium=api&utm_source=b9c24709&v=96B2FC3FF4CF28E518759606750FF056EF970879; USG, Inc.|https://www.adzuna.com/land/ad/5766914438?se=8t0p7hpu8RGG7YcE4aLLAA&utm_medium=api&utm_source=b9c24709&v=4A176A05FA694DBFD7BACD68FC197BD7CF19BDFB; Unisys|https://www.adzuna.com/land/ad/5767378761?se=fivD7hpu8RG-C6DUZsghXQ&utm_medium=api&utm_source=b9c24709&v=56C83DF2210181B91D08420657B094EFD37C52AF; VMC SOFT TECHNOLOGIES INC|https://www.adzuna.com/details/5766170852?utm_medium=api&utm_source=b9c24709; Vail Resorts|https://www.adzuna.com/land/ad/5767483567?se=CDNM7Rpu8RGw6orMd6W2gw&utm_medium=api&utm_source=b9c24709&v=E07CD88A3C6E4111B1C5B6EF7845CFBD57EEAA50; Veterans EZ Info, Inc|https://www.adzuna.com/land/ad/5764958930?se=HlH26xpu8RG-C6DUZsghXQ&utm_medium=api&utm_source=b9c24709&v=ADD86BDCD8E497C578BC6B009AF5C6FC28AC303F; Yochana IT Solutions|https://www.adzuna.com/land/ad/5757785933?se=bOjr6Bpu8RGw6orMd6W2gw&utm_medium=api&utm_source=b9c24709&v=C4C0972A521480547C024A941D43E0A8219BAEDA; iTek People, Inc.|https://www.adzuna.com/land/ad/5765673023?se=SMtB8hpu8RGG7YcE4aLLAA&utm_medium=api&utm_source=b9c24709&v=2691FDDB0E67D214B9480F3AE080AA3DDDC2E8E5","1 Point System; 3Core Systems, Inc; A1C Partners; ACI Infotech; ADPMN INC; AGM Tech Solutions, LLC; ASCENDING; ASM Research, An Accenture Federal Services Company; Accenture; Adva IT Services, Inc..; Agile Global Solutions, Inc; Ahead; Akaasa Technologies; Algo Soft Solutions LLC; American Builders and Contractors Supply Co; American Electric Power; American Express; American IT Systems; American Technology Consulting; Ampcus Inc; Amtex System Inc.; Anveta Inc; Apetan Consulting; Apex Systems; Apexon; Apidel Technologies; Apple; Apptad Inc; Arnex Solutions LLC; Arohak Inc; Artech Information Systems; AspireIT Solutions; Astra North Infoteck Inc.; Atash Enterprises, LLC; Atika Tech; Autodesk; Autozone; BCforward; BNY; Bank of America; Bansar Technologies Inc.; Bart & Associates; Belk; Berkley; Bitsoft International, Inc.; Bizoforce Inc; Blue Ribbon Global Technologies; Brilliant Infotech Inc.; Brooksource; Burlington; C4 Technical Services; CME Group; CTC; CTG; CVS Health; CYNET SYSTEMS; Calsoft Pvt Ltd; Camping World; Canoo Technologies; Cardinal Integrated Technologies Inc; Case Interactive; Cayuse Holdings; Centraprise Corp; Citigroup; ClinDCast, LLC; Cognizant; Compunnel Inc.; Computer World Services Corp; Comtech Global; Converge; Corpay; CrewBloom; CyberCore Technologies; DB Orlando- NJ; DMS Vision Inc; DTCC; DXC Technology; Data Systems Integration Group; Daten Technology Solutions; Description AutoZone; Dexian DISYS; Digipulse Technologies, Inc; Digital Technology Solutions; Digitek Software, Inc.; Direct Line Workforce Solutions; Dunhill Professional Search; EA Team, Inc.; EPAM Systems; EchoStar; EdgeVerve Systems Limited; Edi Matrix LLC; Eliassen Group; Ensono; Essel; FEDRUS GLOBAL LLC; FIS Capital Markets; Fast Switch; Fervorly; Fifth Third Bank, N.A.; First Horizon Bank; Fiserv; Floga technologies; Floor & Decor; Ford Motor Company; FreedomPay; Fusion HCR; Futran Solutions; GDH; GRT Corporation; General Dynamics Information Technology; Genesis10; Genius Road; Genuine Parts Company; Glint Tech Solutions LLC; Globalchannelmanagement; GovCIO; H R PUNDITS INC; HCSC; HERS Advisors; HTC Global Services; Hagerty Insurance; Healthfirst Corporation; Herbalife; Hexaware Technologies, Inc; Hicks Professional Group; Highbrow; HigherEchelon; Home Depot; Huntington National Bank; Hyundai Capital; IBM; INSPYR Solutions; IT Engagements; ITRS; Idexcel Inc.; InfoVision, Inc.; Innova; Insight Global; IntelliX Software, Inc.; Intercontinental Exchange; JBA International; JC Corporations Inc; JPMorgan Chase; JPMorganChase; JTEC Consulting; JTEC-Consulting; Jacobson Group; Javen Technologies, Inc; Jobot; Judge Group, Inc.; K&K Global Talent Solutions; KPG 99 Inc.; Kanor Systems; Kelly Services; KeyBank; Kforce Technology Staffing; Kirkland & Ellis LLP; Kodi Inc; Koniag Government Services; LPL Financial; Learn Beyond Consulting LLC; Leidos; Lockheed Martin; London Stock Exchange Group; Lumen Solutions Group Inc.; Luminare Health Benefits; Luna Data Solutions, Inc.; M9 Consulting; Maintec Technologies Inc; ManpowerGroup; Marriott; Mastech Digital; Mastercard; McKesson; Mitsubishi UFJ Financial Group; Modern Agile Technologies, LLC; Motion Recruitment Partners, LLC; Mpower Plus Rezolve AI Group LTD; NJTECH INC.; NTT DATA Americas, Inc; NetApp; New Age Software Services Corporation; Nisum; Nobl Q, LLC.; Noblesoft Solutions; Noblis; Northern Trust; OneStream; Ontada; Openkyber; Otter Base; P2PSoftTek Inc; PAYCO The Clearing House Payments Company; PNC; PRIMUS Global Services Inc.; PTR Global; Payactiv; PenFed Credit Union; Penske Truck Leasing; Peraton; Perficient; Peyton Resource Group; Photon; Pilvi Systems; Pioneer IT Systems LLC; Plexus Worldwide; Polar IT Services; Powder River Industries, LLC; Prism, Inc.; Procession Systems; Protos IT; Proventus Metrics; Pyramid Consulting, Inc.; Pyramid Technology Solutions, Inc.; QTech; Qode; Quest Diagnostics; RIT Solutions; RaceTrac; Randstad Digital; Rapsys Technologies; Raymond James Financial, Inc.; Recutify Inc.; Redolent; Request Technology, LLC; Resource Management Concepts, Inc. - Rmc, Inc.; Reveille Technologies; RightTalents; Riptide Technology; Rivago infotech inc; S Linx LLC; S3; SGS Consulting; SLK America Inc.; SOC/Day & Zimmermann Federal Services; SVATS; Saic; Sambasafety; Saransh Inc; Scicom Infrastructure Services; Shift Code Analytics; Sierra Business Solution LLC; Siritech Solutions Corp; SmartIPlace; Software Guidance & Assistance; Solugenix Corporation; South Geeks; Spry Squared Inc; Staffing Agency Recruitment; Staffingagencyrecruitment; Staffxpert LLC; Staples; State Street; Stefanini; Stellent IT LLC; Sun Technologies,Inc.; Sunrise Systems, Inc.; System One; T. Rowe Price; TECH Tammina; TEKsystems; TIAA; TSQ Systems Inc; Talent Groups; TechniPros; TekCommands Inc; TekWissen ®; The Cigna Group; The Custom Group of Companies; The Hartford; The Jupiter Group; The Timberline Group; Thin Technologies; Toyota Motor North America; Tranzeal, Inc.; Trident Consulting; Trinite Consulting Group; Truist; Two95 International Inc.; USG, Inc.; Uline; UniqueHire Consulting LLC; Unissant; Unisys; United Airlines; UnitedHealth Group; Universal Music; Up2date Technologies; V-Soft Consulting Group, Inc; VAK Consulting LLC; VDart Inc; VF Corporation; VMC SOFT TECHNOLOGIES INC; VSG Business Solutions LLC; Vail Resorts; Value Spectrum Technologies LLC; VeridianTech; Verisk Analytics; Vertisystem Inc.; Veterans EZ Info, Inc; Voto Consulting LLC; W3Global; WALGREENS; Western Alliance Bank; Windward Consulting; XFORIA Inc; Xoriant Corporation; Yochana IT Solutions; Zillion Technologies; head-huntress.com; iTek People, Inc.; rockITdata"
2026-06-22,LiveRamp,us,290,132,158,52,6,DICK'S Sporting Goods|https://www.adzuna.com/details/5771438432?utm_medium=api&utm_source=b9c24709; InMarket|https://www.adzuna.com/details/5769080281?utm_medium=api&utm_source=b9c24709; Openkyber|https://www.adzuna.com/details/5766170114?utm_medium=api&utm_source=b9c24709; S3|https://www.adzuna.com/land/ad/5766289416?se=Jr2Z9xpu8RGG7YcE4aLLAA&utm_medium=api&utm_source=b9c24709&v=BA11B29D04FBBB97AA0396933FE2DD1A06ED979F; Shaper|https://www.adzuna.com/details/5076011901?utm_medium=api&utm_source=b9c24709; Wpromote|https://www.adzuna.com/details/5770219467?utm_medium=api&utm_source=b9c24709,"AEG Presents; AEG Worldwide; Accenture; Advance Local; Affinity Solutions; Attain; CVS Health; Capgemini; Cascadia Search; Citigroup; Colgate-Palmolive; DICK'S Sporting Goods; Dollar General; EDO; EchoStar; Edgewell Personal Care; Etsy; Fluent, LLC; Gilead Sciences; Goldman Sachs; H&R Block; Hilton; InMarket; Instacart; KORTX; Kelly Services; Kepler Group; LoopMe; Lundbeck; NBC Universal; Nexla; Northern Trust; Openkyber; Proxima; PubMatic; Rational 360; Redi-Mail / RediData; Resonate; S3; Samba; Samsung; Sanofi; Shaper; Snowflake; SoundCloud; Take-Two Interactive Software; The New York Times; Tinuiti; Uber; Universal Orlando; Wpromote; dentsu"
2026-06-22,nCino,us,682,667,15,142,6,"ClifyX|https://www.adzuna.com/land/ad/5766968413?se=TLSB_Bpu8RGG7YcE4aLLAA&utm_medium=api&utm_source=b9c24709&v=77386789A739EA4AF28820760A8262F621660708; FASTRA LLC|https://www.adzuna.com/land/ad/5768230313?se=1hYZ-xpu8RGw6orMd6W2gw&utm_medium=api&utm_source=b9c24709&v=FA03BCDC9E99C530738519E6A5768ABB05DC139A; Farm Credit Services of America|https://www.adzuna.com/details/5771643481?utm_medium=api&utm_source=b9c24709; INSBANK|https://www.adzuna.com/details/5768855222?utm_medium=api&utm_source=b9c24709; Purple Hires|https://www.adzuna.com/land/ad/5765747974?se=MlzW-xpu8RGw6orMd6W2gw&utm_medium=api&utm_source=b9c24709&v=3E760C40257D3247B6EE5889C0589CCE85BBFE88; StaffRight Associates, LLC|https://www.adzuna.com/land/ad/5768196206?se=MlzW-xpu8RGw6orMd6W2gw&utm_medium=api&utm_source=b9c24709&v=DC4F3D58831A8730DD4078952A763175EE59B2D8","1st Source; Accenture; Amerant Bank; Amerantbank; Ameris Bank; Atlantic Coast Mortgage; Atlantic Union Bank Careers; Axos Bank; Banc of California; Banesco Usa; Bank of America; BankPlus; Bundoran Group; Busey Bank; Byline Bank; C&F Bank; CBI Bank & Trust; CGI; CalPrivate Bank; Cathay Bank; Celonis; Centennial Bank; Checkr; ClifyX; Coastal States Bank; Cognizant; Columbia Bank; ConnectOne Bank; Connexus Credit Union; Cornerstone Capital Bank; Customers Bank; DP Professionals Inc; DX Foundation; Dickinson Financial Corporation; Dieterich Bank; Earthmover Credit Union; Eastern Bank; Elwood Staffing; EmployVision; Evergreen Openings; Extractable; FAIRWINDS Credit Union; FASTRA LLC; FNBO; Farm Credit Bank Texas; Farm Credit Mid-America; Farm Credit Services of America; Farm Credit of Florida; Fifth Third Bank, N.A.; First Financial Bank; First Horizon; First Internet Bank; First National Bank Of Bastrop; First National Bank Of Pennsylvania; First National Bank of Omaha; Five Star Bank, Ca; Flagstar Bank; Fortis Bank; Fulton Bank; GalaxEsystems; Genesis Capital; German American Bancorp; Gpac; Grasshopper Bank; Greenfield Savings; HUNT Mortgage Corporation; Hancock Whitney Bank; Hills Bank; INSBANK; Ideal Credit Union; Insight Global; Intone Networks Inc.; JBA International; Judge Group, Inc.; KeyBank; Kforce Technology Staffing; KēSTA I.T.; Lead; Leader Bank; Live Oak Banking; Low Income Investment Fund; Lowome Investment Fund; Luxury Mortgage; M&T Bank; MDMS Recruiting; MMC Group; Management Recruiters of Spokane; Midwest Bank Centre; Millennium Bank; Mld Mortgage; Monstro; Municipal Credit Union; NTT America, Inc.; National Cooperative Bank. N.A.; Northern Bank; Origin Bank; Peoples Bank; Photon Group; Platinum Bank; Purple Hires; Regions Bank; Robert Half; Rockland Trust Company; S&T Bank; SLK America Inc.; Sauk Valley Bank; Sb Financial Group Inc.; Service Federal Credit Union; Servisfirst Bank; Shore United Bank; Sia; Silverlink Technologies LLC; Smith Johnson Tech; Sonoma Consulting; South Shore Bank Roles; Southern Trust Mortgage; Southside Bank; Southstate Bank; StaffRight Associates, LLC; Summit Bank; Sunflower Bank, N.A.; SysMind, LLC; TD Bank; TECHNEPTUNE CONSULTING INC; The Paducah Bank And Trust Company; The Symicor Group; Towne Family of Companies; Tri Counties Bank; Truist; Trustmark National Bank; U.S. Bank; Vy Systems; W3Global; WSFS Bank; WaFd Bank; Wells Fargo; West Monroe; Wintrust; Woodforest National Bank; Yosemite Farm Credit; Zennify; Zions Bancorporation"
2026-06-22,JFrog,us,635,607,28,151,13,"American IT Systems|https://www.adzuna.com/details/5766170958?utm_medium=api&utm_source=b9c24709; Blue Ribbon Global Technologies|https://www.adzuna.com/details/5767383742?utm_medium=api&utm_source=b9c24709; Fidelity|https://www.adzuna.com/details/5768022284?utm_medium=api&utm_source=b9c24709; Logisoft Technologies Inc|https://www.adzuna.com/land/ad/5766969505?se=YDFzBhtu8RG-C6DUZsghXQ&utm_medium=api&utm_source=b9c24709&v=13108FA3A77E8E46F29CFC8A9C47E9F08F794BF3; Long Finch Technologies|https://www.adzuna.com/land/ad/5764434801?se=DsCvBRtu8RG-C6DUZsghXQ&utm_medium=api&utm_source=b9c24709&v=4EA43948127FC7D7742E941A5C669A2B706599CB; Match Point Solutions|https://www.adzuna.com/details/5768749059?utm_medium=api&utm_source=b9c24709; McKesson|https://www.adzuna.com/details/5766544129?utm_medium=api&utm_source=b9c24709; MeridianLink|https://www.adzuna.com/land/ad/5770264181?se=BETjDBtu8RGw6orMd6W2gw&utm_medium=api&utm_source=b9c24709&v=393B9D8D3E32120BBCD132C5B0AA3E331544EE51; Mission Support and Test Services|https://www.adzuna.com/land/ad/5766283147?se=dm1tChtu8RG-C6DUZsghXQ&utm_medium=api&utm_source=b9c24709&v=2DE7175C50EE227E4461199BD3A6E0FC3BBCA486; Nevada National Security Sites|https://www.adzuna.com/details/5766483806?utm_medium=api&utm_source=b9c24709; Quantiphi|https://www.adzuna.com/details/5770277378?utm_medium=api&utm_source=b9c24709; Systems Management Group, Inc|https://www.adzuna.com/land/ad/5766970850?se=DsCvBRtu8RG-C6DUZsghXQ&utm_medium=api&utm_source=b9c24709&v=1B68D746D7CF927E52C07B01080B428282A9D323; T-Rex Solutions|https://www.adzuna.com/details/5770184607?utm_medium=api&utm_source=b9c24709","4P Consulting; ADP; ASRC Federal; AbbVie; Accenture; Actalent; Alkami; Alkermes; Amatriot Group; Amentum; American Credit Acceptance; American IT Systems; Anduril; Apidel Technologies; Applied Materials; Aquila Technology; BAE Systems; BDR Solutions; Bank of America; Battelle Memorial Institute; Beyond SOF; Biamp; Bits & Bytes Technology Solutions; Blue Ribbon Global Technologies; Butlr; By Light HQ; By Light Professional IT Services; C5MI Insight; CNA; CVS Health; CYNET SYSTEMS; Cadence Systems; Canoo Technologies; Capgemini; Capstone; Cognizant; ConglomerateIT; CoreWeave; CrowdStrike; Cyngn; DATAMAXIS, Inc; DFO Referrals; Dayforce; DevSelect; Diagrid; Duetto Research; E-Space; EY; Early Warning Services, LLC; Electric Reliability Council of Texas; Empresent Global, LLC; Encode; Engine; Entrust; Eversource Energy; Fast Switch; Fidelity; Ford Motor; Genesis10; GreyCell Labs, Inc; Guild Talent; HTD Resources, LLC; Heads Up Technologies; Hexaware Technologies, Inc; Highmark Health; Horizontal Talent; IPS Technology Services; ITCE Services; Idexx; Impinj; Index Engines; InfoVision, Inc.; Infosys; Innovative Defense Technologies; Insight Global; Intercontinental Exchange; Iridium Satellite; Istari Digital; J&J Family of Companies; JPMorgan Chase; JPMorganChase; K2 Space; Kelly Services; KeyBank; Kratos Defense and Security Solutions; L3Harris; LCG; LVT; Leidos; Lockheed Martin; Logisoft Technologies Inc; Long Finch Technologies; MAG; ManpowerGroup; Mastercard; Match Point Solutions; Maximus; McAfee; McDonald's; McKesson; Medtronic; MeridianLink; Mission Support and Test Services; Motion Recruitment Partners, LLC; MphasiS Corporation USA; NTT America, Inc.; NVIDIA; National Life Insurance Company; Nevada National Security Sites; New York Life Insurance Co; NexTurn, Inc.; Northrop Grumman; OfferUp; Openkyber; Paysafe Group; Peraton; Quanta Search; Quantiphi; RELX; REsurety, Inc.; RTX; Recru; Redolent; Relativity Space; Request Technology, LLC; Rockwell Automation; S&P Global; Sailboat Talent Group; Salesforce; SciTec; Scientific Research Corporation; Scout Motors; Skrill; Snap; Sonar; Sonatype; Staffingine LLC; State Street; System One; Systems Management Group, Inc; T-Rex Solutions; True Anomaly; Truveta; Tyler Technologies; US Tech Solutions; UnitedHealth Group; VDart Inc; Verisign; Voya Financial; Walmart; Wayve"
2026-06-22,Guidewire,us,1000,972,28,142,24,"Acunor Infotech|https://www.adzuna.com/land/ad/5768767719?se=an9PHRtu8RGG7YcE4aLLAA&utm_medium=api&utm_source=b9c24709&v=1FB27B3487B81E799134171199966E470DD36406; Alliance Services, Inc.|https://www.adzuna.com/land/ad/5766132706?se=lF4ZGBtu8RGw6orMd6W2gw&utm_medium=api&utm_source=b9c24709&v=A677C2EFFA285E7CF86ED3FD8A561937F95CA1F4; Amtex System Inc.|https://www.adzuna.com/land/ad/5768752618?se=Uk3fGBtu8RG-C6DUZsghXQ&utm_medium=api&utm_source=b9c24709&v=6482865F649E36580F2FCC85B837609898CB701B; Avanciers LLC|https://www.adzuna.com/land/ad/5764755404?se=3hCZDxtu8RG-C6DUZsghXQ&utm_medium=api&utm_source=b9c24709&v=8B58248EF7CE81D45C998192A15CEFFC521634A2; Cross Country Allied|https://www.adzuna.com/land/ad/5764806849?se=FnXsFRtu8RG-C6DUZsghXQ&utm_medium=api&utm_source=b9c24709&v=17B688FC314574B804961F07EACB287066FE3BDB; Custom Business Solutions, Inc.|https://www.adzuna.com/land/ad/5764529120?se=4k-iDhtu8RGG7YcE4aLLAA&utm_medium=api&utm_source=b9c24709&v=C105A8FEE94F2FB4509ED5669EC671BA5E31F4FF; Cyma Systems Inc|https://www.adzuna.com/land/ad/5766968876?se=an9PHRtu8RGG7YcE4aLLAA&utm_medium=api&utm_source=b9c24709&v=0E637081A72640CAA7543A902D9A3B05057B8C30; EPSoft Technologies|https://www.adzuna.com/details/5769944291?utm_medium=api&utm_source=b9c24709; Eliassen Group|https://www.adzuna.com/land/ad/5766157199?se=3hCZDxtu8RG-C6DUZsghXQ&utm_medium=api&utm_source=b9c24709&v=8704BEC204DBE4065203D1D9FA8379FE2BD4B0F2; Empower Professionals|https://www.adzuna.com/land/ad/5764816444?se=FnXsFRtu8RG-C6DUZsghXQ&utm_medium=api&utm_source=b9c24709&v=D0BCBE067B5586F6870E5B46791FDCE911CDCA00; Fort Technologies Inc.|https://www.adzuna.com/land/ad/5764816967?se=3hCZDxtu8RG-C6DUZsghXQ&utm_medium=api&utm_source=b9c24709&v=6E284471BAA48421F4E2A2E17245139F37FADF2F; Health Advocates Network - Nursing|https://www.adzuna.com/land/ad/5713823532?se=jvkWHBtu8RGG7YcE4aLLAA&utm_medium=api&utm_source=b9c24709&v=DBAA0E40E376FEE034AC9E7C550B2BB27E0550A2; Hexacorp|https://www.adzuna.com/land/ad/5768689038?se=4k-iDhtu8RGG7YcE4aLLAA&utm_medium=api&utm_source=b9c24709&v=AF6A332D729F94D404F07136664764ACD9AEF0C0; J-RAM IT Consulting Inc.|https://www.adzuna.com/land/ad/5769613655?se=4k-iDhtu8RGG7YcE4aLLAA&utm_medium=api&utm_source=b9c24709&v=ED5D77AAC1A542FC0260A9525A189AE6ECE3B510; Key Infotek LLC|https://www.adzuna.com/land/ad/5766970907?se=4k-iDhtu8RGG7YcE4aLLAA&utm_medium=api&utm_source=b9c24709&v=537BFADC7D949FB6332027971B9A15AC29CF0ADE; Laiba Technologies LLC|https://www.adzuna.com/land/ad/5767374623?se=4k-iDhtu8RGG7YcE4aLLAA&utm_medium=api&utm_source=b9c24709&v=F409B73C87CB7905035090F3E378D8AF91DFA670; Midwest Family Mutual Insurance Company|https://www.adzuna.com/land/ad/5770572555?se=8DlRFxtu8RGG7YcE4aLLAA&utm_medium=api&utm_source=b9c24709&v=0D34ACCD4E81D63D33648AE3AE2A2A0D35B54825; NextAmp|https://www.adzuna.com/land/ad/5768936338?se=dqKVFhtu8RG-C6DUZsghXQ&utm_medium=api&utm_source=b9c24709&v=23F5A92079E195E4D10D32DD09682D2635BB87EC; Rose International|https://www.adzuna.com/land/ad/5757970551?se=dqKVFhtu8RG-C6DUZsghXQ&utm_medium=api&utm_source=b9c24709&v=9B69B37F691D2BCDFEE3262E9436BB6539B7B9A1; Seven Healthcare|https://www.adzuna.com/land/ad/5768942688?se=dqKVFhtu8RG-C6DUZsghXQ&utm_medium=api&utm_source=b9c24709&v=00EFAD842710EA5A00E8AFB0BA815D3F9AD1ADF4; Symanteq Softtech LLC|https://www.adzuna.com/land/ad/5766992335?se=wkKCEBtu8RGw6orMd6W2gw&utm_medium=api&utm_source=b9c24709&v=374C11FE67649875A3E5A817083F9C69F2A017E0; Techno-Comp, Inc.|https://www.adzuna.com/land/ad/5769926416?se=lF4ZGBtu8RGw6orMd6W2gw&utm_medium=api&utm_source=b9c24709&v=F0A36D5E6E4A80FA6E2463912D909A986D1BB397; Yale New Haven Health|https://www.adzuna.com/land/ad/5770164919?se=dqKVFhtu8RG-C6DUZsghXQ&utm_medium=api&utm_source=b9c24709&v=F16CCA76A21BCF6D35B07342CEB8F368F2CFFED4; Zurich Insurance Company Ltd.|https://www.adzuna.com/land/ad/5770180759?se=lF4ZGBtu8RGw6orMd6W2gw&utm_medium=api&utm_source=b9c24709&v=9210A4DFFB957F97F6E88CEA503BC0B289457EF2","AAA; Accellor; Acunor Infotech; Advent Global Solutions, Inc.; Algo Soft Solutions LLC; Alliance Services, Inc.; American Family Mutual Insurance Company; American Traveler; Amtex System Inc.; Andre Global; Aroha Technologies; Avanciers LLC; BP&C; Berkley; Blue Cross Blue Shield of Michigan; Bright Vision Technologies; Buaut; CCC Intelligent Solutions; CFS; CNA; COUNTRY Financial; CYNET SYSTEMS; Canal Insurance Company; Capgemini; Carman Solutions Group; Charter Global, Inc.; ClientServer Technology Solutions LLC; ClifyX; Cloudious; Cognizant; Columbia Insurance; Conch Technologies; Connect Tech Talent; Connect Tech+Talent; Cordova; Cross Country Allied; Custom Business Solutions, Inc.; Cyma Systems Inc; Cynet Health; Deloitte; Digicomplish Inc; Diverse Lynx; Duke Clinical Research Institute; ECCLESIASTES INC; EPSoft Technologies; EY; Eliassen Group; Empower Professionals; Erie Insurance; Excelon Solutions LLC; Express Employment; FCCI; Farmers Mutual Insurance Company Of Nebraska; Farrmers Insurance; Fixity Technologies; Fort Technologies Inc.; Fourth Yuga Tech LLC; Frankenmuth Insurance; Fusion Medical Staffing; Galaxy i Technologies, Inc.; Great American Insurance Company; Greater New York Mutual Insurance Company; HDI Global Insurance Company; HR Pundits; HTC Global Services; Hartford Healthcare; Health Advocates Network - Nursing; Heritage Mga Llc; Hermitage Infotech; Hexacorp; ICS Global Soft, Inc.; Incorporan Inc; Inherent Technologies; Innovim Technology Solutions; Insight Global; J-RAM IT Consulting Inc.; JBA International; Judge Group, Inc.; K2 Insurance Services, LLC; Kemper; Key Infotek LLC; Kforce Technology Staffing; Laiba Technologies LLC; Last Word Consulting; Legacy Health; Levi, Ray & Shoup; Liberty Mutual; Medical Manufacturing Technologies LLC; Mercury Insurance Services, LLC; Mercy; MethodHub; Midwest Family Mutual Insurance Company; Millennium Software, Inc.; National Indemnity Company; New York Technology Partners; Next Level Business Services, Inc.; NextAmp; OhioHealth; Okaya Inc; Pekin Insurance Careers; Piedmont Healthcare; PricewaterhouseCoopers; Professional Search Group; Prudent Technologies and Consulting; PwC; Robert Half; Rose International; SMART CALIBER TECHNOLOGY; Seven Healthcare; Source Code Technologies LLC; Spear Staffing; Sprocket Staffing Services; Staff Today; Stanley David and Associates; State Farm; Symanteq Softtech LLC; Sysmind LLC; TEKsystems; TSQ Systems Inc; Talent Search PRO; Techno-Comp, Inc.; TekDallas; TekShapers; The Dignify Solutions, LLC; The Hartford; Travelers; UniqueHire Consulting LLC; United Auto Insurance; VDart Inc; Vertical Falls LLC; Wipfli; Xcutives.com Inc; Yale New Haven Health; Yochana IT Solutions; Zodiac Solutions Inc.; Zurich Insurance Company Ltd.; e-Solutions Inc; eSense Incorporated; head-huntress.com; i3; iBridge Techsoft LLC; ruchika@arsquaretech.com"
2026-06-22,Agilysys,us,64,53,11,43,2,Grand Targhee Resort|https://www.adzuna.com/details/5769829424?utm_medium=api&utm_source=b9c24709; Jamul|https://www.adzuna.com/details/5768970564?utm_medium=api&utm_source=b9c24709,"AZUL Hospitality; Amherst College; Bluewater Casino & Resort; Chicken Ranch Casino; Coeur d'Alene Casino Resort Hotel; Compass Group, North America; CoralTree Hospitality; Crescent Careers; Desert Mountain Club; Diverse Concepts, LLC; EOS; Firebrand; Fort Mcdowell Golf Club; Gaming Enterprise; Grand Lake Casino; Grand Targhee Resort; Hilton Grand Vacations; Jamul; LV Search Partners; Lake Lawn Resort; Link Technologies; Liv Hospitality; Lucky Eagle Casino; Mohawk Casino; Ocean Casino Resort; Ojo Caliente Holdings; Otesaga Hotel.; Photon Group; Pinehurst; Pure Events Lp; Q Casino + Resort; Salamander Palm Beach Employer; Santa Clara Development Corporation; Shangri-La; Shore Lodge Whitetail; Six Flags; Smoky Mountain Resorts; Spooky Nook Sports; Squaxin Island Gaming Enterprise; Star Casino; The Boca Raton; Treetops Resort; ilani Casino Resort"
2026-06-22,Qualys,us,1000,960,40,312,49,"ANDREW|https://www.adzuna.com/details/5766536529?utm_medium=api&utm_source=b9c24709; BCS Supply Chain Search|https://www.adzuna.com/land/ad/5769916364?se=gm_RHxtu8RG-C6DUZsghXQ&utm_medium=api&utm_source=b9c24709&v=9C5ED05D97211BD4CF16B4EBB367E736EB33EFA8; BP&C|https://www.adzuna.com/details/5767833070?utm_medium=api&utm_source=b9c24709; Braintree Technology Solutions|https://www.adzuna.com/land/ad/5764964732?se=SoWzHhtu8RG-C6DUZsghXQ&utm_medium=api&utm_source=b9c24709&v=B986F93A7740822DEC1D4D722BEFE652E7BAB047; Buffalo Run Casino & Resort|https://www.adzuna.com/details/5771541571?utm_medium=api&utm_source=b9c24709; CINC|https://www.adzuna.com/details/5771659904?utm_medium=api&utm_source=b9c24709; CSI|https://www.adzuna.com/details/5770260339?utm_medium=api&utm_source=b9c24709; Calculated Hire|https://www.adzuna.com/land/ad/5769916930?se=eBxuJhtu8RGw6orMd6W2gw&utm_medium=api&utm_source=b9c24709&v=5F77423E447DFF2A56640E2F557013E75719485A; Carter Murray|https://www.adzuna.com/land/ad/5768911762?se=WN5BHxtu8RGw6orMd6W2gw&utm_medium=api&utm_source=b9c24709&v=A552FF621154D8BA767ED11DE84D945733A59BAE; ClifyX|https://www.adzuna.com/land/ad/5768414904?se=SoWzHhtu8RG-C6DUZsghXQ&utm_medium=api&utm_source=b9c24709&v=D31387B4EE22C01AC078043D7266361A011F247B; Converge|https://www.adzuna.com/details/5769114192?utm_medium=api&utm_source=b9c24709; CornerStone Technology Talent Services|https://www.adzuna.com/land/ad/5771453230?se=WN5BHxtu8RGw6orMd6W2gw&utm_medium=api&utm_source=b9c24709&v=532A4AFACCF6CA7346048C1891C772A29B7CFCAF; DCM Infotech Limited|https://www.adzuna.com/land/ad/5768360610?se=SoWzHhtu8RG-C6DUZsghXQ&utm_medium=api&utm_source=b9c24709&v=EB96631103B41D6FA197F32C4D8EA0023DD6BB72; Delta Dental Of Missouri|https://www.adzuna.com/details/5768892657?utm_medium=api&utm_source=b9c24709; Department of Administration|https://www.adzuna.com/details/5766332037?utm_medium=api&utm_source=b9c24709; Description Credo|https://www.adzuna.com/land/ad/5770281331?se=1KglJxtu8RG-C6DUZsghXQ&utm_medium=api&utm_source=b9c24709&v=06393FC2C91D45B7685288E5EE18EDEBB8DF655D; Dragos|https://www.adzuna.com/details/5767964015?utm_medium=api&utm_source=b9c24709; Echelon Risk + Cyber|https://www.adzuna.com/details/5764599573?utm_medium=api&utm_source=b9c24709; Electric Mind|https://www.adzuna.com/details/5770099650?utm_medium=api&utm_source=b9c24709; FRSecure|https://www.adzuna.com/details/5767602789?utm_medium=api&utm_source=b9c24709; Graphic Packaging International, LLC|https://www.adzuna.com/land/ad/5771301329?se=8D8DIxtu8RGG7YcE4aLLAA&utm_medium=api&utm_source=b9c24709&v=2F74E91D863B181AD6374E8657E91DC021A1B9D9; Hirekeyz Inc|https://www.adzuna.com/details/5767383072?utm_medium=api&utm_source=b9c24709; Info Dinamica Inc|https://www.adzuna.com/land/ad/5768360479?se=SoWzHhtu8RG-C6DUZsghXQ&utm_medium=api&utm_source=b9c24709&v=07FE5DE0378728BD8807EADFBB1AECCD20E4011B; Intellibee Inc|https://www.adzuna.com/land/ad/5714584947?se=WN5BHxtu8RGw6orMd6W2gw&utm_medium=api&utm_source=b9c24709&v=3493DADD521633BEC58616798DBEA7C6DE5B5995; Jane Street|https://www.adzuna.com/details/5767521787?utm_medium=api&utm_source=b9c24709; Jorie AI|https://www.adzuna.com/land/ad/5766417061?se=1KglJxtu8RG-C6DUZsghXQ&utm_medium=api&utm_source=b9c24709&v=359BAE56A8D7274F4E3118F89C12E66D546C3DA7; Kia America|https://www.adzuna.com/land/ad/5769178383?se=8D8DIxtu8RGG7YcE4aLLAA&utm_medium=api&utm_source=b9c24709&v=0E53FCD2CB6DBAD9BCF8F5D05CE69C15BB35D441; Magnolia Educational & Research Foundation|https://www.adzuna.com/land/ad/5767708383?se=dueVKxtu8RGG7YcE4aLLAA&utm_medium=api&utm_source=b9c24709&v=DC1DBC4FB1F70589DE019789B73A7E53B8FE37A8; MasTec Advanced Technologies|https://www.adzuna.com/details/5767390380?utm_medium=api&utm_source=b9c24709; Morales Professional, a morales group company|https://www.adzuna.com/land/ad/5768921426?se=WN5BHxtu8RGw6orMd6W2gw&utm_medium=api&utm_source=b9c24709&v=EB63258AACCFDCD25A9019F33878FB4FD3A14194; Oxenham Group|https://www.adzuna.com/land/ad/5768904773?se=WN5BHxtu8RGw6orMd6W2gw&utm_medium=api&utm_source=b9c24709&v=F889F38956FA1266F776F0F8B9EEC21DF4B447E3; PACE Southeast Michigan|https://www.adzuna.com/details/5766286886?utm_medium=api&utm_source=b9c24709; ReqRoute,Inc|https://www.adzuna.com/details/5767381400?utm_medium=api&utm_source=b9c24709; Russell, Tobin & Associates|https://www.adzuna.com/land/ad/5768882006?se=WN5BHxtu8RGw6orMd6W2gw&utm_medium=api&utm_source=b9c24709&v=63DC23F2C920549FCAD7EFDFFE6FA63CDFB70630; SCOUT Solutions|https://www.adzuna.com/details/5769231110?utm_medium=api&utm_source=b9c24709; Safelite|https://www.adzuna.com/details/5765102121?utm_medium=api&utm_source=b9c24709; ShiftCode Analytics|https://www.adzuna.com/land/ad/5768232731?se=WN5BHxtu8RGw6orMd6W2gw&utm_medium=api&utm_source=b9c24709&v=BD1671E1BC3A9C08E232F1E4365455C4AD3DEDD7; Sierra Business Solution LLC|https://www.adzuna.com/land/ad/5768231559?se=SoWzHhtu8RG-C6DUZsghXQ&utm_medium=api&utm_source=b9c24709&v=EECC63DFE01CF7C3393ED90606E2BCAF905FE892; StratEdge It consulting INC|https://www.adzuna.com/land/ad/5768328951?se=SoWzHhtu8RG-C6DUZsghXQ&utm_medium=api&utm_source=b9c24709&v=EE49A817C33AB688687128A2E0062A9FA288594D; TekCommands Inc|https://www.adzuna.com/details/5766171071?utm_medium=api&utm_source=b9c24709; Telligen Tech, Inc|https://www.adzuna.com/details/5766166616?utm_medium=api&utm_source=b9c24709; TestPros|https://www.adzuna.com/land/ad/5766291923?se=1KglJxtu8RG-C6DUZsghXQ&utm_medium=api&utm_source=b9c24709&v=697C5D9344D38C264CD180F4E0A2021515F846CC; The Dignify Solutions, LLC|https://www.adzuna.com/land/ad/5766969492?se=WN5BHxtu8RGw6orMd6W2gw&utm_medium=api&utm_source=b9c24709&v=58AA418C3768C90BC8569D3F9E6F3B9DE52CCCEE; The ODP Group, LLC|https://www.adzuna.com/details/5668029208?utm_medium=api&utm_source=b9c24709; Triton Systems, Inc.|https://www.adzuna.com/details/5770881120?utm_medium=api&utm_source=b9c24709; V2X Current Openings|https://www.adzuna.com/details/5734953017?utm_medium=api&utm_source=b9c24709; Velera Solutions|https://www.adzuna.com/details/5771352075?utm_medium=api&utm_source=b9c24709; Worldpay|https://www.adzuna.com/details/5767548090?utm_medium=api&utm_source=b9c24709; Zaden Technologies, Inc.|https://www.adzuna.com/details/5768854587?utm_medium=api&utm_source=b9c24709","AECOM; ANDREW; ASM Research, An Accenture Federal Services Company; Acrisure; Ahead; Air Apps; Albano Systems Inc; Aledade; Alief Independent School District; Alkami; American Credit Acceptance; American IT Systems; Analog Devices; ApTask Global Workforce; Apex Systems; Applus+ Laboratories; Aretec Open Opportunites; Armison Tech; Ascensus; AspenView Technology Partners; Auburn University; BBVA; BCS Supply Chain Search; BDR Solutions; BNY Mellon; BOAB Ventures; BOTG LLC; BP&C; Bank of America; Barclays; Barnstable Public Schools; Batesville Tool & Die; Beyond SOF; Bigbear.ai; Bismarck Public Schools; Booz Allen Hamilton; Boston Government Services, LLC; Braintree Technology Solutions; Buffalo Run Casino & Resort; CACI; CGI; CGP Maintenance & Construction Services; CIM Group; CINC; COLSA CORP.; CSI; CYNET SYSTEMS; Calculated Hire; Capital Consultants Management Corporation; Capital One; Capricor Therapeutics; Carnival Corporation; Carrier; Carter Murray; Catawba Two Kings Casino; Celonis; Cetera Financial Group; Chandra Technologies, Inc.; Cherokee Nation Businesses; Cisive; Citizens; City of Cathedral City; City of Sunnyvale; ClifyX; Coalfire; Cogent Data Solutions Llc; Cognizant; Commonpoint Queens; Compass Group, North America; Computer Merchant, Ltd., The; Conifer Health Solutions; Construction Resources; Converge; Core Specialty Insurance Services; CornerStone Technology Talent Services; DCM Infotech Limited; DLH; DRW; DTCC; Datasoft Technologies, Inc.; Deloitte; Delta Dental Of Missouri; Department of Administration; Deriva Energy; Description Credo; Dew Softech Inc; Dexter; Dragos; Dublin City Schools; ECG Management Consultants; ECS; EY; Early Warning Services, LLC; Echelon Risk + Cyber; Educational Service Center of Central Ohio; Elbit America; Electric Mind; Electrosoft; Element Consulting; Emanuel Medical Ctr; Empire State Realty Trust; Entarian; Enterris Associates; Envelop Group; Epic Charter School; Essential Utilities; Evolver; FCC Environmental Services; FRSecure; Fidelity; First Key Homes; Florida Department of Financial Services; Fortinet; Freedom Technology Solutions Group; GBOE; GE Vernova; GM Financial; Gainwell Technologies LLC; Galent; Genentech; Genesis Capital; Genesis10; Glocomms; Godwins Gatorland; Goldbelt Inc; Gotion Inc.; GovCIO; Gowanda Electronics.; Grandview; Graphic Packaging International, LLC; Greenboard; GuidePoint Security; HAYS; HP; Hazelwood School District; Healthcare Outcomes Performance Company; Herron High School; Hexaware Technologies, Inc; Higgins Group, Inc.; Hirekeyz Inc; Holland & Knight; Holtec International; Honeywell; Honu Services; INPO External; INSPYR Solutions; INTECH Process Automation; ISOutsource; Illinois Attorney General; InfiCare Technologies; Info Dinamica Inc; InquisIT; Insight Global; Intellibee Inc; Investar Bank National As; J5 Consulting; Jane Street; Jbs Usa; Johns Manville; Jorie AI; Jose Merciline; Judge Group, Inc.; Kelly Services; Kforce Technology Staffing; Kia America; Koniag Government Services; Leading Path Consulting; LexisNexis Risk Solutions; Lightning AI; Lockheed Martin Corporation; Lucrotec, LLC; Lumen; Magnolia Educational & Research Foundation; MasTec Advanced Technologies; Memorial Sloan Kettering Cancer Center; Metropolitan Transportation Authority; MiQ Digital USA; Milbank LLP; Mitsubishi UFJ Financial Group; Morales Professional, a morales group company; Motion Recruitment Partners, LLC; Muleshoe ISD; My3Tech; NEW TREW Site; NICE; NRI Staffing; NTT America, Inc.; Nanite; Netrio; New York Life Insurance Co; NewVison; Newrez; Nlets; Noblesoft Technologies; Northern Light; Northrop Grumman; Office Depot; Old National Bank; Omnicell; OneMain Financial; Openkyber; Operation Breakthrough; Oxenham Group; P3S Capital Holdings; PACE Southeast Michigan; PTR Global; Partnership HealthPlan of California; Persistent Systems; Pinnacle Technical Resources; Pitney Bowes; Point72; PowerPlan, Inc; Princeton Independent School District; ProArch; Prudential Financial; Pyramid Technology Solutions, Inc.; QualiTech; Qualis; Quantinuum; Quest Diagnostics; RELX INC; Redapt; Redesign; Renu Energy Solutions; ReqRoute,Inc; Restaurant Brands International; Rhodian Group; Rishabh Software Pvt. Ltd; Roadie; Roane County Schools; Robert Half; Russell, Tobin & Associates; SAIC; SCOUT Solutions; STIGroup; Safelite; Saint Xavier University; Salt Lake Community College; Samsung SDS America; Sandhills Community College; Selene Diligence; Sentara Hospitals; Serco Inc.; Sherpa 6; ShiftCode Analytics; Siemens; Sierra Business Solution LLC; Siritech Solutions Corp; Solana Technology; Solventum; Southern Utah University; Spring Grove Area School District; Springs Fabrication Master; Standard Meat; Stanford University; State Street; State of Florida; Stellar IT Solutions; Stellar Professionals LLC; Stillwater Sciences; StratEdge It consulting INC; Sunshine Enterprise USA; Superior Support Resources; SysLogic, Inc.; T. Rowe Price; TEKsystems; Techximius; TekCommands Inc; Telligen Tech, Inc; TestPros; The Dignify Solutions, LLC; The Giant Bullseye; The H and S Family of Bakeries; The Jeffcoat Firm Injury & Accident Lawyers PA; The OCC; The ODP Group, LLC; The Timberline Group; The Vanguard Group; Three Rivers/Josephine County Sd; Toyota Motor North America; Trailboss Enterprises; TransCore; TrellisWare Technologies; Tri-Force Consulting Services, Inc.; Triton Systems, Inc.; True Anomaly; Truist Bank; Two Six Technologies; Two95 International Inc.; University of Miami; University of Rochester; V2X Current Openings; VSCE; Vantage Recruiting; Velera Solutions; Versiti; Virtru; Vultr; WEP-USA LLC; West Advanced Technologies, Inc.; Williams International; WorkInCryptoGlobal; Workday, Inc.; Workforce1; Worldpay; Yondr Group; Zachary Piper Solutions, LLC; Zaden Technologies, Inc.; Zermount, Inc; i360technologies; mSupply; restor3d"
2026-06-29,Varonis,us,216,189,27,56,11,"Advanced American Technologies, Inc|https://www.adzuna.com/details/5774167704?utm_medium=api&utm_source=b9c24709; Alpha Omega Integration|https://www.adzuna.com/details/5777669991?utm_medium=api&utm_source=b9c24709; BDO USA|https://www.adzuna.com/details/5778890846?utm_medium=api&utm_source=b9c24709; COOLSOFT|https://www.adzuna.com/details/5774404867?utm_medium=api&utm_source=b9c24709; Fried Frank Business Services|https://www.adzuna.com/details/5776221285?utm_medium=api&utm_source=b9c24709; Global IT Family|https://www.adzuna.com/land/ad/5774147398?se=uPxESJNz8RGiVqWJe_bADg&utm_medium=api&utm_source=b9c24709&v=91AEC7F45D5AA4E2B611ABEC541B636222FB4379; IntelliX Software, Inc|https://www.adzuna.com/details/5774169681?utm_medium=api&utm_source=b9c24709; Kollasoft Inc.|https://www.adzuna.com/land/ad/5761508471?se=uPxESJNz8RGiVqWJe_bADg&utm_medium=api&utm_source=b9c24709&v=06D07491163D49B5E0959A2A06B6D412164DB515; Macmillan|https://www.adzuna.com/details/5780009079?utm_medium=api&utm_source=b9c24709; Summit Hotel Properties|https://www.adzuna.com/land/ad/5777417993?se=wibtSJNz8RGiVqWJe_bADg&utm_medium=api&utm_source=b9c24709&v=20046F29A3D1C9AC773C82AC4CEB204FE4F9649D; vTech Solution|https://www.adzuna.com/details/5777009188?utm_medium=api&utm_source=b9c24709","AFL; Advanced American Technologies, Inc; Advisor Group; Alpha Omega Integration; Axiom Path; BDO USA; Bankers Trust Company; Bloomberg; Booz Allen Hamilton; Bristol Myers Squibb; COOLSOFT; Computer Enterprises, Inc.; Deloitte; FAIRWINDS Credit Union; Fourways Consulting Services; Fried Frank Business Services; GD Information Technology; Genworth Financial; Global IT Family; GuidePoint Security; HD Supply; Hays; IQVIA; Insight Global; IntelliX Software, Inc; Kentro; Kollasoft Inc.; MSP Hire; Macmillan; Master Halco; Mohegan; Morgan Stanley; NMDP; NTT America, Inc.; NTT DATA Americas, Inc; Nordic Consulting Partners; Openkyber; PSFCU Careers; Proofpoint; Regeneron Pharmaceuticals; Regent University; SHI; SPHERE Technology Solutions; SPS Consulting; Saic; Salesforce; SourcePro Search; Summit Hotel Properties; System One; Teramind; The Caldwell Group; US Offices & Unit; Upstart; Velocity Search Group Inc.; VeridianTech; vTech Solution"
2026-06-29,Dynatrace,us,1000,950,50,365,85,"3i People, Inc.|https://www.adzuna.com/land/ad/5777934255?se=rvpNS5Nz8RGe4ZwL0wNS6w&utm_medium=api&utm_source=b9c24709&v=F185EAB62462F57F219005C146E53032B08F17B9; A&M Technologies|https://www.adzuna.com/details/5766479525?utm_medium=api&utm_source=b9c24709; Acumen Velocity|https://www.adzuna.com/land/ad/5777992123?se=rvpNS5Nz8RGe4ZwL0wNS6w&utm_medium=api&utm_source=b9c24709&v=A9B58D9A75D0C729A22E9F1337EBAF683709C2E0; Advanced American Technologies, Inc|https://www.adzuna.com/details/5778390674?utm_medium=api&utm_source=b9c24709; Apex Bridge Talent Group INC|https://www.adzuna.com/land/ad/5777938837?se=rvpNS5Nz8RGe4ZwL0wNS6w&utm_medium=api&utm_source=b9c24709&v=1EF61D217AD0B2DD50F2914E4046ACEFD7015DE9; AppLab Systems Inc|https://www.adzuna.com/land/ad/5773844796?se=ZAlcUJNz8RGe4ZwL0wNS6w&utm_medium=api&utm_source=b9c24709&v=80CBFE3C7CBFBE3DA260E05AC8BADF154A7C64B9; Arbor Tek Systems|https://www.adzuna.com/land/ad/5776929389?se=ZAlcUJNz8RGe4ZwL0wNS6w&utm_medium=api&utm_source=b9c24709&v=C91CB6675CE8DEF981A821955C96E30CC2A38B3E; Avancer Corporation|https://www.adzuna.com/land/ad/5778056999?se=bMJrTZNz8RGiVqWJe_bADg&utm_medium=api&utm_source=b9c24709&v=B013951A67EF29A66B5BC698949C8E1EEDEF33C8; Axiom Path|https://www.adzuna.com/land/ad/5768877257?se=ZAlcUJNz8RGe4ZwL0wNS6w&utm_medium=api&utm_source=b9c24709&v=645D1823D836475C5B5A83B0626DCF57CB296246; BigBear.ai|https://www.adzuna.com/land/ad/5776904562?se=bMJrTZNz8RGiVqWJe_bADg&utm_medium=api&utm_source=b9c24709&v=9BE144A42C3707D9707205B08ECEE885CA4EDF89; Brandon Consulting|https://www.adzuna.com/land/ad/5777934239?se=rvpNS5Nz8RGe4ZwL0wNS6w&utm_medium=api&utm_source=b9c24709&v=2C1DF617AA87E92F55CEC4D3B4D57D77F0F65B3F; CS Solutions, Inc.|https://www.adzuna.com/land/ad/5778802075?se=rvpNS5Nz8RGe4ZwL0wNS6w&utm_medium=api&utm_source=b9c24709&v=90DFE47134DEF3018644D1C505B295DA18AF44BA; CitiusTech|https://www.adzuna.com/land/ad/5779216324?se=2vHxUZNz8RGvAKZmY0FuoQ&utm_medium=api&utm_source=b9c24709&v=49713C980F041849CCD9A35EF5F7A67633ED0EF5; Codetech Inc|https://www.adzuna.com/details/5778393415?utm_medium=api&utm_source=b9c24709; Conflux Systems Inc|https://www.adzuna.com/land/ad/5777938818?se=rvpNS5Nz8RGe4ZwL0wNS6w&utm_medium=api&utm_source=b9c24709&v=FE7F00A79E0B8CB85E4B05F7421F86B2664BD7AC; ConglomerateIT LLC|https://www.adzuna.com/details/5777011108?utm_medium=api&utm_source=b9c24709; Ekcel Systems|https://www.adzuna.com/land/ad/5778006054?se=rvpNS5Nz8RGe4ZwL0wNS6w&utm_medium=api&utm_source=b9c24709&v=379044614092E843F67B7CBCC91DE13B32988376; Filevine|https://www.adzuna.com/details/5771314718?utm_medium=api&utm_source=b9c24709; Fort Technologies Inc.|https://www.adzuna.com/land/ad/5777896775?se=bptwT5Nz8RGvAKZmY0FuoQ&utm_medium=api&utm_source=b9c24709&v=3919C00FCAB0C09FAF842FDC9E4A50497079279A; Fusion Life Sciences|https://www.adzuna.com/details/5774169984?utm_medium=api&utm_source=b9c24709; GSK Solutions|https://www.adzuna.com/details/5778389281?utm_medium=api&utm_source=b9c24709; Global IT Family|https://www.adzuna.com/land/ad/5777938812?se=rvpNS5Nz8RGe4ZwL0wNS6w&utm_medium=api&utm_source=b9c24709&v=DCA533D42D1C26215B8C5CCF7F278C1F191603FC; HCL Global Systems|https://www.adzuna.com/land/ad/5777993135?se=rvpNS5Nz8RGe4ZwL0wNS6w&utm_medium=api&utm_source=b9c24709&v=C1DA6DE3DC29A6714782713D430D7C800251966B; Helishores Inc|https://www.adzuna.com/land/ad/5777881323?se=rvpNS5Nz8RGe4ZwL0wNS6w&utm_medium=api&utm_source=b9c24709&v=47608CA9394707ED1F66FF5F23D3394BB688B7C9; High Bridge Consulting|https://www.adzuna.com/land/ad/5778380178?se=bMJrTZNz8RGiVqWJe_bADg&utm_medium=api&utm_source=b9c24709&v=F1A92D4AC68F5BE36BF55F31EAC401B6840DC201; ICS Global Soft, Inc.|https://www.adzuna.com/land/ad/5778380193?se=GEXITpNz8RG03p_b2NRIZw&utm_medium=api&utm_source=b9c24709&v=03D27FE76A6F451F267BC161B0A8DD8755169A9C; IT Gig LLC|https://www.adzuna.com/land/ad/5777934234?se=iiECTpNz8RGe4ZwL0wNS6w&utm_medium=api&utm_source=b9c24709&v=81838D9520B270D25307FFEF591118D246EA038C; Indotronix Avani Group|https://www.adzuna.com/land/ad/5779214619?se=UtgRUZNz8RGvAKZmY0FuoQ&utm_medium=api&utm_source=b9c24709&v=A8A0CE8DB94A10D45183B29BD19B7356832CCF44; Indotronix International Corp|https://www.adzuna.com/land/ad/5777934176?se=rvpNS5Nz8RGe4ZwL0wNS6w&utm_medium=api&utm_source=b9c24709&v=187B4F00BA92924963B41C8D0095094BAEADF575; Infogen Software Inc.|https://www.adzuna.com/land/ad/5768975603?se=5tYJU5Nz8RGe4ZwL0wNS6w&utm_medium=api&utm_source=b9c24709&v=B6BF162E7FD37B787E70D489F5D7964A53917821; Information Consulting Services|https://www.adzuna.com/land/ad/5773844522?se=UtgRUZNz8RGvAKZmY0FuoQ&utm_medium=api&utm_source=b9c24709&v=02A1BD9987EE30CD07B7CCFB691F43EC673E0FD0; Infosat IT Services LLC|https://www.adzuna.com/land/ad/5772978982?se=iiECTpNz8RGe4ZwL0wNS6w&utm_medium=api&utm_source=b9c24709&v=811F2580904E9864A98D6B20E8C9190BAFBAFB82; Infosys Technologies Ltd|https://www.adzuna.com/land/ad/5773057033?se=ZAlcUJNz8RGe4ZwL0wNS6w&utm_medium=api&utm_source=b9c24709&v=201323836CCEEE9410A7D2E03F0B6211E404544A; Intracruit Solutions|https://www.adzuna.com/land/ad/5779223360?se=iiECTpNz8RGe4ZwL0wNS6w&utm_medium=api&utm_source=b9c24709&v=F574FE142AE8FFF63A8137EAA7CC82A23474ABC7; InventSoft|https://www.adzuna.com/land/ad/5777934197?se=rvpNS5Nz8RGe4ZwL0wNS6w&utm_medium=api&utm_source=b9c24709&v=C3C621CA0706A7735F3FA99BDE0F11733F85203D; Iresh Technologies LLC|https://www.adzuna.com/land/ad/5777939016?se=rvpNS5Nz8RGe4ZwL0wNS6w&utm_medium=api&utm_source=b9c24709&v=2CCD13636B74EF05D0320DFD2ACC5FF1DDE3AABD; JKV International|https://www.adzuna.com/land/ad/5778058081?se=bMJrTZNz8RGiVqWJe_bADg&utm_medium=api&utm_source=b9c24709&v=F75CBF46948C4A0891EB46255FFDDDF87BEAC725; Johnson Technology Systems Inc|https://www.adzuna.com/land/ad/5773844624?se=5FNcWJNz8RGiVqWJe_bADg&utm_medium=api&utm_source=b9c24709&v=B7536FBB83281EF8E03DAC238564C22F2D01B41A; KSN Technologies. Inc|https://www.adzuna.com/details/5778396570?utm_medium=api&utm_source=b9c24709; Key Business Solutions, Inc.|https://www.adzuna.com/land/ad/5777895560?se=rvpNS5Nz8RGe4ZwL0wNS6w&utm_medium=api&utm_source=b9c24709&v=D78CB5E410D804860CD04C00A0CAE8A6BF54BA80; Lorhan Corporation|https://www.adzuna.com/land/ad/5773844795?se=ZAlcUJNz8RGe4ZwL0wNS6w&utm_medium=api&utm_source=b9c24709&v=08A0C89F1C6B6E44F4841E38C9A8016F22B8FCD5; MSYS Inc.|https://www.adzuna.com/land/ad/5777938862?se=rvpNS5Nz8RGe4ZwL0wNS6w&utm_medium=api&utm_source=b9c24709&v=0D86AA74D8D52F2129736518C177B46B52ACDB8C; Midasis Technologies LLC|https://www.adzuna.com/land/ad/5778058405?se=rvpNS5Nz8RGe4ZwL0wNS6w&utm_medium=api&utm_source=b9c24709&v=C0BA2649E8B5D617109F0CBEFEA26AD70976D483; My3Tech|https://www.adzuna.com/details/5778391725?utm_medium=api&utm_source=b9c24709; NAM Info Inc|https://www.adzuna.com/land/ad/5775151246?se=bMJrTZNz8RGiVqWJe_bADg&utm_medium=api&utm_source=b9c24709&v=DE312A1BB5F674200E780FC4174C0AA3B4E45F48; NeerInfo Solutions|https://www.adzuna.com/land/ad/5779232179?se=bMJrTZNz8RGiVqWJe_bADg&utm_medium=api&utm_source=b9c24709&v=A223E940026DF64E8A78B5C6920BFC22AEF1912B; Next Gen IT Inc|https://www.adzuna.com/land/ad/5777984677?se=rvpNS5Nz8RGe4ZwL0wNS6w&utm_medium=api&utm_source=b9c24709&v=4E22B2F522589EA15E389A7D69A7D0AC666AD9AD; Nextgen Information Services|https://www.adzuna.com/land/ad/5778056970?se=rvpNS5Nz8RGe4ZwL0wNS6w&utm_medium=api&utm_source=b9c24709&v=D910639679C34DACFBCC0425FA44248EEC283D1C; People Force Consulting Inc|https://www.adzuna.com/land/ad/5773785108?se=iiECTpNz8RGe4ZwL0wNS6w&utm_medium=api&utm_source=b9c24709&v=60941930A9E2F1416D46A5EE5CC0A2BC67AA4F76; RapidIT, Inc|https://www.adzuna.com/land/ad/5777896757?se=rvpNS5Nz8RGe4ZwL0wNS6w&utm_medium=api&utm_source=b9c24709&v=720BADCD81D077E828F115319B6EA3706477BF52; RedSalsa Technologies, Inc.|https://www.adzuna.com/land/ad/5777934250?se=rvpNS5Nz8RGe4ZwL0wNS6w&utm_medium=api&utm_source=b9c24709&v=7D8F44A7840D6AC0FC3912888F637EC2E8FCB237; Reliable Software Resources|https://www.adzuna.com/land/ad/5775501130?se=ZAlcUJNz8RGe4ZwL0wNS6w&utm_medium=api&utm_source=b9c24709&v=8DD2F5F4A87427A11D70EE2524CE54392F630443; Reuben Cooley Inc|https://www.adzuna.com/land/ad/5777895516?se=ZAlcUJNz8RGe4ZwL0wNS6w&utm_medium=api&utm_source=b9c24709&v=C5ED980ED1F79D4C121A1F0DD6DA84E9452F930A; Rivian|https://www.adzuna.com/land/ad/5780177230?se=tjN7WpNz8RGiVqWJe_bADg&utm_medium=api&utm_source=b9c24709&v=9F76EB0E544CB2C1AA5E141119BF53D26EBC3A6B; SDV International|https://www.adzuna.com/land/ad/5774324149?se=5FNcWJNz8RGiVqWJe_bADg&utm_medium=api&utm_source=b9c24709&v=BDE20FA99F068FC2CB26C4730E54A167AB0D42DE; STS Worldwide Inc.|https://www.adzuna.com/land/ad/5780929337?se=rvpNS5Nz8RGe4ZwL0wNS6w&utm_medium=api&utm_source=b9c24709&v=73FA8C977F0E76F405C4B6EC6E3F1A3A9D227377; Saksoft|https://www.adzuna.com/land/ad/5774147290?se=bMJrTZNz8RGiVqWJe_bADg&utm_medium=api&utm_source=b9c24709&v=30A970932A10E4B338D9033E2503E84CEB45DFCB; Salem Infotech|https://www.adzuna.com/land/ad/5777938820?se=ggmrTJNz8RG03p_b2NRIZw&utm_medium=api&utm_source=b9c24709&v=093E1417BC5FE33CA6757E8F0341855B0D5663D6; SharkAnalytics LLC|https://www.adzuna.com/land/ad/5780866112?se=ggmrTJNz8RG03p_b2NRIZw&utm_medium=api&utm_source=b9c24709&v=40F6724331DB96BF32B5A88D0ADD7F1B7C81B766; Sharp Decisions|https://www.adzuna.com/land/ad/5778545738?se=rvpNS5Nz8RGe4ZwL0wNS6w&utm_medium=api&utm_source=b9c24709&v=622DAD056A6D3CD1296BC9C76DF36168A9EF2A6A; Skywalk Global|https://www.adzuna.com/land/ad/5778058002?se=rvpNS5Nz8RGe4ZwL0wNS6w&utm_medium=api&utm_source=b9c24709&v=24FECBC8B745FD6EE17C1225314F6D1C0DEFEABE; Smart IMS Inc|https://www.adzuna.com/details/5778396702?utm_medium=api&utm_source=b9c24709; Software Technology Inc|https://www.adzuna.com/details/5778390532?utm_medium=api&utm_source=b9c24709; Sprezzatura|https://www.adzuna.com/details/5780073472?utm_medium=api&utm_source=b9c24709; Stellar Professionals|https://www.adzuna.com/details/5778391757?utm_medium=api&utm_source=b9c24709; Symbioun Technologies, Inc|https://www.adzuna.com/land/ad/5777939048?se=rvpNS5Nz8RGe4ZwL0wNS6w&utm_medium=api&utm_source=b9c24709&v=74AD166C3E76E2F1E88C6AE76AA5D7A0707230E2; Tailored Management|https://www.adzuna.com/land/ad/5777743618?se=rvpNS5Nz8RGe4ZwL0wNS6w&utm_medium=api&utm_source=b9c24709&v=C28EC1EEE6D077563F9AC110F218245C1E093C45; TechVirtue LLC|https://www.adzuna.com/land/ad/5778005720?se=bMJrTZNz8RGiVqWJe_bADg&utm_medium=api&utm_source=b9c24709&v=E76B9A8F4D8AEC85AE8E1B25402774AF798A5F15; TekWissen LLC|https://www.adzuna.com/details/5778391586?utm_medium=api&utm_source=b9c24709; Telligen Tech, Inc|https://www.adzuna.com/details/5778391037?utm_medium=api&utm_source=b9c24709; The Hertz Corporation|https://www.adzuna.com/details/5779696144?utm_medium=api&utm_source=b9c24709; The Vanguard Group|https://www.adzuna.com/details/5779757875?utm_medium=api&utm_source=b9c24709; Transcend IT Solutions|https://www.adzuna.com/land/ad/5774994937?se=iiECTpNz8RGe4ZwL0wNS6w&utm_medium=api&utm_source=b9c24709&v=BD9FC8292376A0B2890DDC1E4102F55BC831A2A0; VC5 Consulting|https://www.adzuna.com/land/ad/5772693745?se=GEXITpNz8RG03p_b2NRIZw&utm_medium=api&utm_source=b9c24709&v=573EDDCEED847D3C48C3D9D567A495DD20D39F1E; VGAI Solutions|https://www.adzuna.com/land/ad/5778815193?se=bMJrTZNz8RGiVqWJe_bADg&utm_medium=api&utm_source=b9c24709&v=EFBB215217FBFECD5DF1FBA9D91AE24F353F7523; VIIS Global Inc.|https://www.adzuna.com/land/ad/5777895520?se=rvpNS5Nz8RGe4ZwL0wNS6w&utm_medium=api&utm_source=b9c24709&v=6BB6EE20F85C46A2826D116FA63B919ABD97A0C5; VRK IT Vision Inc|https://www.adzuna.com/details/5778392314?utm_medium=api&utm_source=b9c24709; Valtech|https://www.adzuna.com/details/5776180910?utm_medium=api&utm_source=b9c24709; Vindiorix LLC|https://www.adzuna.com/land/ad/5778057994?se=rvpNS5Nz8RGe4ZwL0wNS6w&utm_medium=api&utm_source=b9c24709&v=D98115FB606D1C54965456A699AFB82421DBD8E7; Vision Square|https://www.adzuna.com/land/ad/5776929669?se=bMJrTZNz8RGiVqWJe_bADg&utm_medium=api&utm_source=b9c24709&v=304DB5121C7834E5D5C8043E96F597260412818C; Wise Skulls|https://www.adzuna.com/land/ad/5779214597?se=iiECTpNz8RGe4ZwL0wNS6w&utm_medium=api&utm_source=b9c24709&v=4F06EFFCC46AC0D8B3918DFFE17110C71E1B805F; Wiserhunt|https://www.adzuna.com/details/5778396781?utm_medium=api&utm_source=b9c24709; Ztek Consulting|https://www.adzuna.com/land/ad/5772872556?se=iiECTpNz8RGe4ZwL0wNS6w&utm_medium=api&utm_source=b9c24709&v=D040BED2617C2FC2D2E064E132377C632EA1BA52; Zuven Technologies Inc|https://www.adzuna.com/land/ad/5776452531?se=ZAlcUJNz8RGe4ZwL0wNS6w&utm_medium=api&utm_source=b9c24709&v=0889E6040B9EDDCD56A59104D0E6E90EF3DF138D; estaffing Inc|https://www.adzuna.com/details/5778391750?utm_medium=api&utm_source=b9c24709","3Core Systems, Inc; 3i People, Inc.; A&M Technologies; ACI Infotech; ADPMN INC; AGM Tech Solutions, LLC; ASM Research, An Accenture Federal Services Company; Accenture; Acumen Velocity; Advanced American Technologies, Inc; Agile Global Solutions, Inc; Ahead; Akaasa Technologies; Ally; American Builders and Contractors Supply Co; American Electric Power; American IT Systems; American Technology Consulting; Ampcus Inc; Apex Bridge Talent Group INC; Apex Systems; Apexon; Apidel Technologies; AppLab Systems Inc; Appex Innovation; Apple; Arbor Tek Systems; Argyllinfotech; Arohak Inc; Astra North Infoteck Inc.; Autozone; Avancer Corporation; Axiom Path; BCforward; BNY; Bank of America; Bansar Technologies Inc.; Bart & Associates; Belk; Berkley; BigBear.ai; Bitsoft International, Inc.; Bizoforce Inc; Booz Allen Hamilton; Boston Associate Software Systems; Brandon Consulting; Brilliant Infotech Inc.; Brooksource; C4 Technical Services; CGI; CME Group; COOLSOFT; CS Solutions, Inc.; CTC USA, LLC; CVS Health; CYNET SYSTEMS; Calsoft Pvt Ltd; Camping World; Canoo Technologies; Cardinal Integrated Technologies Inc; Case Interactive; Cayuse Holdings; Centraprise Corp; Citigroup; CitiusTech; ClifyX; Cloudious LLC; Codetech Inc; Cognizant; Collabera LLC; Computer Enterprises, Inc.; Comtech Global; Conflux Systems Inc; ConglomerateIT LLC; Converge; Corpay; CrewBloom; Cystems Logic; DB Orlando- NJ; DKMRBH Inc; DMS Vision Inc; DTCC; DTEL Engineering & Consultants Inc; DXC Technology; Digipulse Technologies, Inc; Digital Technology Solutions; Digitek Software, Inc.; EA Team, Inc.; EPAM Systems; EchoStar; EdgeVerve Systems Limited; Edi Matrix LLC; Ekcel Systems; Eliassen Group; Ensono; Essel; Everest Global Solutions; Exatech Inc; FIS Capital Markets; Fast Switch; Federal Reserve Bank; Fervorly; Fifth Third Bank, N.A.; Filevine; First Horizon; Fiserv; Floor & Decor; Focus America Inc.; Ford Motor Company; Fort Technologies Inc.; Foundation Software; Fusion HCR; Fusion Life Sciences; GDH; GRT Corporation; GSK Solutions; General Dynamics Information Technology; Genesis10; Genius Road; Genuine Parts Company; Georgia IT; Glint Tech Solutions LLC; Global IT Family; Globalchannelmanagement; GovCIO; H R PUNDITS INC; HCL Global Systems; HCSC; HERS Advisors; HTC Global Services; Hagerty Insurance; Healthfirst Corporation; Helishores Inc; Herbalife; Hexaware Technologies, Inc; Hicks Professional Group; High Bridge Consulting; Highbrow; HigherEchelon; HonorVet Technologies; Humana; Huntington National Bank; Hyundai Capital; IBM; ICS Global Soft, Inc.; INFT Solutions inc; INSPYR Solutions; IT Gig LLC; ITRS; Indotronix Avani Group; Indotronix International Corp; Infinite Computer Solutions; InfoVision, Inc.; Infogen Software Inc.; Information Consulting Services; Infosat IT Services LLC; Infosys Technologies Ltd; Innova; Insight Global; IntelliX Software, Inc.; Intercontinental Exchange; Intracruit Solutions; InventSoft; Iresh Technologies LLC; JBA International; JC Corporations Inc; JKV International; JPMorgan Chase; JPMorganChase; JTEC Consulting; Jacobson Group; Johnson Technology Systems Inc; Judge Group, Inc.; KPG 99 Inc.; KSN Technologies, Inc.; KSN Technologies. Inc; Kanor Systems; Kelly Services; Key Business Solutions, Inc.; KeyBank; Kforce Technology Staffing; Kirkland & Ellis LLP; LPL Financial; LTS; Learn Beyond Consulting LLC; Leidos; Link Technologies; Lockheed Martin Corporation; London Stock Exchange Group; Lorhan Corporation; Lumen Solutions Group Inc.; Luminare Health Benefits; MSYS Inc.; Maintec Technologies Inc; ManpowerGroup; Marriott; Mastech Digital; Mastercard; Matlen Silver; McKesson; Midasis Technologies LLC; Mitsubishi UFJ Financial Group; Motion Recruitment Partners, LLC; Mpower Plus Rezolve AI Group LTD; My3Tech; NAM Info Inc; NJTECH INC.; NTT DATA Americas, Inc; Nasscomm, Inc.; Nastech Global; NeerInfo Solutions; NetApp; Nexiva Inc; Next Gen IT Inc; Nextgen Information Services; Nisum; Nobl Q, LLC.; Noblesoft Solutions; Noblis; Northern Trust; Novalink Solutions LLC; OP Consulting Group LLC; OneStream; Ontada; Openkyber; Orange Top Services, LLC; Otter Base; P2PSoftTek Inc; PAYCO The Clearing House Payments Company; PNC; PTR Global; Payactiv; PenFed Credit Union; Penske Truck Leasing; People Force Consulting Inc; PeopleNTech; Perficient; Peyton Resource Group; Photon; Pioneer IT Systems LLC; Plexus Worldwide; Polar IT Services; Proventus Metrics; Pyramid Consulting, Inc.; Pyramid Technology Solutions, Inc.; Qode; Quest Diagnostics; RICEFW Technologies Inc; RaceTrac; Randstad Digital; RapidIT, Inc; Raymond James Financial, Inc.; Realtech Services; RedSalsa Technologies, Inc.; Redolent; Reliable Software Resources; ReqRoute,Inc; Resource Management Concepts, Inc. - Rmc, Inc.; Reuben Cooley Inc; Reveille Technologies; Riptide Technology; Rivago infotech inc; Rivian; SDV International; SLK America Inc.; STS Worldwide Inc.; Sage IT Inc; Saic; Saksoft; Salem Infotech; Sambasafety; Scicom Infrastructure Services; SharkAnalytics LLC; Sharp Decisions; Shift Code Analytics; Sierra Business Solution LLC; Siritech Solutions Corp; Skywalk Global; Smart IMS Inc; Software Guidance & Assistance; Software Technology Inc; South Geeks; Sprezzatura; Spry Squared Inc; Staffingagencyrecruitment; Staples; State Street; Stefanini; Stellar Professionals; Stellent IT LLC; StoneGate-Technologies LLC; Strategic Staffing Solutions; Sun Technologies,Inc.; Sunrise Systems, Inc.; Symbioun Technologies, Inc; SysMind, LLC; Sysazzle; System One; T. Rowe Price; TCC Toyota Motor Credit Corporation Company; TECH Tammina; TEKsystems; TSQ Systems Inc; Tailored Management; Talent Groups; Tech3pillars Technologies; TechVirtue LLC; Techgene Solutions LLC; TekWissen LLC; Telligen Tech, Inc; The Cigna Group; The Hartford; The Hertz Corporation; The Jupiter Group; The Timberline Group; The Vanguard Group; Toyota Motor North America; Transcend IT Solutions; Tranzeal, Inc.; Trident Consulting; Trinite Consulting Group; Two95 International Inc.; US Tech Solutions; Uline; UniqueHire Consulting LLC; Unissant; Unisys; United Airlines; UnitedHealth Group; Universal Music; V-CENTRIX-US LLC; V-Soft Consulting Group, Inc; V.L.S. Systems, Inc; VAK Consulting LLC; VC5 Consulting; VF Corporation; VGAI Solutions; VIIS Global Inc.; VRK IT Vision Inc; Vail Resorts; Valtech; Value Spectrum Technologies LLC; VeeRteq Solutions Inc.; Ventechsoft Inc; VeridianTech; Vertisystem Inc.; Veterans EZ Info, Inc; Vindiorix LLC; Vinsari LLC; Vision Square; Voto Consulting LLC; W3Global; Walgreens; Widescope Consulting and Contracting Services; Windward Consulting; Wise Skulls; Wiserhunt; Xoriant Corporation; Zillion Technologies; Ztek Consulting; Zuven Technologies Inc; estaffing Inc; iTek People, Inc.; rockITdata; vTech Solution"
2026-06-29,LiveRamp,us,262,128,134,58,9,"AMS|https://www.adzuna.com/details/5777621928?utm_medium=api&utm_source=b9c24709; Akaasa Technologies|https://www.adzuna.com/details/5778392219?utm_medium=api&utm_source=b9c24709; Definitive Healthcare, US|https://www.adzuna.com/details/5775942154?utm_medium=api&utm_source=b9c24709; Dynata|https://www.adzuna.com/details/5776048611?utm_medium=api&utm_source=b9c24709; Nineteen Eleven Solutions|https://www.adzuna.com/land/ad/5776929158?se=dIIhXJNz8RGvAKZmY0FuoQ&utm_medium=api&utm_source=b9c24709&v=997942E50E2A0B9964531FA31F0F62752018F19E; Shaper의 Shaper Portfolio Engineering & Product Talent Community 직무 입사 지원서|https://www.adzuna.com/details/5075840370?utm_medium=api&utm_source=b9c24709; TelevisaUnivision|https://www.adzuna.com/details/5776171808?utm_medium=api&utm_source=b9c24709; Ulta Beauty, Inc.|https://www.adzuna.com/land/ad/5758563037?se=bF3EXpNz8RGiVqWJe_bADg&utm_medium=api&utm_source=b9c24709&v=16E74D7E34CC5D2729BF9965B4E71A43BA01B2BA; Univision Communications, Inc|https://www.adzuna.com/details/5777170603?utm_medium=api&utm_source=b9c24709","ACCENTURE; AEG Presents; AEG Worldwide; AMS; Advance Local; Affinity Solutions; Akaasa Technologies; Albertsons; Attain; CVS Health; Capgemini; Cascadia Search; Citigroup; Colgate-Palmolive; DICK'S Sporting Goods; Definitive Healthcare, US; Disney; Dollar General; Dynata; EDO; EchoStar; Edgewell Personal Care; Etsy; Fluent, LLC; Goldman Sachs; H&R Block; Hilton; InMarket; Instacart; KORTX; Kepler Group; LoopMe; Lundbeck; NBC Universal; Nexla; Nineteen Eleven Solutions; Northern Trust; Proxima; PubMatic; Rational 360; Redi-Mail / RediData; Resonate; Samba; Samsung; Sanofi Group; Shaper; Shaper의 Shaper Portfolio Engineering & Product Talent Community 직무 입사 지원서; Snowflake; SoundCloud; Take-Two Interactive Software; TelevisaUnivision; The New York Times; The Walt Disney Company; Ulta Beauty, Inc.; Universal Orlando; Univision Communications, Inc; WPROMOTE; dentsu"
2026-06-29,nCino,us,615,600,15,132,8,AMERICAN BANK OF COMMERCE|https://www.adzuna.com/land/ad/5774345123?se=shvjY5Nz8RGiVqWJe_bADg&utm_medium=api&utm_source=b9c24709&v=E2DCB77028C7DCE5D3AD88D563FD74FBD48B1AA5; BOK Financial|https://www.adzuna.com/details/5773008838?utm_medium=api&utm_source=b9c24709; CNB Financial Corp|https://www.adzuna.com/details/5774505344?utm_medium=api&utm_source=b9c24709; CoBank|https://www.adzuna.com/details/5776109302?utm_medium=api&utm_source=b9c24709; ESSA Bank|https://www.adzuna.com/details/5777542654?utm_medium=api&utm_source=b9c24709; Eriebank|https://www.adzuna.com/details/5777294015?utm_medium=api&utm_source=b9c24709; R W Group|https://www.adzuna.com/details/5774572987?utm_medium=api&utm_source=b9c24709; Susser Bank|https://www.adzuna.com/details/5777289090?utm_medium=api&utm_source=b9c24709,"1st Source; AMERICAN BANK OF COMMERCE; Accenture; Amerantbank; Ameris Bank; Atlantic Union Bank Careers; Axos Bank; BOK Financial; Banc of California; Bank of America; BankPlus; Bundoran Group; Busey Bank; Byline Bank; CBI Bank & Trust; CGI; CNB Financial Corp; CalPrivate Bank; Cathay General Bancorp; Celonis; Centennial Bank; Checkr; City National Bank of Florida; ClifyX; CoBank; Coastal States Bank; Cognizant; Columbia Bank; ConnectOne Bank; Connexus Credit Union; Cornerstone Capital Bank; Customers Bank; DP Professionals Inc; DX Foundation; Dickinson Financial Corporation; Dieterich Bank; ESSA Bank; Earthmover Credit Union; Eastern Bank; EmployVision; Eriebank; Extractable; FAIRWINDS Credit Union; FNBO; Farm Credit Bank Texas; Farm Credit Mid-America; Farm Credit Services of America; Farm Credit of Florida; Fifth Third Bank; First Financial Bank; First Horizon; First Internet Bank; First National Bank Of Bastrop; First National Bank Of Pennsylvania; First National Bank of Omaha; Five Star Bank, Ca; Flagstar Bank; Fortis Bank; Fulton Bank; GalaxEsystems; Genesis Capital; Gpac; Grasshopper Bank; Greenfield Savings; HUNT Mortgage Corporation; Hancock Whitney Bank; Hills Bank; INSBANK; Ideal Credit Union; Insight Global; JBA International; Judge Group, Inc.; KeyBank; Kforce Technology Staffing; KēSTA I.T.; Lead; Leader Bank; Lighthouse Technology Services; Lowome Investment Fund; Luxury Mortgage; M&T Bank; MDMS Recruiting; Management Recruiters of Spokane; Member Business Financial Services; Midwest Bank Centre; Millennium Bank; Mld Mortgage; Municipal Credit Union; NTT America, Inc.; National Cooperative Bank. N.A.; National Mortgage Staffing; Northern Bank; Openkyber; Origin Bank; Peoples Bank; Photon Group; Platinum Bank; R W Group; Regions Bank; Rockland Trust Company; S&T Bank; SLK America Inc.; Sb Financial Group Inc.; Service Federal Credit Union; Servisfirst Bank; Shore United Bank; Smith Johnson Tech; South Shore Bank Roles; Southern Trust Mortgage; Southstate Bank; StaffRight Associates, LLC; Summit Bank; Sunflower Bank, N.A.; Susser Bank; SysMind, LLC; TD Bank; Taleo Social Sourcing; The Paducah Bank And Trust Company; The Symicor Group; Towne Family of Companies; Truist; Trustmark National Bank; U.S. Bank; Vy Systems; WSFS Bank; WaFd Bank; Wells Fargo; West Monroe; Wintrust; Yosemite Farm Credit; Zennify; Zions Bancorporation"
2026-06-29,JFrog,us,442,400,42,159,22,"AIG Insurance|https://www.adzuna.com/details/5778699764?utm_medium=api&utm_source=b9c24709; Avispa Technology|https://www.adzuna.com/details/5774361441?utm_medium=api&utm_source=b9c24709; CTC|https://www.adzuna.com/details/5773013396?utm_medium=api&utm_source=b9c24709; Cloudious LLC|https://www.adzuna.com/details/5778389544?utm_medium=api&utm_source=b9c24709; Colaberry|https://www.adzuna.com/land/ad/5779219040?se=AMoQbJNz8RGvAKZmY0FuoQ&utm_medium=api&utm_source=b9c24709&v=0F357E55D1B4EE4491AE3F65E2A642DB81BEF78B; Collabera LLC|https://www.adzuna.com/land/ad/5776610743?se=AMoQbJNz8RGvAKZmY0FuoQ&utm_medium=api&utm_source=b9c24709&v=9FD5AA3DB4037FCF37F69DB06B455D33D0EE72C3; EmployVision|https://www.adzuna.com/land/ad/5723711574?se=Qu5pa5Nz8RG03p_b2NRIZw&utm_medium=api&utm_source=b9c24709&v=9244594439B3ADF708929ABBA309764546FC4F17; Envision Technology Solutions|https://www.adzuna.com/land/ad/5776452764?se=AMoQbJNz8RGvAKZmY0FuoQ&utm_medium=api&utm_source=b9c24709&v=B8C228A977BAB68A388EED8D5BACFD17A577A49B; Exegy|https://www.adzuna.com/details/5777466893?utm_medium=api&utm_source=b9c24709; General Motors|https://www.adzuna.com/details/5774045259?utm_medium=api&utm_source=b9c24709; Genius Road|https://www.adzuna.com/details/5775830240?utm_medium=api&utm_source=b9c24709; Humana|https://www.adzuna.com/details/5778556746?utm_medium=api&utm_source=b9c24709; Icon International Group LLC|https://www.adzuna.com/land/ad/5777939115?se=AMoQbJNz8RGvAKZmY0FuoQ&utm_medium=api&utm_source=b9c24709&v=7AA8CECD10EACD81AF99BA2A72E8C975053E6D87; Inherent Technologies|https://www.adzuna.com/details/5774166576?utm_medium=api&utm_source=b9c24709; K-Tek Resourcing LLC|https://www.adzuna.com/land/ad/5774146789?se=Qu5pa5Nz8RG03p_b2NRIZw&utm_medium=api&utm_source=b9c24709&v=882F72FC9F1DFE4037D423DE1715D0D6962C9AD4; NeoTech Solutions|https://www.adzuna.com/land/ad/5773844283?se=AMoQbJNz8RGvAKZmY0FuoQ&utm_medium=api&utm_source=b9c24709&v=EEA11E1436CAB6F081A087CB8A2E0BEE8759EE57; NinjaOne|https://www.adzuna.com/details/5774564115?utm_medium=api&utm_source=b9c24709; Nordstrom|https://www.adzuna.com/details/5778600783?utm_medium=api&utm_source=b9c24709; Ohm Systems, Inc|https://www.adzuna.com/land/ad/5775101974?se=Qu5pa5Nz8RG03p_b2NRIZw&utm_medium=api&utm_source=b9c24709&v=D632930962A4AF1DDFB70E7778181C5D71F249CF; RAVIN IT SOLUTIONS, Inc|https://www.adzuna.com/land/ad/5772870692?se=AMoQbJNz8RGvAKZmY0FuoQ&utm_medium=api&utm_source=b9c24709&v=EC8F21A6CF23DFBC5D25C8E2048D585B2EECEF02; Sierra Nevada Corporation|https://www.adzuna.com/land/ad/5777695471?se=Qu5pa5Nz8RG03p_b2NRIZw&utm_medium=api&utm_source=b9c24709&v=6BE3BAB32E4C827B678BCF25ADF68B2EDB6CF88D; Spar Information Systems|https://www.adzuna.com/land/ad/5777938839?se=AMoQbJNz8RGvAKZmY0FuoQ&utm_medium=api&utm_source=b9c24709&v=A89EB329EADE149428DBC4FD0B7D1F9B3FBD824C","4P Consulting; AB2 Consulting, Inc.; ADP; AIG Insurance; ASRC Federal; AT&T; AbbVie; Accenture; Akaasa Technologies; Alkermes; Amatriot Group; Amentum; Anduril; Apex Systems; Apidel Technologies; Applied Materials; Aquila Technology; Avispa Technology; BAE Systems; BDR Solutions; Bank of America; Battelle Memorial Institute; Beyond SOF; Biamp; Broadridge; Butlr; By Light HQ; By Light Professional IT Services; C5MI Insight; CNA; CTC; CVS Health; CYNET SYSTEMS; Cadence Systems; Canoo Technologies; Capgemini; Capstone; Cloudious LLC; Cognizant; Colaberry; Collabera LLC; ConglomerateIT; CoreWeave; CrowdStrike; Cyngn; DATAMAXIS, Inc; DFO Referrals; Dayforce; DevSelect; Diagrid; Duetto Research; E-Space; ENTRUST; Early Warning Services, LLC; Electric Reliability Council of Texas; EmployVision; Engine; Envision Technology Solutions; Eversource Energy; Exegy; Fast Switch; Fidelity; Ford Motor; General Motors; Genesis10; Genius Road; Guild Talent; Heads Up Technologies; Highmark Health; Horizontal Talent; Humana; IPS Technology Services; ITCE Services; Icon International Group LLC; Idexx; Impinj; Index Engines; InfoVision, Inc.; Infosys; Inherent Technologies; Insight Global; Intercontinental Exchange; Iridium Satellite; Istari Digital; JPMorgan Chase; JPMorganChase; K-Tek Resourcing LLC; K2 Space; Kelly Services; KeyBank; L3Harris; LCG; LVT; Leidos; Lockheed Martin; MAG; ManpowerGroup; Mastercard; Maximus; McAfee; McDonald's; McKesson; MeridianLink; Mission Support and Test Services; Motion Recruitment Partners, LLC; MphasiS Corporation USA; NTT America, Inc.; NTT Data Americas, Inc.; NVIDIA; National Life Insurance Company; NeoTech Solutions; Nevada National Security Sites; New York Life Insurance Co; NexTurn, Inc.; NinjaOne; Nordstrom; Northrop Grumman; OfferUp; Ohm Systems, Inc; Openkyber; PRIMUS Global Services Inc.; Paysafe Group; Peyton Resource Group; Quanta Search; Quantiphi; RAVIN IT SOLUTIONS, Inc; RELX; RTX; Randstad Digital; Recru; Redolent; Relativity Space; Request Technology, LLC; S&P Global; SAP; Sage IT Inc; Sailboat Talent Group; Salesforce; SciTec; Scientific Research Corporation; Scout Motors; Sierra Nevada Corporation; Snap; Sonar; Sonatype; Spar Information Systems; State Street; System One; T-Rex Solutions; TekCommands Inc; True Anomaly; Truveta; Tyler Technologies; US Tech Solutions; VDart Inc; Veeam Software; Verisign; Wayve; Yahoo"
2026-06-29,Guidewire,us,1000,967,33,156,32,"Aioi USA & MOTER Tech|https://www.adzuna.com/land/ad/5769030714?se=Ks0xgpNz8RGvAKZmY0FuoQ&utm_medium=api&utm_source=b9c24709&v=0C7E5CA60C4AC18530F0B95803B6B421FAEE844A; Argyllinfotech|https://www.adzuna.com/details/5777011305?utm_medium=api&utm_source=b9c24709; Blue Ribbon Global Technologies|https://www.adzuna.com/details/5775519781?utm_medium=api&utm_source=b9c24709; Central Business Solutions|https://www.adzuna.com/land/ad/5773844260?se=MLoadJNz8RG03p_b2NRIZw&utm_medium=api&utm_source=b9c24709&v=C5ADD733783BADB77258E55AD3AA0D9F4A6BAAFF; CompHealth|https://www.adzuna.com/land/ad/5778419357?se=gjiSd5Nz8RGiVqWJe_bADg&utm_medium=api&utm_source=b9c24709&v=35A625105C593A6DE0046D5C96BBC6C557A41065; Delviom LLC|https://www.adzuna.com/land/ad/5774996997?se=BnKUgJNz8RGe4ZwL0wNS6w&utm_medium=api&utm_source=b9c24709&v=944A7CEBBC7407130982AE98CD67A120332BD896; EIG Services, Inc.|https://www.adzuna.com/land/ad/5776176727?se=VJupe5Nz8RG03p_b2NRIZw&utm_medium=api&utm_source=b9c24709&v=3593544595A5FE4E2371A63A175E8FE1AF313CA1; EXL|https://www.adzuna.com/details/5768922990?utm_medium=api&utm_source=b9c24709; FEDRUS GLOBAL LLC|https://www.adzuna.com/land/ad/5775102032?se=DMVReZNz8RGvAKZmY0FuoQ&utm_medium=api&utm_source=b9c24709&v=D004D8FE068C8EEA09A5D50047C15C32B05CCE25; Fourways Consulting Services|https://www.adzuna.com/land/ad/5774035117?se=tGlNgZNz8RGvAKZmY0FuoQ&utm_medium=api&utm_source=b9c24709&v=074FCB87AB9A15CE73D873F5A91E390BD620322F; Galactic Minds Inc.|https://www.adzuna.com/land/ad/5773712444?se=tGlNgZNz8RGvAKZmY0FuoQ&utm_medium=api&utm_source=b9c24709&v=5A49DC1DF1C1E5D66901FBE3D1DC5FF5AC29D66E; Group Nine|https://www.adzuna.com/land/ad/5776907837?se=vFQxc5Nz8RGvAKZmY0FuoQ&utm_medium=api&utm_source=b9c24709&v=ABA7A7F4E29DF52F79DA7529D33DC4ACF81A83B2; Hexaware Technologies, Inc|https://www.adzuna.com/land/ad/5774995285?se=MLoadJNz8RG03p_b2NRIZw&utm_medium=api&utm_source=b9c24709&v=FA9BF3328F3913A6AC04779CAD50B7B144083B76; K Anand Corporation|https://www.adzuna.com/land/ad/5774997169?se=DMkAe5Nz8RG03p_b2NRIZw&utm_medium=api&utm_source=b9c24709&v=AFF1F819CE67C13D1858EDC28E06D3B804AFE4B4; Karwell Technologies Inc|https://www.adzuna.com/land/ad/5775473628?se=vFQxc5Nz8RGvAKZmY0FuoQ&utm_medium=api&utm_source=b9c24709&v=7775ECA94E266F830F9CEF77E12C28B681A7F43E; Ledgent Technology|https://www.adzuna.com/land/ad/5775889835?se=BnKUgJNz8RGe4ZwL0wNS6w&utm_medium=api&utm_source=b9c24709&v=1698540041013A7149BFC43A726FE10EF8EF2AFB; NextGen IT Inc.|https://www.adzuna.com/land/ad/5778379161?se=vFQxc5Nz8RGvAKZmY0FuoQ&utm_medium=api&utm_source=b9c24709&v=6A5C65C6FDB9D5F11247B999509812E58F942923; Nursefinders|https://www.adzuna.com/land/ad/5751327212?se=DMkAe5Nz8RG03p_b2NRIZw&utm_medium=api&utm_source=b9c24709&v=51A3344704DAB7E45A0CD235F35114B33F39F282; Old Republic Alternative Markets|https://www.adzuna.com/land/ad/5775964305?se=Ks0xgpNz8RGvAKZmY0FuoQ&utm_medium=api&utm_source=b9c24709&v=4B11F09F53F36A25811EEB7E1776E441AB0A1410; Partner's Consulting, Inc.|https://www.adzuna.com/land/ad/5775047129?se=wN1tfJNz8RG03p_b2NRIZw&utm_medium=api&utm_source=b9c24709&v=BAD99E378B016079A69D985C6A77BFC902F12375; Pyramid Consulting, Inc.|https://www.adzuna.com/land/ad/5774035158?se=DMVReZNz8RGvAKZmY0FuoQ&utm_medium=api&utm_source=b9c24709&v=483827F44B04288081846D1ECCA8AB0B7C96459C; Rapisource LLC|https://www.adzuna.com/land/ad/5778344086?se=MLoadJNz8RG03p_b2NRIZw&utm_medium=api&utm_source=b9c24709&v=7B086BC282E7D4BB630B3E6BD62CB92980E008B7; Softratech LLC|https://www.adzuna.com/land/ad/5778057070?se=MLoadJNz8RG03p_b2NRIZw&utm_medium=api&utm_source=b9c24709&v=66E1FBCEA1258548CDE03D7A683A269436C9BE41; SumasEdge Corporation|https://www.adzuna.com/land/ad/5777939073?se=MLoadJNz8RG03p_b2NRIZw&utm_medium=api&utm_source=b9c24709&v=42516E5A7530E4262DDADD523EBE9E1A4084CBEE; Synersys Technologies|https://www.adzuna.com/land/ad/5778058413?se=BnKUgJNz8RGe4ZwL0wNS6w&utm_medium=api&utm_source=b9c24709&v=9C446FFD0BC3C038901E2C1F7A82E6D9A2AD9F8B; TECH Tammina|https://www.adzuna.com/land/ad/5776452706?se=wN1tfJNz8RG03p_b2NRIZw&utm_medium=api&utm_source=b9c24709&v=052E7330D2215BE8505DA505C99D2B88CE1527A7; TMG Insurance Services|https://www.adzuna.com/details/5775980524?utm_medium=api&utm_source=b9c24709; Tech Tandem Inc|https://www.adzuna.com/land/ad/5777934235?se=wN1tfJNz8RG03p_b2NRIZw&utm_medium=api&utm_source=b9c24709&v=67F868E39E82AD03A60A102AF531453CCD031BE0; UNC Health Care|https://www.adzuna.com/land/ad/5780679640?se=BnKUgJNz8RGe4ZwL0wNS6w&utm_medium=api&utm_source=b9c24709&v=6F49640AEF92EF8FA9F0D9EF35836FA9CA92B565; VBeyond Corporation|https://www.adzuna.com/land/ad/5777995003?se=wN1tfJNz8RG03p_b2NRIZw&utm_medium=api&utm_source=b9c24709&v=9E88DA0C6A2C7874B472483252CA7E0D47542E2A; eTeam, Inc.|https://www.adzuna.com/land/ad/5777934164?se=DMVReZNz8RGvAKZmY0FuoQ&utm_medium=api&utm_source=b9c24709&v=679554B49300B49940D52F1BF80514F25770D909; iMedhas Consulting Services|https://www.adzuna.com/land/ad/5776573335?se=VJupe5Nz8RG03p_b2NRIZw&utm_medium=api&utm_source=b9c24709&v=6832A3ED8610C18547D779F7A3F395991E91058D","AAA; AGILITYARC TECH SOLUTIONS INC.; Accellor; Acunor Infotech; Aioi USA & MOTER Tech; Akaasa Technologies; Algo Soft Solutions LLC; American Family Mutual Insurance Company; American Traveler; Argyllinfotech; Aroha Technologies; Avanciers LLC; BP&C; Bamboo Insurance; Berkley; Blue Cross Blue Shield of Michigan; Blue Ribbon Global Technologies; Bright Vision Technologies; CNA; COUNTRY Financial; CYNET SYSTEMS; Canal Insurance Company; Capgemini; Carle Health; Central Business Solutions; Charter Global, Inc.; ClientServer Technology Solutions LLC; ClifyX; Cloudious; Cognizant; Columbia Insurance; CompHealth; Conch Technologies; ConglomerateIT; Connect Tech Talent; Connect Tech+Talent; Cordova; Cross Country Allied; Custom Business Solutions, Inc.; Cyma Systems Inc; Cynet Health; Deloitte; Delviom LLC; Derex Technologies Inc; Digicomplish Inc; Duke Health; ECCLESIASTES INC; EIG Services, Inc.; EXL; EY; Eliassen Group; Erie Insurance Group; Excelon Solutions LLC; FCCI; FEDRUS GLOBAL LLC; Farmers Mutual Insurance Company Of Nebraska; Farrmers Insurance; Fixity Technologies; Fourways Consulting Services; Frankenmuth Insurance; Fusion Medical Staffing; Galactic Minds Inc.; Great American Insurance Company; Greater New York Mutual Insurance Company; Group Nine; HDI Global Insurance Company; HR Pundits; Health Advocates Network - Nursing; Heritage Mga Llc; Hermitage Infotech; Hexacorp; Hexaware Technologies, Inc; Incorporan Inc; Inherent Technologies; Insight Global; JBA International; K Anand Corporation; K-Tek Resourcing LLC; Karwell Technologies Inc; Kemper; Key2Source INC; Kforce Technology Staffing; King'S Insurance Staffing; Laiba Technologies LLC; Last Word Consulting; Ledgent Technology; Levi, Ray & Shoup; Liberty Mutual; MMT; Medical Solutions; Mercury Insurance Services, LLC; Millennium Software, Inc.; NasTech Global, Inc.; National Indemnity Company; New York Technology Partners; Next Level Business Services, Inc.; NextGen IT Inc.; Nursefinders; OhioHealth; Okaya Inc; Old Republic Alternative Markets; Partner's Consulting, Inc.; Pekin Insurance Careers; PricewaterhouseCoopers; Professional Search Group; Purple Drive Technologies LLC; PwC; Pyramid Consulting, Inc.; Rapisource LLC; Robert Half; SMART CALIBER TECHNOLOGY; Sage IT Inc; Seven Healthcare; Sharpedge Solutions; Shrive Technologies LLC; Softratech LLC; Spear Staffing; Sprocket Staffing Services; Staff Today; Staffxpert LLC; Stanley David and Associates; State Farm; SumasEdge Corporation; Synersys Technologies; TECH Tammina; TEKsystems; TMG Insurance Services; TSQ Systems Inc; Talent Search PRO; Tech Tandem Inc; Techno-Comp, Inc.; TekShapers; The Dignify Solutions, LLC; The Hartford; Travelers; UNC Health Care; UniqueHire Consulting LLC; United Auto Insurance; VBeyond Corporation; VDart, Inc.; ValueMomentum; Vertical Falls LLC; Virtual Networx; Vkore Solutions; Xcutives.com Inc; Yale New Haven Health; Yochana IT Solutions; Zodiac Solutions Inc.; Zurich Insurance Company Ltd.; e-Solutions Inc; eSense Incorporated; eTeam, Inc.; i3; iBridge Techsoft LLC; iMedhas Consulting Services; ruchika@arsquaretech.com"
2026-06-29,Agilysys,us,64,56,8,43,3,Buffalo Run Casino & Resort|https://www.adzuna.com/details/5778969699?utm_medium=api&utm_source=b9c24709; Sandpearl Resort|https://www.adzuna.com/details/5777193357?utm_medium=api&utm_source=b9c24709; Snoqualmie Casino & Hotel|https://www.adzuna.com/details/5778587773?utm_medium=api&utm_source=b9c24709,"AZUL Hospitality; Amherst College; Bluewater Casino & Resort; Boar's Head Resort; Buffalo Run Casino & Resort; Coeur d'Alene Casino Resort Hotel; Compass Group, North America; CoralTree Hospitality; Crescent Careers; EOS; Fort Mcdowell Golf Club; Gaming Enterprise; Grand Lake Casino; Hilton Grand Vacations; Jamul; LV Search Partners; Lake Lawn Resort; Link Technologies; Liv Hospitality; Lucky Eagle Casino; Miccosukee Resort & Gaming; Mohawk Casino; Ocean Casino Resort; Ojo Caliente Holdings; Otesaga Hotel.; Photon Group; Pinehurst; Prairie Meadows; Pure Events Lp; Q Casino + Resort; Salamander Palm Beach Employer; Sandpearl Resort; Santa Clara Development Corporation; Shangri-La; Shore Lodge Whitetail; Six Flags; Smoky Mountain Resorts; Snoqualmie Casino & Hotel; Spooky Nook Sports; Squaxin Island Gaming Enterprise; Star Casino; The Boca Raton; Treetops Resort"
2026-06-29,Qualys,us,1000,955,45,341,54,"AIT Global inc.|https://www.adzuna.com/details/5774167919?utm_medium=api&utm_source=b9c24709; AMERICAN SYSTEMS|https://www.adzuna.com/details/5774674564?utm_medium=api&utm_source=b9c24709; ASRC Federal Holding Company|https://www.adzuna.com/details/5777173484?utm_medium=api&utm_source=b9c24709; Amazon|https://www.adzuna.com/details/5775658070?utm_medium=api&utm_source=b9c24709; Anblicks|https://www.adzuna.com/land/ad/5775952616?se=LHc3hZNz8RGe4ZwL0wNS6w&utm_medium=api&utm_source=b9c24709&v=AE1C0B0FDCA2C7771D38EAE4B8A1B33F5F16DA0A; Argo Cyber Systems|https://www.adzuna.com/details/5776620661?utm_medium=api&utm_source=b9c24709; Boulder Jewish Community Center|https://www.adzuna.com/details/5778897179?utm_medium=api&utm_source=b9c24709; Brinqa|https://www.adzuna.com/details/5778604066?utm_medium=api&utm_source=b9c24709; CPG|https://www.adzuna.com/details/5777390469?utm_medium=api&utm_source=b9c24709; City of Minnetonka|https://www.adzuna.com/details/5775982080?utm_medium=api&utm_source=b9c24709; Clarivate|https://www.adzuna.com/details/5762420906?utm_medium=api&utm_source=b9c24709; Client|https://www.adzuna.com/details/5774625466?utm_medium=api&utm_source=b9c24709; Coalition|https://www.adzuna.com/details/5778960563?utm_medium=api&utm_source=b9c24709; EXL|https://www.adzuna.com/details/5759446731?utm_medium=api&utm_source=b9c24709; EagleBank|https://www.adzuna.com/details/5774646949?utm_medium=api&utm_source=b9c24709; Essnova Solutions, Inc.|https://www.adzuna.com/details/5775138411?utm_medium=api&utm_source=b9c24709; First Merchants Brand|https://www.adzuna.com/details/5775992914?utm_medium=api&utm_source=b9c24709; Futuremindz llc|https://www.adzuna.com/land/ad/5773717279?se=zGGAhJNz8RGe4ZwL0wNS6w&utm_medium=api&utm_source=b9c24709&v=2CCA73EA564E3086A5865EE15EFCFD72A20DDF0F; GTT, LLC|https://www.adzuna.com/land/ad/5780366185?se=EGnwh5Nz8RGvAKZmY0FuoQ&utm_medium=api&utm_source=b9c24709&v=E32B8783298508ED5F196A069B3E08309B6A85AB; GoTriangle|https://www.adzuna.com/details/5780072500?utm_medium=api&utm_source=b9c24709; Gunnison Consulting Group|https://www.adzuna.com/details/5778668673?utm_medium=api&utm_source=b9c24709; Hamden Public Schools|https://www.adzuna.com/details/5778684847?utm_medium=api&utm_source=b9c24709; Hiring Our Heroes|https://www.adzuna.com/details/5773868247?utm_medium=api&utm_source=b9c24709; Honeywell Aerospace|https://www.adzuna.com/details/5779700193?utm_medium=api&utm_source=b9c24709; INFT Solutions inc|https://www.adzuna.com/land/ad/5777881390?se=LHc3hZNz8RGe4ZwL0wNS6w&utm_medium=api&utm_source=b9c24709&v=F5A649DC27B6F91FA3A1CDB21AED43C80BB424BD; InfiCare|https://www.adzuna.com/land/ad/5777896742?se=zGGAhJNz8RGe4ZwL0wNS6w&utm_medium=api&utm_source=b9c24709&v=767D1CBD5DEF228B8C2D755041CAF7CB7350BFF0; Intone Networks Inc.|https://www.adzuna.com/land/ad/5778315420?se=LHc3hZNz8RGe4ZwL0wNS6w&utm_medium=api&utm_source=b9c24709&v=C1C2CB20E76807B30277D6C8DD395726C46ED251; Invesco|https://www.adzuna.com/details/5777661791?utm_medium=api&utm_source=b9c24709; Krest Global Solutions|https://www.adzuna.com/land/ad/5780799689?se=LHc3hZNz8RGe4ZwL0wNS6w&utm_medium=api&utm_source=b9c24709&v=A5D64CA8CFD0A1B101F16652EBD36057A85FA53D; MSR Technology Group|https://www.adzuna.com/land/ad/5780044037?se=LHc3hZNz8RGe4ZwL0wNS6w&utm_medium=api&utm_source=b9c24709&v=7B9E3F23EA6E5B877577E419C2C966C41D599B3A; Metropolis|https://www.adzuna.com/details/5777655875?utm_medium=api&utm_source=b9c24709; NBC Universal|https://www.adzuna.com/details/5779740231?utm_medium=api&utm_source=b9c24709; Naughty Dog|https://www.adzuna.com/details/5777405759?utm_medium=api&utm_source=b9c24709; Nordstrom|https://www.adzuna.com/details/5779755154?utm_medium=api&utm_source=b9c24709; NorthMark Strategies|https://www.adzuna.com/details/5777271585?utm_medium=api&utm_source=b9c24709; Orpine.com|https://www.adzuna.com/land/ad/5775502239?se=CCeghpNz8RG03p_b2NRIZw&utm_medium=api&utm_source=b9c24709&v=FC3E4259CB2F8C3562BBE714D38B682884A72FF7; P&G|https://www.adzuna.com/details/5778832825?utm_medium=api&utm_source=b9c24709; Procter & Gamble|https://www.adzuna.com/details/5779616849?utm_medium=api&utm_source=b9c24709; QuEra Computing|https://www.adzuna.com/details/5774306681?utm_medium=api&utm_source=b9c24709; Rangam|https://www.adzuna.com/land/ad/5779217614?se=LHc3hZNz8RGe4ZwL0wNS6w&utm_medium=api&utm_source=b9c24709&v=F2F4066DEAD66CC9BC955F966BA43DC786B936ED; Reading Co-Operative|https://www.adzuna.com/details/5780181454?utm_medium=api&utm_source=b9c24709; St. George Tanaq Corporation|https://www.adzuna.com/details/5768778171?utm_medium=api&utm_source=b9c24709; Starr Insurance|https://www.adzuna.com/details/5763293867?utm_medium=api&utm_source=b9c24709; Sterling Engineering|https://www.adzuna.com/land/ad/5779221613?se=zGGAhJNz8RGe4ZwL0wNS6w&utm_medium=api&utm_source=b9c24709&v=B651E37C3BBFDE8B9EDBC5182546A92428DA6365; Take2 Consulting|https://www.adzuna.com/land/ad/5775103241?se=zGGAhJNz8RGe4ZwL0wNS6w&utm_medium=api&utm_source=b9c24709&v=428D94787286ACA7914FCD02A65C5303C8F30550; Thinkbyte Consulting, Inc.|https://www.adzuna.com/land/ad/5777938887?se=zGGAhJNz8RGe4ZwL0wNS6w&utm_medium=api&utm_source=b9c24709&v=C41864006A24CB3FCAA07E9994B035E2E6D459C5; TriOptus|https://www.adzuna.com/land/ad/5779217290?se=qKRPh5Nz8RGiVqWJe_bADg&utm_medium=api&utm_source=b9c24709&v=9C396A07FEB9D376A1B2003020D9717FD26D7E93; VMC SOFT TECHNOLOGIES INC|https://www.adzuna.com/details/5774172122?utm_medium=api&utm_source=b9c24709; Veritis Group Inc|https://www.adzuna.com/land/ad/5763112792?se=LHc3hZNz8RGe4ZwL0wNS6w&utm_medium=api&utm_source=b9c24709&v=9FFCFC5272F0FEB8ABFC116D69E4268113C0718A; Visionary Innovative Technology Solutions|https://www.adzuna.com/land/ad/5774034058?se=zGGAhJNz8RGe4ZwL0wNS6w&utm_medium=api&utm_source=b9c24709&v=25340156E7437F616F7347F9BDA5A159F5C54B1C; W.W.Williams Company|https://www.adzuna.com/details/5769941037?utm_medium=api&utm_source=b9c24709; WellSky|https://www.adzuna.com/details/5775934054?utm_medium=api&utm_source=b9c24709; Yulista Solutions|https://www.adzuna.com/details/5778942482?utm_medium=api&utm_source=b9c24709; Zoetis|https://www.adzuna.com/details/5776047788?utm_medium=api&utm_source=b9c24709","AECOM; AIT Global inc.; AMERICAN SYSTEMS; ANDREW; ASM Research, An Accenture Federal Services Company; ASRC Federal Holding Company; Accenture; Ahead; Air Apps; Akaasa Technologies; Albano Systems Inc; Aledade; Alief Independent School District; Alkami; Amazon; American Credit Acceptance; American IT Systems; Analog Devices; Anblicks; ApTask Global Workforce; Apex Systems; Applus+ Laboratories; Aretec Open Opportunites; Argo Cyber Systems; Armison Tech; Ascensus; AspenView Technology Partners; Auburn University; BBVA; BCS Supply Chain Search; BDR Solutions; BNY Mellon; BOTG LLC; BP&C; Bank of America; Barnstable Public Schools; Batesville Tool & Die; Beyond SOF; BigBear.ai; Bismarck Public Schools; Booz Allen Hamilton; Boston Public Schools; Boulder Jewish Community Center; Brinqa; Buffalo Run Casino & Resort; CACI; CGI; CGP Maintenance & Construction Services; CIM Group; CINC; CPG; CSI; CYNET SYSTEMS; Calculated Hire; Capital Consultants Management Corporation; Capital One; Carnival Corporation; Carnival Cruise Line; Carrier; Catawba Two Kings Casino; Celonis; Cetera Financial Group; Cherokee Nation Businesses; Christian Care Ministry; Cisive; Citizens; City of Cathedral City; City of Minnetonka; City of Sunnyvale; Clarivate; Client; ClifyX; Cloudflare; Coalfire; Coalition; Cognizant; Commonpoint Queens; Compass Group, North America; Computer Merchant, Ltd., The; Conifer Health Solutions; Connexus Credit Union; Construction Resources; Converge; Core Specialty Insurance Services; Corient; DCM Infotech Limited; DLH; DRW; Datasoft Technologies, Inc.; Deloitte; Delta Dental Of Missouri; Deriva Energy; Description Credo; Dew Softech Inc; Dexter; Dublin City Schools; ECG Management Consultants; EXL; EY; EagleBank; Early Warning Services, LLC; Echelon Risk + Cyber; Educational Service Center of Central Ohio; Elbit America; Electric Mind; Electrosoft; Element Consulting; Elevance Health; Emanuel Medical Ctr; Empire State Realty Trust; Entarian; Enterris Associates; Envelop Group; Epic Charter School; Essential Utilities; Essnova Solutions, Inc.; Evolver; FCC Environmental Services; Falmouth Public Schools; First Key Homes; First Merchants Brand; Florida Department of Financial Services; Forescout Technologies; Fortinet; Freedom Technology Solutions Group; Futuremindz llc; GBOE; GE Vernova; GM Financial; GTT, LLC; Galent; Genentech; Genesis Capital; GoTriangle; Godwins Gatorland; Gotion Inc.; GovCIO; Gowanda Electronics.; Grandview; Graphic Packaging International, LLC; Greenboard; GuidePoint Security; Guidehouse; Gunnison Consulting Group; HP; Hamden Public Schools; Hazelwood School District; Healthcare Outcomes Performance Company; Herron High School; Hexaware Technologies, Inc; Higgins Group, Inc.; Hiring Our Heroes; Holland & Knight; Holtec International; Honeywell Aerospace; INFT Solutions inc; INPO External; INSPYR Solutions; INTECH Process Automation; ISOutsource; Illinois Attorney General; InfiCare; InquisIT; Insight Global; Intone Networks Inc.; Invesco; Investar Bank National As; J5 Consulting; JPMorgan Chase; JPMorganChase; Jane Street; Jbs Usa; JetBlue Airways Corporation; Jorie AI; Jose Merciline; Judge Group, Inc.; K-Tek Resourcing LLC; Kelly Services; Kforce Technology Staffing; Koniag Government Services; Krest Global Solutions; Leading Path Consulting; LexisNexis Risk Solutions; Lightning AI; Liquidity Services; Lockheed Martin; Lucrotec, LLC; Lumen; Lumin Digital; MSR Technology Group; Magnolia Educational & Research Foundation; MasTec Advanced Technologies; Memorial Sloan Kettering Cancer Center; Metropolis; Metropolitan Transportation Authority; MiQ Digital USA; Milbank LLP; Mitsubishi UFJ Financial Group; Motion Recruitment Partners, LLC; Muleshoe ISD; My3Tech; NBC Universal; NEW TREW Site; NICE; NRI Staffing; NTT America, Inc.; Nanite; Naughty Dog; Netrio; New York Life Insurance Co; NewVison; Newrez; Nlets; Nordstrom; NorthMark Strategies; Northern Light; Office Depot; Ogden City Corporation; Okta; Old National Bank; Omnicell; Openkyber; Operation Breakthrough; Orpine.com; Oxenham Group; P&G; P3S Capital Holdings; PACE Southeast Michigan; PTR Global; Partnership HealthPlan of California; Persistent Systems; Pitney Bowes; Point72; PowerPlan, Inc; Princeton Independent School District; ProArch; Procter & Gamble; Prudential Financial; QuEra Computing; QualiTech; Qualis; Quest Diagnostics; RELX INC; Radiant Systems Inc; Rangam; Reading Co-Operative; Redapt; Redesign; Renu Energy Solutions; Resolutions Hospice Austin; Restaurant Brands International; Rhodian Group; Rishabh Software Pvt. Ltd; Roadie; Roane County Schools; S3; SAIC; SCOUT Solutions; STIGroup; Safelite; Saint Xavier University; Salt Lake Community College; Samsung SDS America; Sandhills Community College; Selene Diligence; Sentara Hospitals; Sherpa 6; Siemens; Siritech Solutions Corp; Solana Technology; Solventum; Southern Utah University; Spring Grove Area School District; Springs Fabrication Master; St. George Tanaq Corporation; Standard Meat; Stanford University; Starr Insurance; State of Florida; State of Ohio; Sterling Engineering; Stillwater Sciences; StratEdge It consulting INC; Sunshine Enterprise USA; Superior Support Resources; SysLogic, Inc.; System One; T. Rowe Price; TEKsystems; Take-Two Interactive Software; Take2 Consulting; Techno-Comp, Inc.; Techximius; Tenet North Cal; TestPros; The Giant Bullseye; The Jeffcoat Firm Injury & Accident Lawyers PA; The OCC; The ODP Group, LLC; The Timberline Group; The Vanguard Group; Thinkbyte Consulting, Inc.; Three Rivers/Josephine County Sd; Trailboss Enterprises; TransCore; TrellisWare Technologies; TriOptus; Triton Systems, Inc.; Truist; Two Six Technologies; Two95 International Inc.; Tyto Athene; UO HR Website; University of Miami; University of Rochester; VMC SOFT TECHNOLOGIES INC; VTekis Consulting LLP; Vantage Recruiting; Velera Solutions; Veritis Group Inc; Versiti; Virtru; Visionary Innovative Technology Solutions; Vitaver & Associates; Vultr; W.W.Williams Company; WellSky; West Advanced Technologies, Inc.; Western Alliance Bank; WorkInCryptoGlobal; Workforce1; Worldpay; Yondr Group; Yulista Solutions; Zaden Technologies, Inc.; Zermount, Inc; Zion's Way Home Health and Hospice; Zoetis; i360technologies; mSupply; restor3d"
